"File","SZS","ExitCode","Seconds"
"C:\TPTP\TPTP-v9.3.1\Problems\AGT\AGT028^2.p","Theorem","0","0.27"
"C:\TPTP\TPTP-v9.3.1\Problems\AGT\AGT028^1.p","Theorem","0","0.3"
"C:\TPTP\TPTP-v9.3.1\Problems\AGT\AGT035^1.p","Theorem","0","0.34"
"C:\TPTP\TPTP-v9.3.1\Problems\AGT\AGT036^1.p","Theorem","0","0.36"
"C:\TPTP\TPTP-v9.3.1\Problems\AGT\AGT037^1.p","Theorem","0","0.36"
"C:\TPTP\TPTP-v9.3.1\Problems\AGT\AGT037^2.p","Theorem","0","2.82"
"C:\TPTP\TPTP-v9.3.1\Problems\AGT\AGT027^2.p","Timeout","0","10.21"
"C:\TPTP\TPTP-v9.3.1\Problems\AGT\AGT039^1.p","Theorem","0","5.48"
"C:\TPTP\TPTP-v9.3.1\Problems\AGT\AGT038^1.p","Theorem","0","5.47"
"C:\TPTP\TPTP-v9.3.1\Problems\AGT\AGT029^1.p","Timeout","0","10.23"
"C:\TPTP\TPTP-v9.3.1\Problems\AGT\AGT041^1.p","Theorem","0","5.5"
"C:\TPTP\TPTP-v9.3.1\Problems\AGT\AGT027^1.p","Timeout","0","10.25"
"C:\TPTP\TPTP-v9.3.1\Problems\AGT\AGT030^1.p","Timeout","0","10.24"
"C:\TPTP\TPTP-v9.3.1\Problems\ALG\ALG247^2.p","GaveUp","0","5.41"
"C:\TPTP\TPTP-v9.3.1\Problems\AGT\AGT031^2.p","Timeout","0","10.3"
"C:\TPTP\TPTP-v9.3.1\Problems\ALG\ALG001^5.p","Theorem","0","5.54"
"C:\TPTP\TPTP-v9.3.1\Problems\ALG\ALG248^3.p","Theorem","0","5.25"
"C:\TPTP\TPTP-v9.3.1\Problems\AGT\AGT040^1.p","Theorem","0","5.6"
"C:\TPTP\TPTP-v9.3.1\Problems\ALG\ALG249^3.p","Theorem","0","5.1"
"C:\TPTP\TPTP-v9.3.1\Problems\AGT\AGT032^2.p","Timeout","0","10.31"
"C:\TPTP\TPTP-v9.3.1\Problems\ALG\ALG250^3.p","Theorem","0","0.17"
"C:\TPTP\TPTP-v9.3.1\Problems\AGT\AGT031^1.p","Timeout","0","10.38"
"C:\TPTP\TPTP-v9.3.1\Problems\ALG\ALG020^7.p","Timeout","0","10.09"
"C:\TPTP\TPTP-v9.3.1\Problems\AGT\AGT032^1.p","Timeout","0","10.39"
"C:\TPTP\TPTP-v9.3.1\Problems\AGT\AGT033^2.p","Timeout","0","10.33"
"C:\TPTP\TPTP-v9.3.1\Problems\ALG\ALG251^2.p","Theorem","0","0.19"
"C:\TPTP\TPTP-v9.3.1\Problems\AGT\AGT034^2.p","Timeout","0","10.3"
"C:\TPTP\TPTP-v9.3.1\Problems\AGT\AGT034^1.p","Timeout","0","10.35"
"C:\TPTP\TPTP-v9.3.1\Problems\AGT\AGT035^2.p","Timeout","0","10.32"
"C:\TPTP\TPTP-v9.3.1\Problems\AGT\AGT033^1.p","Timeout","0","10.39"
"C:\TPTP\TPTP-v9.3.1\Problems\ALG\ALG254^1.p","Theorem","0","0.16"
"C:\TPTP\TPTP-v9.3.1\Problems\ALG\ALG254^2.p","Theorem","0","0.14"
"C:\TPTP\TPTP-v9.3.1\Problems\ALG\ALG023^7.p","Timeout","0","10.16"
"C:\TPTP\TPTP-v9.3.1\Problems\ALG\ALG255^1.p","Theorem","0","0.15"
"C:\TPTP\TPTP-v9.3.1\Problems\ALG\ALG256^1.p","Theorem","0","0.17"
"C:\TPTP\TPTP-v9.3.1\Problems\ALG\ALG256^2.p","Theorem","0","0.17"
"C:\TPTP\TPTP-v9.3.1\Problems\ALG\ALG257^2.p","Theorem","0","0.16"
"C:\TPTP\TPTP-v9.3.1\Problems\ALG\ALG257^1.p","Theorem","0","0.19"
"C:\TPTP\TPTP-v9.3.1\Problems\ALG\ALG259^1.p","Theorem","0","0.18"
"C:\TPTP\TPTP-v9.3.1\Problems\ALG\ALG248^2.p","Timeout","0","10.09"
"C:\TPTP\TPTP-v9.3.1\Problems\ALG\ALG259^2.p","Theorem","0","0.2"
"C:\TPTP\TPTP-v9.3.1\Problems\ALG\ALG260^1.p","Theorem","0","0.21"
"C:\TPTP\TPTP-v9.3.1\Problems\ALG\ALG260^2.p","Theorem","0","0.21"
"C:\TPTP\TPTP-v9.3.1\Problems\ALG\ALG248^1.p","Timeout","0","10.17"
"C:\TPTP\TPTP-v9.3.1\Problems\ALG\ALG261^1.p","Theorem","0","0.22"
"C:\TPTP\TPTP-v9.3.1\Problems\ALG\ALG261^2.p","Theorem","0","0.2"
"C:\TPTP\TPTP-v9.3.1\Problems\ALG\ALG017^7.p","Timeout","0","10.4"
"C:\TPTP\TPTP-v9.3.1\Problems\ALG\ALG262^2.p","GaveUp","0","0.21"
"C:\TPTP\TPTP-v9.3.1\Problems\ALG\ALG021^7.p","Timeout","0","10.39"
"C:\TPTP\TPTP-v9.3.1\Problems\ALG\ALG263^1.p","Theorem","0","0.21"
"C:\TPTP\TPTP-v9.3.1\Problems\ALG\ALG014^7.p","Timeout","0","10.5"
"C:\TPTP\TPTP-v9.3.1\Problems\ALG\ALG263^3.p","Theorem","0","0.21"
"C:\TPTP\TPTP-v9.3.1\Problems\ALG\ALG016^7.p","Timeout","0","10.45"
"C:\TPTP\TPTP-v9.3.1\Problems\ALG\ALG018^7.p","Timeout","0","10.41"
"C:\TPTP\TPTP-v9.3.1\Problems\ALG\ALG022^7.p","Timeout","0","10.41"
"C:\TPTP\TPTP-v9.3.1\Problems\ALG\ALG015^7.p","Timeout","0","10.49"
"C:\TPTP\TPTP-v9.3.1\Problems\ALG\ALG266^2.p","GaveUp","0","0.2"
"C:\TPTP\TPTP-v9.3.1\Problems\ALG\ALG265^2.p","GaveUp","0","0.23"
"C:\TPTP\TPTP-v9.3.1\Problems\ALG\ALG268^2.p","GaveUp","0","0.21"
"C:\TPTP\TPTP-v9.3.1\Problems\ALG\ALG268^4.p","GaveUp","0","0.21"
"C:\TPTP\TPTP-v9.3.1\Problems\ALG\ALG270^5.p","Theorem","0","5.19"
"C:\TPTP\TPTP-v9.3.1\Problems\ALG\ALG253^1.p","Timeout","0","10.16"
"C:\TPTP\TPTP-v9.3.1\Problems\ALG\ALG251^1.p","Timeout","0","10.21"
"C:\TPTP\TPTP-v9.3.1\Problems\ALG\ALG252^1.p","Timeout","0","10.19"
"C:\TPTP\TPTP-v9.3.1\Problems\ALG\ALG253^2.p","Timeout","0","10.14"
"C:\TPTP\TPTP-v9.3.1\Problems\ALG\ALG252^2.p","Timeout","0","10.24"
"C:\TPTP\TPTP-v9.3.1\Problems\ALG\ALG251^3.p","Timeout","0","10.26"
"C:\TPTP\TPTP-v9.3.1\Problems\ALG\ALG258^1.p","Timeout","0","10.14"
"C:\TPTP\TPTP-v9.3.1\Problems\ALG\ALG258^2.p","Timeout","0","10.14"
"C:\TPTP\TPTP-v9.3.1\Problems\ALG\ALG275^5.p","GaveUp","0","5.26"
"C:\TPTP\TPTP-v9.3.1\Problems\ALG\ALG277^5.p","Theorem","0","5.29"
"C:\TPTP\TPTP-v9.3.1\Problems\ALG\ALG279^5.p","Theorem","0","5.22"
"C:\TPTP\TPTP-v9.3.1\Problems\ALG\ALG264^1.p","Timeout","0","10.2"
"C:\TPTP\TPTP-v9.3.1\Problems\ALG\ALG264^3.p","Timeout","0","10.21"
"C:\TPTP\TPTP-v9.3.1\Problems\ALG\ALG267^2.p","Timeout","0","10.15"
"C:\TPTP\TPTP-v9.3.1\Problems\ALG\ALG267^1.p","Timeout","0","10.2"
"C:\TPTP\TPTP-v9.3.1\Problems\ALG\ALG266^1.p","Timeout","0","10.24"
"C:\TPTP\TPTP-v9.3.1\Problems\ALG\ALG286^5.p","Theorem","0","0.32"
"C:\TPTP\TPTP-v9.3.1\Problems\ALG\ALG287^5.p","Theorem","0","0.32"
"C:\TPTP\TPTP-v9.3.1\Problems\ALG\ALG268^1.p","Timeout","0","10.23"
"C:\TPTP\TPTP-v9.3.1\Problems\ALG\ALG269^2.p","Timeout","0","10.17"
"C:\TPTP\TPTP-v9.3.1\Problems\ALG\ALG268^5.p","Timeout","0","10.23"
"C:\TPTP\TPTP-v9.3.1\Problems\ALG\ALG269^3.p","Timeout","0","10.2"
"C:\TPTP\TPTP-v9.3.1\Problems\ALG\ALG269^1.p","Timeout","0","10.22"
"C:\TPTP\TPTP-v9.3.1\Problems\ALG\ALG269^4.p","Timeout","0","10.21"
"C:\TPTP\TPTP-v9.3.1\Problems\ALG\ALG268^3.p","Timeout","0","10.3"
"C:\TPTP\TPTP-v9.3.1\Problems\ALG\ALG274^5.p","Timeout","0","10.22"
"C:\TPTP\TPTP-v9.3.1\Problems\ALG\ALG273^5.p","Timeout","0","10.25"
"C:\TPTP\TPTP-v9.3.1\Problems\ALG\ALG271^5.p","Timeout","0","10.26"
"C:\TPTP\TPTP-v9.3.1\Problems\ALG\ALG276^5.p","Timeout","0","10.24"
"C:\TPTP\TPTP-v9.3.1\Problems\ALG\ALG272^5.p","Timeout","0","10.28"
"C:\TPTP\TPTP-v9.3.1\Problems\ALG\ALG268^6.p","Timeout","0","10.33"
"C:\TPTP\TPTP-v9.3.1\Problems\ALG\ALG278^5.p","Timeout","0","10.23"
"C:\TPTP\TPTP-v9.3.1\Problems\ALG\ALG444^1.p","Satisfiable","0","0.21"
"C:\TPTP\TPTP-v9.3.1\Problems\ALG\ALG280^5.p","Timeout","0","10.28"
"C:\TPTP\TPTP-v9.3.1\Problems\ALG\ALG290^5.p","Theorem","0","0.69"
"C:\TPTP\TPTP-v9.3.1\Problems\ANA\ANA046^1.p","Theorem","0","1.43"
"C:\TPTP\TPTP-v9.3.1\Problems\ANA\ANA050^1.p","Theorem","0","1.35"
"C:\TPTP\TPTP-v9.3.1\Problems\ANA\ANA047^1.p","Theorem","0","1.39"
"C:\TPTP\TPTP-v9.3.1\Problems\ANA\ANA049^1.p","Theorem","0","1.37"
"C:\TPTP\TPTP-v9.3.1\Problems\ANA\ANA051^1.p","Theorem","0","1.36"
"C:\TPTP\TPTP-v9.3.1\Problems\ANA\ANA048^1.p","Theorem","0","1.44"
"C:\TPTP\TPTP-v9.3.1\Problems\ANA\ANA054^1.p","Theorem","0","1.55"
"C:\TPTP\TPTP-v9.3.1\Problems\ANA\ANA058^1.p","Theorem","0","1.52"
"C:\TPTP\TPTP-v9.3.1\Problems\ANA\ANA055^1.p","Theorem","0","1.54"
"C:\TPTP\TPTP-v9.3.1\Problems\ANA\ANA057^1.p","Theorem","0","1.52"
"C:\TPTP\TPTP-v9.3.1\Problems\ANA\ANA056^1.p","Theorem","0","1.52"
"C:\TPTP\TPTP-v9.3.1\Problems\ANA\ANA052^1.p","Theorem","0","1.58"
"C:\TPTP\TPTP-v9.3.1\Problems\ANA\ANA060^1.p","Theorem","0","1.53"
"C:\TPTP\TPTP-v9.3.1\Problems\ANA\ANA059^1.p","Theorem","0","1.59"
"C:\TPTP\TPTP-v9.3.1\Problems\ANA\ANA061^1.p","Theorem","0","1.52"
"C:\TPTP\TPTP-v9.3.1\Problems\ANA\ANA062^1.p","Theorem","0","1.3"
"C:\TPTP\TPTP-v9.3.1\Problems\ANA\ANA063^1.p","Theorem","0","1.2"
"C:\TPTP\TPTP-v9.3.1\Problems\ANA\ANA065^1.p","Theorem","0","1.17"
"C:\TPTP\TPTP-v9.3.1\Problems\ANA\ANA053^1.p","Theorem","0","2.55"
"C:\TPTP\TPTP-v9.3.1\Problems\ANA\ANA064^1.p","Theorem","0","1.18"
"C:\TPTP\TPTP-v9.3.1\Problems\ANA\ANA068^1.p","Theorem","0","1.19"
"C:\TPTP\TPTP-v9.3.1\Problems\ANA\ANA067^1.p","Theorem","0","1.2"
"C:\TPTP\TPTP-v9.3.1\Problems\ANA\ANA071^1.p","Theorem","0","1.02"
"C:\TPTP\TPTP-v9.3.1\Problems\ANA\ANA072^1.p","Theorem","0","1.02"
"C:\TPTP\TPTP-v9.3.1\Problems\ANA\ANA069^1.p","Theorem","0","1.03"
"C:\TPTP\TPTP-v9.3.1\Problems\ANA\ANA070^1.p","Theorem","0","1.03"
"C:\TPTP\TPTP-v9.3.1\Problems\ANA\ANA066^1.p","Theorem","0","1.21"
"C:\TPTP\TPTP-v9.3.1\Problems\ANA\ANA074^1.p","Theorem","0","1.57"
"C:\TPTP\TPTP-v9.3.1\Problems\ANA\ANA077^1.p","Theorem","0","4.96"
"C:\TPTP\TPTP-v9.3.1\Problems\ANA\ANA078^1.p","GaveUp","0","4.96"
"C:\TPTP\TPTP-v9.3.1\Problems\ANA\ANA079^1.p","Theorem","0","4.15"
"C:\TPTP\TPTP-v9.3.1\Problems\ANA\ANA083^1.p","Theorem","0","5.07"
"C:\TPTP\TPTP-v9.3.1\Problems\ANA\ANA082^1.p","Theorem","0","5.08"
"C:\TPTP\TPTP-v9.3.1\Problems\ANA\ANA084^1.p","Theorem","0","5.08"
"C:\TPTP\TPTP-v9.3.1\Problems\ANA\ANA081^1.p","Theorem","0","5.09"
"C:\TPTP\TPTP-v9.3.1\Problems\ANA\ANA087^1.p","Theorem","0","5.12"
"C:\TPTP\TPTP-v9.3.1\Problems\ANA\ANA086^1.p","Theorem","0","5.09"
"C:\TPTP\TPTP-v9.3.1\Problems\ANA\ANA085^1.p","GaveUp","0","5.4"
"C:\TPTP\TPTP-v9.3.1\Problems\ANA\ANA089^1.p","Theorem","0","5.16"
"C:\TPTP\TPTP-v9.3.1\Problems\ANA\ANA091^1.p","Theorem","0","2.87"
"C:\TPTP\TPTP-v9.3.1\Problems\ANA\ANA092^1.p","Theorem","0","2.86"
"C:\TPTP\TPTP-v9.3.1\Problems\ANA\ANA095^1.p","Theorem","0","1.38"
"C:\TPTP\TPTP-v9.3.1\Problems\ANA\ANA096^1.p","Theorem","0","1.38"
"C:\TPTP\TPTP-v9.3.1\Problems\ANA\ANA097^1.p","Theorem","0","1.35"
"C:\TPTP\TPTP-v9.3.1\Problems\ANA\ANA098^1.p","GaveUp","0","1.35"
"C:\TPTP\TPTP-v9.3.1\Problems\ALG\ALG281^5.p","Timeout","0","10.2"
"C:\TPTP\TPTP-v9.3.1\Problems\ANA\ANA102^1.p","Theorem","0","0.12"
"C:\TPTP\TPTP-v9.3.1\Problems\ALG\ALG288^5.p","Timeout","0","10.13"
"C:\TPTP\TPTP-v9.3.1\Problems\ALG\ALG289^5.p","Timeout","0","10.14"
"C:\TPTP\TPTP-v9.3.1\Problems\ALG\ALG284^5.p","Timeout","0","10.25"
"C:\TPTP\TPTP-v9.3.1\Problems\ANA\ANA103^1.p","GaveUp","0","0.16"
"C:\TPTP\TPTP-v9.3.1\Problems\ALG\ALG283^5.p","Timeout","0","10.29"
"C:\TPTP\TPTP-v9.3.1\Problems\ALG\ALG282^5.p","Timeout","0","10.3"
"C:\TPTP\TPTP-v9.3.1\Problems\ALG\ALG291^5.p","Timeout","0","10.06"
"C:\TPTP\TPTP-v9.3.1\Problems\ALG\ALG285^5.p","Timeout","0","10.26"
"C:\TPTP\TPTP-v9.3.1\Problems\ALG\ALG292^5.p","Timeout","0","10.06"
"C:\TPTP\TPTP-v9.3.1\Problems\ANA\ANA107^1.p","Theorem","0","0.17"
"C:\TPTP\TPTP-v9.3.1\Problems\ANA\ANA108^1.p","Theorem","0","0.17"
"C:\TPTP\TPTP-v9.3.1\Problems\ANA\ANA109^1.p","Theorem","0","0.12"
"C:\TPTP\TPTP-v9.3.1\Problems\ALG\ALG294^5.p","Timeout","0","10.07"
"C:\TPTP\TPTP-v9.3.1\Problems\ANA\ANA111^1.p","GaveUp","0","0.13"
"C:\TPTP\TPTP-v9.3.1\Problems\ALG\ALG296^5.p","Timeout","0","10.07"
"C:\TPTP\TPTP-v9.3.1\Problems\ALG\ALG293^5.p","Timeout","0","10.1"
"C:\TPTP\TPTP-v9.3.1\Problems\ANA\ANA115^1.p","Theorem","0","0.11"
"C:\TPTP\TPTP-v9.3.1\Problems\ANA\ANA100^1.p","Theorem","0","1.63"
"C:\TPTP\TPTP-v9.3.1\Problems\ALG\ALG297^5.p","Timeout","0","10.06"
"C:\TPTP\TPTP-v9.3.1\Problems\ALG\ALG298^5.p","Timeout","0","10.08"
"C:\TPTP\TPTP-v9.3.1\Problems\ALG\ALG295^5.p","Timeout","0","10.2"
"C:\TPTP\TPTP-v9.3.1\Problems\ANA\ANA099^1.p","Theorem","0","1.81"
"C:\TPTP\TPTP-v9.3.1\Problems\ANA\ANA119^1.p","Theorem","0","0.24"
"C:\TPTP\TPTP-v9.3.1\Problems\ANA\ANA105^1.p","Theorem","0","0.45"
"C:\TPTP\TPTP-v9.3.1\Problems\ANA\ANA106^1.p","Theorem","0","0.45"
"C:\TPTP\TPTP-v9.3.1\Problems\ANA\ANA123^1.p","GaveUp","0","1.79"
"C:\TPTP\TPTP-v9.3.1\Problems\ANA\ANA073^1.p","Timeout","0","10.1"
"C:\TPTP\TPTP-v9.3.1\Problems\ANA\ANA076^1.p","Timeout","0","10.07"
"C:\TPTP\TPTP-v9.3.1\Problems\ANA\ANA075^1.p","Timeout","0","10.13"
"C:\TPTP\TPTP-v9.3.1\Problems\ANA\ANA113^1.p","Theorem","0","2.18"
"C:\TPTP\TPTP-v9.3.1\Problems\ANA\ANA128^1.p","GaveUp","0","2.68"
"C:\TPTP\TPTP-v9.3.1\Problems\ANA\ANA080^1.p","Timeout","0","10.04"
"C:\TPTP\TPTP-v9.3.1\Problems\ANA\ANA088^1.p","Timeout","0","10.09"
"C:\TPTP\TPTP-v9.3.1\Problems\ANA\ANA125^1.p","Theorem","0","3.06"
"C:\TPTP\TPTP-v9.3.1\Problems\ANA\ANA090^1.p","Timeout","0","10.04"
"C:\TPTP\TPTP-v9.3.1\Problems\ANA\ANA093^1.p","Timeout","0","10.13"
"C:\TPTP\TPTP-v9.3.1\Problems\ANA\ANA094^1.p","Timeout","0","10.04"
"C:\TPTP\TPTP-v9.3.1\Problems\CAT\CAT039^1.p","GaveUp","0","5.11"
"C:\TPTP\TPTP-v9.3.1\Problems\CAT\CAT041^1.p","GaveUp","0","5.08"
"C:\TPTP\TPTP-v9.3.1\Problems\CAT\CAT042^1.p","GaveUp","0","5.17"
"C:\TPTP\TPTP-v9.3.1\Problems\CAT\CAT040^1.p","GaveUp","0","5.09"
"C:\TPTP\TPTP-v9.3.1\Problems\CAT\CAT043^1.p","GaveUp","0","5.08"
"C:\TPTP\TPTP-v9.3.1\Problems\CAT\CAT038^2.p","GaveUp","0","8.37"
"C:\TPTP\TPTP-v9.3.1\Problems\CAT\CAT038^1.p","GaveUp","0","8.53"
"C:\TPTP\TPTP-v9.3.1\Problems\COM\COM024^5.p","GaveUp","0","5.13"
"C:\TPTP\TPTP-v9.3.1\Problems\ANA\ANA126^1.p","Theorem","0","9.09"
"C:\TPTP\TPTP-v9.3.1\Problems\ANA\ANA101^1.p","Timeout","0","10.06"
"C:\TPTP\TPTP-v9.3.1\Problems\ANA\ANA104^1.p","Timeout","0","10.05"
"C:\TPTP\TPTP-v9.3.1\Problems\ANA\ANA110^1.p","Timeout","0","10.07"
"C:\TPTP\TPTP-v9.3.1\Problems\COM\COM156^1.p","Theorem","0","1.31"
"C:\TPTP\TPTP-v9.3.1\Problems\ANA\ANA112^1.p","Timeout","0","10.08"
"C:\TPTP\TPTP-v9.3.1\Problems\ANA\ANA114^1.p","Timeout","0","10.07"
"C:\TPTP\TPTP-v9.3.1\Problems\ANA\ANA116^1.p","Timeout","0","10.06"
"C:\TPTP\TPTP-v9.3.1\Problems\COM\COM160^1.p","Theorem","0","1.38"
"C:\TPTP\TPTP-v9.3.1\Problems\COM\COM161^1.p","Theorem","0","1.38"
"C:\TPTP\TPTP-v9.3.1\Problems\ANA\ANA117^1.p","Timeout","0","10.08"
"C:\TPTP\TPTP-v9.3.1\Problems\COM\COM165^1.p","Theorem","0","0.29"
"C:\TPTP\TPTP-v9.3.1\Problems\COM\COM163^1.p","Theorem","0","0.93"
"C:\TPTP\TPTP-v9.3.1\Problems\ANA\ANA122^1.p","Timeout","0","10.06"
"C:\TPTP\TPTP-v9.3.1\Problems\ANA\ANA120^1.p","Timeout","0","10.11"
"C:\TPTP\TPTP-v9.3.1\Problems\ANA\ANA121^1.p","Timeout","0","10.11"
"C:\TPTP\TPTP-v9.3.1\Problems\ANA\ANA118^1.p","Timeout","0","10.16"
"C:\TPTP\TPTP-v9.3.1\Problems\ANA\ANA124^1.p","Timeout","0","10.1"
"C:\TPTP\TPTP-v9.3.1\Problems\ANA\ANA127^1.p","Timeout","0","10.13"
"C:\TPTP\TPTP-v9.3.1\Problems\ANA\ANA129^1.p","Timeout","0","10.07"
"C:\TPTP\TPTP-v9.3.1\Problems\ANA\ANA130^1.p","Timeout","0","10.06"
"C:\TPTP\TPTP-v9.3.1\Problems\ANA\ANA131^1.p","Timeout","0","10.05"
"C:\TPTP\TPTP-v9.3.1\Problems\ANA\ANA132^1.p","Timeout","0","10.07"
"C:\TPTP\TPTP-v9.3.1\Problems\COM\COM172^1.p","Theorem","0","0.63"
"C:\TPTP\TPTP-v9.3.1\Problems\COL\COL125^1.p","Timeout","0","10.06"
"C:\TPTP\TPTP-v9.3.1\Problems\COL\COL126^1.p","Timeout","0","10.08"
"C:\TPTP\TPTP-v9.3.1\Problems\COM\COM178^1.p","Theorem","0","3.02"
"C:\TPTP\TPTP-v9.3.1\Problems\COM\COM179^1.p","Theorem","0","3.02"
"C:\TPTP\TPTP-v9.3.1\Problems\COM\COM152^1.p","Timeout","0","10.04"
"C:\TPTP\TPTP-v9.3.1\Problems\COM\COM153^1.p","Timeout","0","10.17"
"C:\TPTP\TPTP-v9.3.1\Problems\COM\COM182^1.p","Theorem","0","4.47"
"C:\TPTP\TPTP-v9.3.1\Problems\COM\COM184^1.p","Theorem","0","4.4"
"C:\TPTP\TPTP-v9.3.1\Problems\COM\COM183^1.p","Theorem","0","4.46"
"C:\TPTP\TPTP-v9.3.1\Problems\COM\COM162^1.p","Theorem","0","5.88"
"C:\TPTP\TPTP-v9.3.1\Problems\COM\COM154^1.p","Timeout","0","10.09"
"C:\TPTP\TPTP-v9.3.1\Problems\COM\COM155^1.p","Timeout","0","10.18"
"C:\TPTP\TPTP-v9.3.1\Problems\COM\COM190^1.p","Theorem","0","5.09"
"C:\TPTP\TPTP-v9.3.1\Problems\COM\COM158^1.p","Timeout","0","10.12"
"C:\TPTP\TPTP-v9.3.1\Problems\COM\COM159^1.p","Timeout","0","10.13"
"C:\TPTP\TPTP-v9.3.1\Problems\COM\COM157^1.p","Timeout","0","10.15"
"C:\TPTP\TPTP-v9.3.1\Problems\COM\COM164^1.p","Timeout","0","10.12"
"C:\TPTP\TPTP-v9.3.1\Problems\COM\COM166^1.p","Timeout","0","10.07"
"C:\TPTP\TPTP-v9.3.1\Problems\COM\COM194^1.p","Theorem","0","5.31"
"C:\TPTP\TPTP-v9.3.1\Problems\COM\COM195^1.p","Theorem","0","5.11"
"C:\TPTP\TPTP-v9.3.1\Problems\COM\COM167^1.p","Timeout","0","10.08"
"C:\TPTP\TPTP-v9.3.1\Problems\COM\COM168^1.p","Timeout","0","10.1"
"C:\TPTP\TPTP-v9.3.1\Problems\COM\COM169^1.p","Timeout","0","10.09"
"C:\TPTP\TPTP-v9.3.1\Problems\COM\COM171^1.p","Timeout","0","10.09"
"C:\TPTP\TPTP-v9.3.1\Problems\COM\COM170^1.p","Timeout","0","10.13"
"C:\TPTP\TPTP-v9.3.1\Problems\COM\COM203^1.p","Theorem","0","1.35"
"C:\TPTP\TPTP-v9.3.1\Problems\COM\COM174^1.p","Timeout","0","10.11"
"C:\TPTP\TPTP-v9.3.1\Problems\COM\COM173^1.p","Timeout","0","10.13"
"C:\TPTP\TPTP-v9.3.1\Problems\COM\COM177^1.p","Timeout","0","10.09"
"C:\TPTP\TPTP-v9.3.1\Problems\COM\COM176^1.p","Timeout","0","10.13"
"C:\TPTP\TPTP-v9.3.1\Problems\COM\COM180^1.p","Timeout","0","10.16"
"C:\TPTP\TPTP-v9.3.1\Problems\COM\COM175^1.p","Timeout","0","10.2"
"C:\TPTP\TPTP-v9.3.1\Problems\COM\COM181^1.p","Timeout","0","10.18"
"C:\TPTP\TPTP-v9.3.1\Problems\COM\COM205^1.p","Theorem","0","0.42"
"C:\TPTP\TPTP-v9.3.1\Problems\COM\COM185^1.p","Timeout","0","10.1"
"C:\TPTP\TPTP-v9.3.1\Problems\COM\COM186^1.p","Timeout","0","10.13"
"C:\TPTP\TPTP-v9.3.1\Problems\CSR\CSR119^1.p","Theorem","0","0.61"
"C:\TPTP\TPTP-v9.3.1\Problems\CSR\CSR119^2.p","Theorem","0","0.59"
"C:\TPTP\TPTP-v9.3.1\Problems\COM\COM187^1.p","Timeout","0","10.12"
"C:\TPTP\TPTP-v9.3.1\Problems\CSR\CSR120^1.p","Theorem","0","0.67"
"C:\TPTP\TPTP-v9.3.1\Problems\CSR\CSR120^2.p","Theorem","0","0.66"
"C:\TPTP\TPTP-v9.3.1\Problems\COM\COM208^1.p","Theorem","0","0.85"
"C:\TPTP\TPTP-v9.3.1\Problems\CSR\CSR121^1.p","Theorem","0","0.71"
"C:\TPTP\TPTP-v9.3.1\Problems\CSR\CSR124^2.p","Theorem","0","0.28"
"C:\TPTP\TPTP-v9.3.1\Problems\CSR\CSR122^1.p","Theorem","0","0.71"
"C:\TPTP\TPTP-v9.3.1\Problems\CSR\CSR122^2.p","Theorem","0","0.68"
"C:\TPTP\TPTP-v9.3.1\Problems\CSR\CSR126^2.p","Theorem","0","0.14"
"C:\TPTP\TPTP-v9.3.1\Problems\CSR\CSR123^1.p","Theorem","0","0.63"
"C:\TPTP\TPTP-v9.3.1\Problems\CSR\CSR126^1.p","Theorem","0","0.15"
"C:\TPTP\TPTP-v9.3.1\Problems\CSR\CSR124^1.p","Theorem","0","0.28"
"C:\TPTP\TPTP-v9.3.1\Problems\CSR\CSR125^1.p","Theorem","0","0.21"
"C:\TPTP\TPTP-v9.3.1\Problems\CSR\CSR123^2.p","Theorem","0","0.6"
"C:\TPTP\TPTP-v9.3.1\Problems\CSR\CSR125^2.p","Theorem","0","0.15"
"C:\TPTP\TPTP-v9.3.1\Problems\CSR\CSR121^2.p","Theorem","0","0.71"
"C:\TPTP\TPTP-v9.3.1\Problems\COM\COM206^1.p","Theorem","0","1.05"
"C:\TPTP\TPTP-v9.3.1\Problems\COM\COM209^1.p","Theorem","0","1.02"
"C:\TPTP\TPTP-v9.3.1\Problems\CSR\CSR127^1.p","Theorem","0","0.06"
"C:\TPTP\TPTP-v9.3.1\Problems\CSR\CSR128^1.p","Theorem","0","0.1"
"C:\TPTP\TPTP-v9.3.1\Problems\CSR\CSR127^2.p","Theorem","0","0.11"
"C:\TPTP\TPTP-v9.3.1\Problems\CSR\CSR129^1.p","Theorem","0","0.12"
"C:\TPTP\TPTP-v9.3.1\Problems\CSR\CSR129^2.p","Theorem","0","0.13"
"C:\TPTP\TPTP-v9.3.1\Problems\CSR\CSR128^2.p","Theorem","0","0.14"
"C:\TPTP\TPTP-v9.3.1\Problems\CSR\CSR130^1.p","Theorem","0","0.14"
"C:\TPTP\TPTP-v9.3.1\Problems\CSR\CSR130^2.p","Theorem","0","0.15"
"C:\TPTP\TPTP-v9.3.1\Problems\CSR\CSR131^1.p","Theorem","0","0.14"
"C:\TPTP\TPTP-v9.3.1\Problems\CSR\CSR131^2.p","Theorem","0","0.15"
"C:\TPTP\TPTP-v9.3.1\Problems\CSR\CSR132^1.p","Theorem","0","0.16"
"C:\TPTP\TPTP-v9.3.1\Problems\CSR\CSR133^1.p","GaveUp","0","0.17"
"C:\TPTP\TPTP-v9.3.1\Problems\CSR\CSR134^1.p","Theorem","0","0.28"
"C:\TPTP\TPTP-v9.3.1\Problems\CSR\CSR132^2.p","Theorem","0","0.29"
"C:\TPTP\TPTP-v9.3.1\Problems\CSR\CSR136^1.p","Theorem","0","0.63"
"C:\TPTP\TPTP-v9.3.1\Problems\CSR\CSR134^2.p","Theorem","0","0.66"
"C:\TPTP\TPTP-v9.3.1\Problems\CSR\CSR135^2.p","Theorem","0","0.63"
"C:\TPTP\TPTP-v9.3.1\Problems\CSR\CSR136^2.p","Theorem","0","0.62"
"C:\TPTP\TPTP-v9.3.1\Problems\CSR\CSR135^1.p","Theorem","0","0.65"
"C:\TPTP\TPTP-v9.3.1\Problems\CSR\CSR137^2.p","Theorem","0","0.6"
"C:\TPTP\TPTP-v9.3.1\Problems\CSR\CSR137^1.p","Theorem","0","0.61"
"C:\TPTP\TPTP-v9.3.1\Problems\CSR\CSR139^1.p","GaveUp","0","0.56"
"C:\TPTP\TPTP-v9.3.1\Problems\CSR\CSR138^1.p","Theorem","0","0.59"
"C:\TPTP\TPTP-v9.3.1\Problems\CSR\CSR138^2.p","Theorem","0","0.57"
"C:\TPTP\TPTP-v9.3.1\Problems\CSR\CSR140^1.p","Theorem","0","1"
"C:\TPTP\TPTP-v9.3.1\Problems\CSR\CSR140^2.p","Theorem","0","1"
"C:\TPTP\TPTP-v9.3.1\Problems\CSR\CSR141^2.p","Theorem","0","0.57"
"C:\TPTP\TPTP-v9.3.1\Problems\CSR\CSR141^3.p","CounterSatisfiable","0","0.57"
"C:\TPTP\TPTP-v9.3.1\Problems\CSR\CSR142^2.p","Theorem","0","0.57"
"C:\TPTP\TPTP-v9.3.1\Problems\CSR\CSR142^3.p","CounterSatisfiable","0","0.56"
"C:\TPTP\TPTP-v9.3.1\Problems\CSR\CSR142^1.p","Theorem","0","0.57"
"C:\TPTP\TPTP-v9.3.1\Problems\CSR\CSR141^1.p","Theorem","0","0.58"
"C:\TPTP\TPTP-v9.3.1\Problems\CSR\CSR143^1.p","Theorem","0","0.56"
"C:\TPTP\TPTP-v9.3.1\Problems\CSR\CSR143^2.p","Theorem","0","0.55"
"C:\TPTP\TPTP-v9.3.1\Problems\CSR\CSR143^3.p","CounterSatisfiable","0","0.55"
"C:\TPTP\TPTP-v9.3.1\Problems\CSR\CSR144^1.p","Theorem","0","0.55"
"C:\TPTP\TPTP-v9.3.1\Problems\CSR\CSR144^3.p","CounterSatisfiable","0","0.46"
"C:\TPTP\TPTP-v9.3.1\Problems\CSR\CSR145^2.p","Theorem","0","0.45"
"C:\TPTP\TPTP-v9.3.1\Problems\CSR\CSR146^2.p","Theorem","0","0.44"
"C:\TPTP\TPTP-v9.3.1\Problems\CSR\CSR145^1.p","Theorem","0","0.46"
"C:\TPTP\TPTP-v9.3.1\Problems\CSR\CSR146^3.p","Theorem","0","0.44"
"C:\TPTP\TPTP-v9.3.1\Problems\CSR\CSR148^1.p","Theorem","0","0.43"
"C:\TPTP\TPTP-v9.3.1\Problems\CSR\CSR145^3.p","GaveUp","0","0.44"
"C:\TPTP\TPTP-v9.3.1\Problems\CSR\CSR148^2.p","Theorem","0","0.43"
"C:\TPTP\TPTP-v9.3.1\Problems\CSR\CSR146^1.p","Theorem","0","0.44"
"C:\TPTP\TPTP-v9.3.1\Problems\CSR\CSR149^1.p","Theorem","0","0.44"
"C:\TPTP\TPTP-v9.3.1\Problems\COM\COM189^1.p","Timeout","0","10.08"
"C:\TPTP\TPTP-v9.3.1\Problems\COM\COM188^1.p","Timeout","0","10.11"
"C:\TPTP\TPTP-v9.3.1\Problems\CSR\CSR149^2.p","Theorem","0","0.1"
"C:\TPTP\TPTP-v9.3.1\Problems\CSR\CSR150^1.p","Theorem","0","0.32"
"C:\TPTP\TPTP-v9.3.1\Problems\COM\COM191^1.p","Timeout","0","10.12"
"C:\TPTP\TPTP-v9.3.1\Problems\COM\COM192^1.p","Timeout","0","10.14"
"C:\TPTP\TPTP-v9.3.1\Problems\CSR\CSR151^1.p","Theorem","0","0.76"
"C:\TPTP\TPTP-v9.3.1\Problems\CSR\CSR151^2.p","Theorem","0","0.75"
"C:\TPTP\TPTP-v9.3.1\Problems\CSR\CSR151^3.p","Theorem","0","0.75"
"C:\TPTP\TPTP-v9.3.1\Problems\CSR\CSR152^2.p","Theorem","0","0.75"
"C:\TPTP\TPTP-v9.3.1\Problems\CSR\CSR152^1.p","Theorem","0","0.75"
"C:\TPTP\TPTP-v9.3.1\Problems\COM\COM193^1.p","Timeout","0","10.2"
"C:\TPTP\TPTP-v9.3.1\Problems\CSR\CSR153^1.p","GaveUp","0","1.8"
"C:\TPTP\TPTP-v9.3.1\Problems\COM\COM196^1.p","Timeout","0","10.14"
"C:\TPTP\TPTP-v9.3.1\Problems\COM\COM197^1.p","Timeout","0","10.16"
"C:\TPTP\TPTP-v9.3.1\Problems\DAT\DAT002^1.p","Theorem","0","3.84"
"C:\TPTP\TPTP-v9.3.1\Problems\DAT\DAT056^1.p","Theorem","0","3.82"
"C:\TPTP\TPTP-v9.3.1\Problems\COM\COM198^1.p","Timeout","0","10.11"
"C:\TPTP\TPTP-v9.3.1\Problems\DAT\DAT113^1.p","Theorem","0","5.09"
"C:\TPTP\TPTP-v9.3.1\Problems\COM\COM199^1.p","Timeout","0","10.22"
"C:\TPTP\TPTP-v9.3.1\Problems\COM\COM200^1.p","Timeout","0","10.14"
"C:\TPTP\TPTP-v9.3.1\Problems\COM\COM201^1.p","Timeout","0","10.12"
"C:\TPTP\TPTP-v9.3.1\Problems\COM\COM202^1.p","Timeout","0","10.15"
"C:\TPTP\TPTP-v9.3.1\Problems\COM\COM204^1.p","Timeout","0","10.08"
"C:\TPTP\TPTP-v9.3.1\Problems\COM\COM207^1.p","Timeout","0","10.12"
"C:\TPTP\TPTP-v9.3.1\Problems\DAT\DAT124^1.p","Theorem","0","3.03"
"C:\TPTP\TPTP-v9.3.1\Problems\DAT\DAT123^1.p","Theorem","0","3.08"
"C:\TPTP\TPTP-v9.3.1\Problems\COM\COM210^1.p","Timeout","0","10.18"
"C:\TPTP\TPTP-v9.3.1\Problems\COM\COM211^1.p","Timeout","0","10.14"
"C:\TPTP\TPTP-v9.3.1\Problems\CSR\CSR119^3.p","Timeout","0","10.12"
"C:\TPTP\TPTP-v9.3.1\Problems\CSR\CSR120^3.p","Timeout","0","10.18"
"C:\TPTP\TPTP-v9.3.1\Problems\CSR\CSR133^2.p","Timeout","0","10.19"
"C:\TPTP\TPTP-v9.3.1\Problems\CSR\CSR139^2.p","Timeout","0","10.22"
"C:\TPTP\TPTP-v9.3.1\Problems\DAT\DAT129^1.p","Theorem","0","3.51"
"C:\TPTP\TPTP-v9.3.1\Problems\DAT\DAT130^1.p","Theorem","0","3.08"
"C:\TPTP\TPTP-v9.3.1\Problems\CSR\CSR144^2.p","Timeout","0","10.07"
"C:\TPTP\TPTP-v9.3.1\Problems\DAT\DAT132^1.p","Theorem","0","2.34"
"C:\TPTP\TPTP-v9.3.1\Problems\CSR\CSR148^3.p","Timeout","0","10.21"
"C:\TPTP\TPTP-v9.3.1\Problems\DAT\DAT136^1.p","Theorem","0","2.64"
"C:\TPTP\TPTP-v9.3.1\Problems\CSR\CSR149^3.p","Timeout","0","10.14"
"C:\TPTP\TPTP-v9.3.1\Problems\CSR\CSR150^3.p","Timeout","0","10.17"
"C:\TPTP\TPTP-v9.3.1\Problems\CSR\CSR150^2.p","Timeout","0","10.19"
"C:\TPTP\TPTP-v9.3.1\Problems\DAT\DAT139^1.p","GaveUp","0","1.56"
"C:\TPTP\TPTP-v9.3.1\Problems\CSR\CSR152^3.p","Timeout","0","10.21"
"C:\TPTP\TPTP-v9.3.1\Problems\CSR\CSR153^2.p","Timeout","0","10.18"
"C:\TPTP\TPTP-v9.3.1\Problems\CSR\CSR153^3.p","Timeout","0","10.12"
"C:\TPTP\TPTP-v9.3.1\Problems\DAT\DAT056^2.p","Timeout","0","10.05"
"C:\TPTP\TPTP-v9.3.1\Problems\DAT\DAT144^1.p","Theorem","0","1.06"
"C:\TPTP\TPTP-v9.3.1\Problems\DAT\DAT143^1.p","GaveUp","0","1.12"
"C:\TPTP\TPTP-v9.3.1\Problems\DAT\DAT114^1.p","Timeout","0","10.1"
"C:\TPTP\TPTP-v9.3.1\Problems\DAT\DAT115^1.p","Timeout","0","10.12"
"C:\TPTP\TPTP-v9.3.1\Problems\DAT\DAT147^1.p","Theorem","0","0.76"
"C:\TPTP\TPTP-v9.3.1\Problems\DAT\DAT118^1.p","Timeout","0","10.18"
"C:\TPTP\TPTP-v9.3.1\Problems\DAT\DAT117^1.p","Timeout","0","10.25"
"C:\TPTP\TPTP-v9.3.1\Problems\DAT\DAT119^1.p","Timeout","0","10.12"
"C:\TPTP\TPTP-v9.3.1\Problems\DAT\DAT152^1.p","Theorem","0","1.55"
"C:\TPTP\TPTP-v9.3.1\Problems\DAT\DAT121^1.p","Timeout","0","10.08"
"C:\TPTP\TPTP-v9.3.1\Problems\DAT\DAT120^1.p","Timeout","0","10.12"
"C:\TPTP\TPTP-v9.3.1\Problems\DAT\DAT154^1.p","Theorem","0","3.48"
"C:\TPTP\TPTP-v9.3.1\Problems\DAT\DAT122^1.p","Timeout","0","10.1"
"C:\TPTP\TPTP-v9.3.1\Problems\DAT\DAT125^1.p","Timeout","0","10.11"
"C:\TPTP\TPTP-v9.3.1\Problems\DAT\DAT157^1.p","Theorem","0","5.16"
"C:\TPTP\TPTP-v9.3.1\Problems\DAT\DAT159^1.p","Theorem","0","5.06"
"C:\TPTP\TPTP-v9.3.1\Problems\DAT\DAT160^1.p","Theorem","0","5.06"
"C:\TPTP\TPTP-v9.3.1\Problems\DAT\DAT162^1.p","Theorem","0","4.11"
"C:\TPTP\TPTP-v9.3.1\Problems\DAT\DAT126^1.p","Timeout","0","10.17"
"C:\TPTP\TPTP-v9.3.1\Problems\DAT\DAT127^1.p","Timeout","0","10.18"
"C:\TPTP\TPTP-v9.3.1\Problems\DAT\DAT128^1.p","Timeout","0","10.19"
"C:\TPTP\TPTP-v9.3.1\Problems\DAT\DAT131^1.p","Timeout","0","10.14"
"C:\TPTP\TPTP-v9.3.1\Problems\DAT\DAT134^1.p","Timeout","0","10.13"
"C:\TPTP\TPTP-v9.3.1\Problems\DAT\DAT133^1.p","Timeout","0","10.16"
"C:\TPTP\TPTP-v9.3.1\Problems\DAT\DAT135^1.p","Timeout","0","10.18"
"C:\TPTP\TPTP-v9.3.1\Problems\DAT\DAT137^1.p","Timeout","0","10.14"
"C:\TPTP\TPTP-v9.3.1\Problems\DAT\DAT138^1.p","Timeout","0","10.1"
"C:\TPTP\TPTP-v9.3.1\Problems\DAT\DAT141^1.p","Timeout","0","10.08"
"C:\TPTP\TPTP-v9.3.1\Problems\DAT\DAT140^1.p","Timeout","0","10.11"
"C:\TPTP\TPTP-v9.3.1\Problems\DAT\DAT142^1.p","Timeout","0","10.11"
"C:\TPTP\TPTP-v9.3.1\Problems\DAT\DAT145^1.p","Timeout","0","10.11"
"C:\TPTP\TPTP-v9.3.1\Problems\DAT\DAT149^1.p","Timeout","0","10.06"
"C:\TPTP\TPTP-v9.3.1\Problems\DAT\DAT148^1.p","Timeout","0","10.08"
"C:\TPTP\TPTP-v9.3.1\Problems\DAT\DAT150^1.p","Timeout","0","10.06"
"C:\TPTP\TPTP-v9.3.1\Problems\DAT\DAT146^1.p","Timeout","0","10.19"
"C:\TPTP\TPTP-v9.3.1\Problems\DAT\DAT178^1.p","Theorem","0","2.79"
"C:\TPTP\TPTP-v9.3.1\Problems\DAT\DAT151^1.p","Timeout","0","10.1"
"C:\TPTP\TPTP-v9.3.1\Problems\DAT\DAT153^1.p","Timeout","0","10.15"
"C:\TPTP\TPTP-v9.3.1\Problems\DAT\DAT155^1.p","Timeout","0","10.12"
"C:\TPTP\TPTP-v9.3.1\Problems\DAT\DAT156^1.p","Timeout","0","10.12"
"C:\TPTP\TPTP-v9.3.1\Problems\DAT\DAT158^1.p","Timeout","0","10.14"
"C:\TPTP\TPTP-v9.3.1\Problems\DAT\DAT161^1.p","Timeout","0","10.1"
"C:\TPTP\TPTP-v9.3.1\Problems\DAT\DAT163^1.p","Timeout","0","10.08"
"C:\TPTP\TPTP-v9.3.1\Problems\DAT\DAT164^1.p","Timeout","0","10.09"
"C:\TPTP\TPTP-v9.3.1\Problems\DAT\DAT187^1.p","Theorem","0","4.05"
"C:\TPTP\TPTP-v9.3.1\Problems\DAT\DAT165^1.p","Timeout","0","10.09"
"C:\TPTP\TPTP-v9.3.1\Problems\DAT\DAT167^1.p","Timeout","0","10.07"
"C:\TPTP\TPTP-v9.3.1\Problems\DAT\DAT168^1.p","Timeout","0","10.14"
"C:\TPTP\TPTP-v9.3.1\Problems\DAT\DAT169^1.p","Timeout","0","10.15"
"C:\TPTP\TPTP-v9.3.1\Problems\DAT\DAT170^1.p","Timeout","0","10.15"
"C:\TPTP\TPTP-v9.3.1\Problems\DAT\DAT171^1.p","Timeout","0","10.2"
"C:\TPTP\TPTP-v9.3.1\Problems\DAT\DAT172^1.p","Timeout","0","10.19"
"C:\TPTP\TPTP-v9.3.1\Problems\DAT\DAT173^1.p","Timeout","0","10.2"
"C:\TPTP\TPTP-v9.3.1\Problems\DAT\DAT174^1.p","Timeout","0","10.21"
"C:\TPTP\TPTP-v9.3.1\Problems\DAT\DAT181^1.p","Theorem","0","7.75"
"C:\TPTP\TPTP-v9.3.1\Problems\DAT\DAT166^1.p","Timeout","0","13.09"
"C:\TPTP\TPTP-v9.3.1\Problems\DAT\DAT175^1.p","Timeout","0","10.08"
"C:\TPTP\TPTP-v9.3.1\Problems\DAT\DAT176^1.p","Timeout","0","10.1"
"C:\TPTP\TPTP-v9.3.1\Problems\DAT\DAT177^1.p","Timeout","0","10.15"
"C:\TPTP\TPTP-v9.3.1\Problems\DAT\DAT179^1.p","Timeout","0","10.15"
"C:\TPTP\TPTP-v9.3.1\Problems\DAT\DAT180^1.p","Timeout","0","10.13"
"C:\TPTP\TPTP-v9.3.1\Problems\DAT\DAT182^1.p","Timeout","0","10.14"
"C:\TPTP\TPTP-v9.3.1\Problems\DAT\DAT183^1.p","Timeout","0","10.14"
"C:\TPTP\TPTP-v9.3.1\Problems\DAT\DAT206^1.p","Theorem","0","3.96"
"C:\TPTP\TPTP-v9.3.1\Problems\DAT\DAT207^1.p","Theorem","0","3.93"
"C:\TPTP\TPTP-v9.3.1\Problems\DAT\DAT184^1.p","Timeout","0","10.12"
"C:\TPTP\TPTP-v9.3.1\Problems\DAT\DAT185^1.p","Timeout","0","10.08"
"C:\TPTP\TPTP-v9.3.1\Problems\DAT\DAT186^1.p","Timeout","0","10.09"
"C:\TPTP\TPTP-v9.3.1\Problems\DAT\DAT188^1.p","Timeout","0","10.17"
"C:\TPTP\TPTP-v9.3.1\Problems\DAT\DAT190^1.p","Timeout","0","10.15"
"C:\TPTP\TPTP-v9.3.1\Problems\DAT\DAT189^1.p","Timeout","0","10.16"
"C:\TPTP\TPTP-v9.3.1\Problems\DAT\DAT214^1.p","Theorem","0","2.41"
"C:\TPTP\TPTP-v9.3.1\Problems\DAT\DAT193^1.p","Timeout","0","10.16"
"C:\TPTP\TPTP-v9.3.1\Problems\DAT\DAT192^1.p","Timeout","0","10.18"
"C:\TPTP\TPTP-v9.3.1\Problems\DAT\DAT191^1.p","Timeout","0","10.22"
"C:\TPTP\TPTP-v9.3.1\Problems\DAT\DAT194^1.p","Timeout","0","10.18"
"C:\TPTP\TPTP-v9.3.1\Problems\DAT\DAT195^1.p","Timeout","0","10.22"
"C:\TPTP\TPTP-v9.3.1\Problems\DAT\DAT196^1.p","Timeout","0","10.19"
"C:\TPTP\TPTP-v9.3.1\Problems\DAT\DAT197^1.p","Timeout","0","10.23"
"C:\TPTP\TPTP-v9.3.1\Problems\DAT\DAT198^1.p","Timeout","0","10.08"
"C:\TPTP\TPTP-v9.3.1\Problems\DAT\DAT199^1.p","Timeout","0","10.11"
"C:\TPTP\TPTP-v9.3.1\Problems\DAT\DAT200^1.p","Timeout","0","10.21"
"C:\TPTP\TPTP-v9.3.1\Problems\DAT\DAT201^1.p","Timeout","0","10.13"
"C:\TPTP\TPTP-v9.3.1\Problems\DAT\DAT203^1.p","Timeout","0","10.11"
"C:\TPTP\TPTP-v9.3.1\Problems\DAT\DAT202^1.p","Timeout","0","10.14"
"C:\TPTP\TPTP-v9.3.1\Problems\DAT\DAT204^1.p","Timeout","0","10.18"
"C:\TPTP\TPTP-v9.3.1\Problems\DAT\DAT205^1.p","Timeout","0","10.16"
"C:\TPTP\TPTP-v9.3.1\Problems\DAT\DAT208^1.p","Timeout","0","10.16"
"C:\TPTP\TPTP-v9.3.1\Problems\DAT\DAT209^1.p","Timeout","0","10.15"
"C:\TPTP\TPTP-v9.3.1\Problems\DAT\DAT210^1.p","Timeout","0","10.15"
"C:\TPTP\TPTP-v9.3.1\Problems\DAT\DAT212^1.p","Timeout","0","10.09"
"C:\TPTP\TPTP-v9.3.1\Problems\DAT\DAT211^1.p","Timeout","0","10.2"
"C:\TPTP\TPTP-v9.3.1\Problems\DAT\DAT234^1.p","Theorem","0","3.34"
"C:\TPTP\TPTP-v9.3.1\Problems\DAT\DAT213^1.p","Timeout","0","10.09"
"C:\TPTP\TPTP-v9.3.1\Problems\DAT\DAT215^1.p","Timeout","0","10.1"
"C:\TPTP\TPTP-v9.3.1\Problems\DAT\DAT216^1.p","Timeout","0","10.16"
"C:\TPTP\TPTP-v9.3.1\Problems\DAT\DAT239^1.p","Theorem","0","3.91"
"C:\TPTP\TPTP-v9.3.1\Problems\DAT\DAT217^1.p","Timeout","0","10.13"
"C:\TPTP\TPTP-v9.3.1\Problems\DAT\DAT221^1.p","Timeout","0","10.07"
"C:\TPTP\TPTP-v9.3.1\Problems\DAT\DAT219^1.p","Timeout","0","10.14"
"C:\TPTP\TPTP-v9.3.1\Problems\DAT\DAT220^1.p","Timeout","0","10.17"
"C:\TPTP\TPTP-v9.3.1\Problems\DAT\DAT218^1.p","Timeout","0","10.19"
"C:\TPTP\TPTP-v9.3.1\Problems\DAT\DAT223^1.p","Timeout","0","10.09"
"C:\TPTP\TPTP-v9.3.1\Problems\DAT\DAT222^1.p","Timeout","0","10.13"
"C:\TPTP\TPTP-v9.3.1\Problems\DAT\DAT224^1.p","Timeout","0","10.15"
"C:\TPTP\TPTP-v9.3.1\Problems\DAT\DAT225^1.p","Timeout","0","10.1"
"C:\TPTP\TPTP-v9.3.1\Problems\DAT\DAT226^1.p","Timeout","0","10.08"
"C:\TPTP\TPTP-v9.3.1\Problems\DAT\DAT227^1.p","Timeout","0","10.06"
"C:\TPTP\TPTP-v9.3.1\Problems\DAT\DAT228^1.p","Timeout","0","10.13"
"C:\TPTP\TPTP-v9.3.1\Problems\DAT\DAT229^1.p","Timeout","0","10.12"
"C:\TPTP\TPTP-v9.3.1\Problems\DAT\DAT253^1.p","Theorem","0","1.94"
"C:\TPTP\TPTP-v9.3.1\Problems\DAT\DAT231^1.p","Timeout","0","10.11"
"C:\TPTP\TPTP-v9.3.1\Problems\DAT\DAT230^1.p","Timeout","0","10.14"
"C:\TPTP\TPTP-v9.3.1\Problems\DAT\DAT233^1.p","Timeout","0","10.25"
"C:\TPTP\TPTP-v9.3.1\Problems\DAT\DAT235^1.p","Timeout","0","10.12"
"C:\TPTP\TPTP-v9.3.1\Problems\DAT\DAT262^1.p","GaveUp","0","5.07"
"C:\TPTP\TPTP-v9.3.1\Problems\DAT\DAT263^1.p","GaveUp","0","4.98"
"C:\TPTP\TPTP-v9.3.1\Problems\DAT\DAT264^1.p","GaveUp","0","3.96"
"C:\TPTP\TPTP-v9.3.1\Problems\DAT\DAT261^1.p","GaveUp","0","5.09"
"C:\TPTP\TPTP-v9.3.1\Problems\DAT\DAT259^1.p","GaveUp","0","5.1"
"C:\TPTP\TPTP-v9.3.1\Problems\DAT\DAT266^1.p","GaveUp","0","3.92"
"C:\TPTP\TPTP-v9.3.1\Problems\DAT\DAT232^1.p","Timeout","0","14.02"
"C:\TPTP\TPTP-v9.3.1\Problems\DAT\DAT260^1.p","GaveUp","0","5.09"
"C:\TPTP\TPTP-v9.3.1\Problems\DAT\DAT267^1.p","GaveUp","0","1.69"
"C:\TPTP\TPTP-v9.3.1\Problems\DAT\DAT265^1.p","GaveUp","0","3.92"
"C:\TPTP\TPTP-v9.3.1\Problems\DAT\DAT236^1.p","Timeout","0","10.07"
"C:\TPTP\TPTP-v9.3.1\Problems\DAT\DAT238^1.p","Timeout","0","10.07"
"C:\TPTP\TPTP-v9.3.1\Problems\DAT\DAT237^1.p","Timeout","0","10.14"
"C:\TPTP\TPTP-v9.3.1\Problems\DAT\DAT268^1.p","GaveUp","0","0.14"
"C:\TPTP\TPTP-v9.3.1\Problems\DAT\DAT269^1.p","GaveUp","0","0.14"
"C:\TPTP\TPTP-v9.3.1\Problems\DAT\DAT270^1.p","GaveUp","0","0.16"
"C:\TPTP\TPTP-v9.3.1\Problems\DAT\DAT271^1.p","GaveUp","0","0.17"
"C:\TPTP\TPTP-v9.3.1\Problems\DAT\DAT272^1.p","GaveUp","0","0.18"
"C:\TPTP\TPTP-v9.3.1\Problems\DAT\DAT273^1.p","GaveUp","0","0.18"
"C:\TPTP\TPTP-v9.3.1\Problems\DAT\DAT240^1.p","Timeout","0","10.12"
"C:\TPTP\TPTP-v9.3.1\Problems\DAT\DAT275^1.p","GaveUp","0","0.21"
"C:\TPTP\TPTP-v9.3.1\Problems\DAT\DAT277^1.p","GaveUp","0","0.22"
"C:\TPTP\TPTP-v9.3.1\Problems\DAT\DAT278^1.p","GaveUp","0","0.22"
"C:\TPTP\TPTP-v9.3.1\Problems\DAT\DAT279^1.p","GaveUp","0","0.26"
"C:\TPTP\TPTP-v9.3.1\Problems\DAT\DAT280^1.p","Theorem","0","0.25"
"C:\TPTP\TPTP-v9.3.1\Problems\DAT\DAT281^1.p","GaveUp","0","0.23"
"C:\TPTP\TPTP-v9.3.1\Problems\DAT\DAT282^1.p","Theorem","0","0.19"
"C:\TPTP\TPTP-v9.3.1\Problems\DAT\DAT283^1.p","GaveUp","0","0.2"
"C:\TPTP\TPTP-v9.3.1\Problems\DAT\DAT241^1.p","Timeout","0","10.09"
"C:\TPTP\TPTP-v9.3.1\Problems\DAT\DAT242^1.p","Timeout","0","10.14"
"C:\TPTP\TPTP-v9.3.1\Problems\DAT\DAT243^1.p","Timeout","0","10.17"
"C:\TPTP\TPTP-v9.3.1\Problems\DAT\DAT290^1.p","GaveUp","0","1.18"
"C:\TPTP\TPTP-v9.3.1\Problems\DAT\DAT245^1.p","Timeout","0","10.08"
"C:\TPTP\TPTP-v9.3.1\Problems\DAT\DAT244^1.p","Timeout","0","10.1"
"C:\TPTP\TPTP-v9.3.1\Problems\DAT\DAT246^1.p","Timeout","0","10.12"
"C:\TPTP\TPTP-v9.3.1\Problems\DAT\DAT247^1.p","Timeout","0","10.14"
"C:\TPTP\TPTP-v9.3.1\Problems\DAT\DAT294^1.p","Theorem","0","3.39"
"C:\TPTP\TPTP-v9.3.1\Problems\DAT\DAT248^1.p","Timeout","0","10.26"
"C:\TPTP\TPTP-v9.3.1\Problems\DAT\DAT249^1.p","Timeout","0","10.24"
"C:\TPTP\TPTP-v9.3.1\Problems\DAT\DAT297^1.p","Theorem","0","2.84"
"C:\TPTP\TPTP-v9.3.1\Problems\DAT\DAT250^1.p","Timeout","0","10.17"
"C:\TPTP\TPTP-v9.3.1\Problems\DAT\DAT251^1.p","Timeout","0","10.12"
"C:\TPTP\TPTP-v9.3.1\Problems\DAT\DAT252^1.p","Timeout","0","10.15"
"C:\TPTP\TPTP-v9.3.1\Problems\DAT\DAT254^1.p","Timeout","0","10.1"
"C:\TPTP\TPTP-v9.3.1\Problems\DAT\DAT255^1.p","Timeout","0","10.09"
"C:\TPTP\TPTP-v9.3.1\Problems\DAT\DAT258^1.p","Timeout","0","10.11"
"C:\TPTP\TPTP-v9.3.1\Problems\DAT\DAT257^1.p","Timeout","0","10.14"
"C:\TPTP\TPTP-v9.3.1\Problems\DAT\DAT256^1.p","Timeout","0","10.16"
"C:\TPTP\TPTP-v9.3.1\Problems\DAT\DAT274^1.p","Timeout","0","10.19"
"C:\TPTP\TPTP-v9.3.1\Problems\DAT\DAT276^1.p","Timeout","0","10.19"
"C:\TPTP\TPTP-v9.3.1\Problems\DAT\DAT284^1.p","Timeout","0","10.18"
"C:\TPTP\TPTP-v9.3.1\Problems\DAT\DAT286^1.p","Timeout","0","10.17"
"C:\TPTP\TPTP-v9.3.1\Problems\DAT\DAT285^1.p","Timeout","0","10.19"
"C:\TPTP\TPTP-v9.3.1\Problems\DAT\DAT287^1.p","Timeout","0","10.21"
"C:\TPTP\TPTP-v9.3.1\Problems\DAT\DAT289^1.p","Timeout","0","10.18"
"C:\TPTP\TPTP-v9.3.1\Problems\DAT\DAT288^1.p","Timeout","0","10.19"
"C:\TPTP\TPTP-v9.3.1\Problems\DAT\DAT315^1.p","Theorem","0","5.09"
"C:\TPTP\TPTP-v9.3.1\Problems\DAT\DAT291^1.p","Timeout","0","10.19"
"C:\TPTP\TPTP-v9.3.1\Problems\DAT\DAT292^1.p","Timeout","0","10.15"
"C:\TPTP\TPTP-v9.3.1\Problems\DAT\DAT293^1.p","Timeout","0","10.15"
"C:\TPTP\TPTP-v9.3.1\Problems\DAT\DAT295^1.p","Timeout","0","10.16"
"C:\TPTP\TPTP-v9.3.1\Problems\DAT\DAT320^1.p","Theorem","0","0.09"
"C:\TPTP\TPTP-v9.3.1\Problems\DAT\DAT319^1.p","Theorem","0","0.14"
"C:\TPTP\TPTP-v9.3.1\Problems\DAT\DAT322^1.p","GaveUp","0","0.09"
"C:\TPTP\TPTP-v9.3.1\Problems\DAT\DAT321^1.p","GaveUp","0","0.1"
"C:\TPTP\TPTP-v9.3.1\Problems\DAT\DAT296^1.p","Timeout","0","10.16"
"C:\TPTP\TPTP-v9.3.1\Problems\DAT\DAT324^1.p","Theorem","0","0.11"
"C:\TPTP\TPTP-v9.3.1\Problems\DAT\DAT323^1.p","GaveUp","0","0.12"
"C:\TPTP\TPTP-v9.3.1\Problems\DAT\DAT298^1.p","Timeout","0","10.08"
"C:\TPTP\TPTP-v9.3.1\Problems\DAT\DAT299^1.p","Timeout","0","10.06"
"C:\TPTP\TPTP-v9.3.1\Problems\DAT\DAT300^1.p","Timeout","0","10.05"
"C:\TPTP\TPTP-v9.3.1\Problems\DAT\DAT333^3.p","Theorem","0","1.01"
"C:\TPTP\TPTP-v9.3.1\Problems\DAT\DAT334^19.p","Theorem","0","1"
"C:\TPTP\TPTP-v9.3.1\Problems\DAT\DAT334^21.p","Theorem","0","1"
"C:\TPTP\TPTP-v9.3.1\Problems\DAT\DAT333^6.p","Theorem","0","1.01"
"C:\TPTP\TPTP-v9.3.1\Problems\DAT\DAT334^12.p","Theorem","0","1"
"C:\TPTP\TPTP-v9.3.1\Problems\DAT\DAT334^23.p","Theorem","0","0.99"
"C:\TPTP\TPTP-v9.3.1\Problems\DAT\DAT334^8.p","Theorem","0","0.97"
"C:\TPTP\TPTP-v9.3.1\Problems\DAT\DAT335^12.p","CounterSatisfiable","0","0.97"
"C:\TPTP\TPTP-v9.3.1\Problems\DAT\DAT335^18.p","CounterSatisfiable","0","0.09"
"C:\TPTP\TPTP-v9.3.1\Problems\DAT\DAT335^2.p","CounterSatisfiable","0","0.07"
"C:\TPTP\TPTP-v9.3.1\Problems\DAT\DAT301^1.p","Timeout","0","10.07"
"C:\TPTP\TPTP-v9.3.1\Problems\DAT\DAT338^1.p","GaveUp","0","0.06"
"C:\TPTP\TPTP-v9.3.1\Problems\DAT\DAT340^1.p","GaveUp","0","0.07"
"C:\TPTP\TPTP-v9.3.1\Problems\DAT\DAT341^1.p","GaveUp","0","0.07"
"C:\TPTP\TPTP-v9.3.1\Problems\DAT\DAT342^1.p","GaveUp","0","0.09"
"C:\TPTP\TPTP-v9.3.1\Problems\DAT\DAT345^1.p","GaveUp","0","0.11"
"C:\TPTP\TPTP-v9.3.1\Problems\DAT\DAT344^1.p","GaveUp","0","0.11"
"C:\TPTP\TPTP-v9.3.1\Problems\DAT\DAT302^1.p","Timeout","0","10.18"
"C:\TPTP\TPTP-v9.3.1\Problems\DAT\DAT346^1.p","GaveUp","0","0.12"
"C:\TPTP\TPTP-v9.3.1\Problems\DAT\DAT347^1.p","GaveUp","0","0.13"
"C:\TPTP\TPTP-v9.3.1\Problems\DAT\DAT304^1.p","Timeout","0","10.05"
"C:\TPTP\TPTP-v9.3.1\Problems\DAT\DAT348^1.p","GaveUp","0","0.16"
"C:\TPTP\TPTP-v9.3.1\Problems\DAT\DAT349^1.p","GaveUp","0","0.17"
"C:\TPTP\TPTP-v9.3.1\Problems\DAT\DAT350^1.p","GaveUp","0","0.18"
"C:\TPTP\TPTP-v9.3.1\Problems\DAT\DAT351^1.p","GaveUp","0","0.15"
"C:\TPTP\TPTP-v9.3.1\Problems\DAT\DAT352^1.p","GaveUp","0","0.16"
"C:\TPTP\TPTP-v9.3.1\Problems\DAT\DAT353^1.p","GaveUp","0","0.12"
"C:\TPTP\TPTP-v9.3.1\Problems\DAT\DAT303^1.p","Timeout","0","10.21"
"C:\TPTP\TPTP-v9.3.1\Problems\DAT\DAT355^1.p","GaveUp","0","0.14"
"C:\TPTP\TPTP-v9.3.1\Problems\DAT\DAT356^1.p","GaveUp","0","0.15"
"C:\TPTP\TPTP-v9.3.1\Problems\DAT\DAT357^1.p","GaveUp","0","0.15"
"C:\TPTP\TPTP-v9.3.1\Problems\DAT\DAT358^1.p","GaveUp","0","0.16"
"C:\TPTP\TPTP-v9.3.1\Problems\DAT\DAT360^1.p","GaveUp","0","0.14"
"C:\TPTP\TPTP-v9.3.1\Problems\DAT\DAT359^1.p","GaveUp","0","0.18"
"C:\TPTP\TPTP-v9.3.1\Problems\DAT\DAT361^1.p","GaveUp","0","0.16"
"C:\TPTP\TPTP-v9.3.1\Problems\DAT\DAT363^1.p","GaveUp","0","0.15"
"C:\TPTP\TPTP-v9.3.1\Problems\DAT\DAT364^1.p","GaveUp","0","0.14"
"C:\TPTP\TPTP-v9.3.1\Problems\DAT\DAT365^1.p","GaveUp","0","0.14"
"C:\TPTP\TPTP-v9.3.1\Problems\DAT\DAT366^1.p","GaveUp","0","0.15"
"C:\TPTP\TPTP-v9.3.1\Problems\DAT\DAT367^1.p","GaveUp","0","0.14"
"C:\TPTP\TPTP-v9.3.1\Problems\DAT\DAT368^1.p","GaveUp","0","0.13"
"C:\TPTP\TPTP-v9.3.1\Problems\DAT\DAT369^1.p","GaveUp","0","0.12"
"C:\TPTP\TPTP-v9.3.1\Problems\DAT\DAT370^1.p","GaveUp","0","0.11"
"C:\TPTP\TPTP-v9.3.1\Problems\DAT\DAT371^1.p","GaveUp","0","0.12"
"C:\TPTP\TPTP-v9.3.1\Problems\DAT\DAT372^1.p","GaveUp","0","0.14"
"C:\TPTP\TPTP-v9.3.1\Problems\DAT\DAT373^1.p","GaveUp","0","0.12"
"C:\TPTP\TPTP-v9.3.1\Problems\DAT\DAT376^1.p","GaveUp","0","0.13"
"C:\TPTP\TPTP-v9.3.1\Problems\DAT\DAT377^1.p","GaveUp","0","0.13"
"C:\TPTP\TPTP-v9.3.1\Problems\DAT\DAT379^1.p","GaveUp","0","0.13"
"C:\TPTP\TPTP-v9.3.1\Problems\DAT\DAT378^1.p","GaveUp","0","0.16"
"C:\TPTP\TPTP-v9.3.1\Problems\DAT\DAT381^1.p","GaveUp","0","0.13"
"C:\TPTP\TPTP-v9.3.1\Problems\DAT\DAT382^1.p","GaveUp","0","0.14"
"C:\TPTP\TPTP-v9.3.1\Problems\DAT\DAT384^1.p","GaveUp","0","0.14"
"C:\TPTP\TPTP-v9.3.1\Problems\DAT\DAT385^1.p","GaveUp","0","0.13"
"C:\TPTP\TPTP-v9.3.1\Problems\DAT\DAT386^1.p","GaveUp","0","0.1"
"C:\TPTP\TPTP-v9.3.1\Problems\DAT\DAT387^1.p","GaveUp","0","0.13"
"C:\TPTP\TPTP-v9.3.1\Problems\DAT\DAT388^1.p","GaveUp","0","0.14"
"C:\TPTP\TPTP-v9.3.1\Problems\DAT\DAT389^1.p","GaveUp","0","0.14"
"C:\TPTP\TPTP-v9.3.1\Problems\DAT\DAT391^1.p","GaveUp","0","0.11"
"C:\TPTP\TPTP-v9.3.1\Problems\DAT\DAT390^1.p","GaveUp","0","0.14"
"C:\TPTP\TPTP-v9.3.1\Problems\DAT\DAT392^1.p","GaveUp","0","0.11"
"C:\TPTP\TPTP-v9.3.1\Problems\DAT\DAT393^1.p","GaveUp","0","0.11"
"C:\TPTP\TPTP-v9.3.1\Problems\DAT\DAT394^1.p","GaveUp","0","0.1"
"C:\TPTP\TPTP-v9.3.1\Problems\DAT\DAT395^1.p","GaveUp","0","0.08"
"C:\TPTP\TPTP-v9.3.1\Problems\DAT\DAT396^1.p","GaveUp","0","0.07"
"C:\TPTP\TPTP-v9.3.1\Problems\DAT\DAT397^1.p","GaveUp","0","0.07"
"C:\TPTP\TPTP-v9.3.1\Problems\DAT\DAT398^1.p","GaveUp","0","0.08"
"C:\TPTP\TPTP-v9.3.1\Problems\DAT\DAT400^1.p","GaveUp","0","0.08"
"C:\TPTP\TPTP-v9.3.1\Problems\DAT\DAT399^1.p","GaveUp","0","0.09"
"C:\TPTP\TPTP-v9.3.1\Problems\DAT\DAT402^1.p","GaveUp","0","0.07"
"C:\TPTP\TPTP-v9.3.1\Problems\DAT\DAT401^1.p","GaveUp","0","0.09"
"C:\TPTP\TPTP-v9.3.1\Problems\DAT\DAT403^1.p","GaveUp","0","0.08"
"C:\TPTP\TPTP-v9.3.1\Problems\DAT\DAT404^1.p","GaveUp","0","0.07"
"C:\TPTP\TPTP-v9.3.1\Problems\DAT\DAT405^1.p","GaveUp","0","0.07"
"C:\TPTP\TPTP-v9.3.1\Problems\DAT\DAT407^1.p","GaveUp","0","0.08"
"C:\TPTP\TPTP-v9.3.1\Problems\DAT\DAT406^1.p","GaveUp","0","0.08"
"C:\TPTP\TPTP-v9.3.1\Problems\DAT\DAT408^1.p","GaveUp","0","0.08"
"C:\TPTP\TPTP-v9.3.1\Problems\DAT\DAT409^1.p","GaveUp","0","0.09"
"C:\TPTP\TPTP-v9.3.1\Problems\DAT\DAT410^1.p","GaveUp","0","0.09"
"C:\TPTP\TPTP-v9.3.1\Problems\DAT\DAT411^1.p","GaveUp","0","0.1"
"C:\TPTP\TPTP-v9.3.1\Problems\DAT\DAT412^1.p","GaveUp","0","0.1"
"C:\TPTP\TPTP-v9.3.1\Problems\DAT\DAT413^1.p","GaveUp","0","0.08"
"C:\TPTP\TPTP-v9.3.1\Problems\DAT\DAT414^1.p","GaveUp","0","0.09"
"C:\TPTP\TPTP-v9.3.1\Problems\DAT\DAT421^1.p","GaveUp","0","1.13"
"C:\TPTP\TPTP-v9.3.1\Problems\DAT\DAT305^1.p","Timeout","0","10.08"
"C:\TPTP\TPTP-v9.3.1\Problems\DAT\DAT306^1.p","Timeout","0","10.11"
"C:\TPTP\TPTP-v9.3.1\Problems\DAT\DAT423^1.p","GaveUp","0","0.07"
"C:\TPTP\TPTP-v9.3.1\Problems\DAT\DAT422^1.p","GaveUp","0","0.09"
"C:\TPTP\TPTP-v9.3.1\Problems\DAT\DAT307^1.p","Timeout","0","10.09"
"C:\TPTP\TPTP-v9.3.1\Problems\DAT\DAT425^1.p","GaveUp","0","0.07"
"C:\TPTP\TPTP-v9.3.1\Problems\DAT\DAT424^1.p","GaveUp","0","0.1"
"C:\TPTP\TPTP-v9.3.1\Problems\DAT\DAT426^1.p","GaveUp","0","0.11"
"C:\TPTP\TPTP-v9.3.1\Problems\DAT\DAT427^1.p","GaveUp","0","0.07"
"C:\TPTP\TPTP-v9.3.1\Problems\DAT\DAT428^1.p","GaveUp","0","0.09"
"C:\TPTP\TPTP-v9.3.1\Problems\DAT\DAT429^1.p","GaveUp","0","0.08"
"C:\TPTP\TPTP-v9.3.1\Problems\DAT\DAT309^1.p","Timeout","0","10.08"
"C:\TPTP\TPTP-v9.3.1\Problems\DAT\DAT308^1.p","Timeout","0","10.16"
"C:\TPTP\TPTP-v9.3.1\Problems\DAT\DAT310^1.p","Timeout","0","10.09"
"C:\TPTP\TPTP-v9.3.1\Problems\DAT\DAT311^1.p","Timeout","0","10.08"
"C:\TPTP\TPTP-v9.3.1\Problems\DAT\DAT313^1.p","Timeout","0","10.08"
"C:\TPTP\TPTP-v9.3.1\Problems\DAT\DAT312^1.p","Timeout","0","10.2"
"C:\TPTP\TPTP-v9.3.1\Problems\DAT\DAT316^1.p","Timeout","0","10.08"
"C:\TPTP\TPTP-v9.3.1\Problems\DAT\DAT314^1.p","Timeout","0","10.12"
"C:\TPTP\TPTP-v9.3.1\Problems\GEG\GEG011^1.p","Theorem","0","5.13"
"C:\TPTP\TPTP-v9.3.1\Problems\DAT\DAT317^1.p","Timeout","0","10.13"
"C:\TPTP\TPTP-v9.3.1\Problems\DAT\DAT318^1.p","Timeout","0","10.16"
"C:\TPTP\TPTP-v9.3.1\Problems\GEG\GEG013^1.p","Theorem","0","0.18"
"C:\TPTP\TPTP-v9.3.1\Problems\DAT\DAT325^1.p","Timeout","0","10.11"
"C:\TPTP\TPTP-v9.3.1\Problems\DAT\DAT326^1.p","Timeout","0","10.1"
"C:\TPTP\TPTP-v9.3.1\Problems\DAT\DAT327^1.p","Timeout","0","10.1"
"C:\TPTP\TPTP-v9.3.1\Problems\DAT\DAT328^1.p","Timeout","0","10.1"
"C:\TPTP\TPTP-v9.3.1\Problems\GEG\GEG016^1.p","Theorem","0","0.09"
"C:\TPTP\TPTP-v9.3.1\Problems\GEG\GEG018^1.p","Theorem","0","0.18"
"C:\TPTP\TPTP-v9.3.1\Problems\DAT\DAT339^1.p","Timeout","0","10.06"
"C:\TPTP\TPTP-v9.3.1\Problems\DAT\DAT343^1.p","Timeout","0","10.13"
"C:\TPTP\TPTP-v9.3.1\Problems\DAT\DAT354^1.p","Timeout","0","10.13"
"C:\TPTP\TPTP-v9.3.1\Problems\DAT\DAT362^1.p","Timeout","0","10.15"
"C:\TPTP\TPTP-v9.3.1\Problems\GEO\GEO356^1.p","Theorem","0","1.36"
"C:\TPTP\TPTP-v9.3.1\Problems\DAT\DAT374^1.p","Timeout","0","10.14"
"C:\TPTP\TPTP-v9.3.1\Problems\DAT\DAT375^1.p","Timeout","0","10.13"
"C:\TPTP\TPTP-v9.3.1\Problems\DAT\DAT380^1.p","Timeout","0","10.15"
"C:\TPTP\TPTP-v9.3.1\Problems\GEO\GEO357^1.p","Theorem","0","1.38"
"C:\TPTP\TPTP-v9.3.1\Problems\DAT\DAT383^1.p","Timeout","0","10.16"
"C:\TPTP\TPTP-v9.3.1\Problems\DAT\DAT420^1.p","Timeout","0","10.11"
"C:\TPTP\TPTP-v9.3.1\Problems\DAT\DAT419^1.p","Timeout","0","10.16"
"C:\TPTP\TPTP-v9.3.1\Problems\DAT\DAT416^1.p","Timeout","0","10.25"
"C:\TPTP\TPTP-v9.3.1\Problems\DAT\DAT415^1.p","Timeout","0","10.28"
"C:\TPTP\TPTP-v9.3.1\Problems\DAT\DAT417^1.p","Timeout","0","10.26"
"C:\TPTP\TPTP-v9.3.1\Problems\DAT\DAT418^1.p","Timeout","0","10.25"
"C:\TPTP\TPTP-v9.3.1\Problems\GEO\GEO358^1.p","Theorem","0","1.39"
"C:\TPTP\TPTP-v9.3.1\Problems\GEO\GEO359^1.p","Theorem","0","1.34"
"C:\TPTP\TPTP-v9.3.1\Problems\GEO\GEO360^1.p","Theorem","0","1.27"
"C:\TPTP\TPTP-v9.3.1\Problems\GEO\GEO361^1.p","Theorem","0","1.38"
"C:\TPTP\TPTP-v9.3.1\Problems\GEO\GEO363^1.p","Theorem","0","1.26"
"C:\TPTP\TPTP-v9.3.1\Problems\GEO\GEO364^1.p","Theorem","0","1.29"
"C:\TPTP\TPTP-v9.3.1\Problems\GEO\GEO362^1.p","Theorem","0","1.36"
"C:\TPTP\TPTP-v9.3.1\Problems\GEO\GEO366^1.p","Theorem","0","1.29"
"C:\TPTP\TPTP-v9.3.1\Problems\GEO\GEO365^1.p","Theorem","0","1.34"
"C:\TPTP\TPTP-v9.3.1\Problems\GEO\GEO367^1.p","Theorem","0","1.34"
"C:\TPTP\TPTP-v9.3.1\Problems\DAT\DAT434^1.p","Timeout","0","10.09"
"C:\TPTP\TPTP-v9.3.1\Problems\DAT\DAT435^1.p","Timeout","0","10.08"
"C:\TPTP\TPTP-v9.3.1\Problems\GEO\GEO368^1.p","Theorem","0","1.35"
"C:\TPTP\TPTP-v9.3.1\Problems\GEO\GEO369^1.p","Theorem","0","1.33"
"C:\TPTP\TPTP-v9.3.1\Problems\GEO\GEO372^1.p","Theorem","0","1.3"
"C:\TPTP\TPTP-v9.3.1\Problems\GEO\GEO371^1.p","Theorem","0","1.33"
"C:\TPTP\TPTP-v9.3.1\Problems\GEG\GEG002^1.p","Timeout","0","10.1"
"C:\TPTP\TPTP-v9.3.1\Problems\GEO\GEO370^1.p","Theorem","0","1.37"
"C:\TPTP\TPTP-v9.3.1\Problems\GEO\GEO373^1.p","Theorem","0","1.37"
"C:\TPTP\TPTP-v9.3.1\Problems\GEG\GEG003^1.p","Timeout","0","10.12"
"C:\TPTP\TPTP-v9.3.1\Problems\GEO\GEO374^1.p","Theorem","0","1.29"
"C:\TPTP\TPTP-v9.3.1\Problems\GEG\GEG004^1.p","Timeout","0","10.06"
"C:\TPTP\TPTP-v9.3.1\Problems\GEO\GEO375^1.p","Theorem","0","1.32"
"C:\TPTP\TPTP-v9.3.1\Problems\GEG\GEG005^1.p","Timeout","0","10.08"
"C:\TPTP\TPTP-v9.3.1\Problems\GEG\GEG006^1.p","Timeout","0","10.09"
"C:\TPTP\TPTP-v9.3.1\Problems\GEG\GEG007^1.p","Timeout","0","10.08"
"C:\TPTP\TPTP-v9.3.1\Problems\GEO\GEO376^1.p","Theorem","0","1.39"
"C:\TPTP\TPTP-v9.3.1\Problems\GEG\GEG008^1.p","Timeout","0","10.1"
"C:\TPTP\TPTP-v9.3.1\Problems\GEG\GEG009^1.p","Timeout","0","10.06"
"C:\TPTP\TPTP-v9.3.1\Problems\GEO\GEO377^1.p","Theorem","0","1.27"
"C:\TPTP\TPTP-v9.3.1\Problems\GEG\GEG010^1.p","Timeout","0","10.1"
"C:\TPTP\TPTP-v9.3.1\Problems\GEO\GEO378^1.p","Theorem","0","1.39"
"C:\TPTP\TPTP-v9.3.1\Problems\GEO\GEO379^1.p","Theorem","0","1.32"
"C:\TPTP\TPTP-v9.3.1\Problems\GEO\GEO380^1.p","Theorem","0","1.3"
"C:\TPTP\TPTP-v9.3.1\Problems\GEO\GEO381^1.p","Theorem","0","1.33"
"C:\TPTP\TPTP-v9.3.1\Problems\GEO\GEO382^1.p","Theorem","0","1.34"
"C:\TPTP\TPTP-v9.3.1\Problems\GEO\GEO383^1.p","Theorem","0","1.32"
"C:\TPTP\TPTP-v9.3.1\Problems\GEO\GEO384^1.p","Theorem","0","1.31"
"C:\TPTP\TPTP-v9.3.1\Problems\GEO\GEO385^1.p","Theorem","0","1.32"
"C:\TPTP\TPTP-v9.3.1\Problems\GEO\GEO386^1.p","Theorem","0","1.32"
"C:\TPTP\TPTP-v9.3.1\Problems\GEO\GEO387^1.p","Theorem","0","1.32"
"C:\TPTP\TPTP-v9.3.1\Problems\GEO\GEO388^1.p","Theorem","0","1.33"
"C:\TPTP\TPTP-v9.3.1\Problems\GEO\GEO389^1.p","Theorem","0","1.32"
"C:\TPTP\TPTP-v9.3.1\Problems\GEO\GEO390^1.p","Theorem","0","1.32"
"C:\TPTP\TPTP-v9.3.1\Problems\GEO\GEO391^1.p","Theorem","0","1.34"
"C:\TPTP\TPTP-v9.3.1\Problems\GEO\GEO392^1.p","Theorem","0","1.29"
"C:\TPTP\TPTP-v9.3.1\Problems\GEO\GEO393^1.p","Theorem","0","1.32"
"C:\TPTP\TPTP-v9.3.1\Problems\GEO\GEO394^1.p","Theorem","0","1.32"
"C:\TPTP\TPTP-v9.3.1\Problems\GEO\GEO395^1.p","Theorem","0","1.29"
"C:\TPTP\TPTP-v9.3.1\Problems\GEO\GEO396^1.p","Theorem","0","1.31"
"C:\TPTP\TPTP-v9.3.1\Problems\GEO\GEO397^1.p","Theorem","0","1.29"
"C:\TPTP\TPTP-v9.3.1\Problems\GEO\GEO399^1.p","Theorem","0","1.35"
"C:\TPTP\TPTP-v9.3.1\Problems\GEO\GEO400^1.p","Theorem","0","1.32"
"C:\TPTP\TPTP-v9.3.1\Problems\GEO\GEO398^1.p","Theorem","0","1.39"
"C:\TPTP\TPTP-v9.3.1\Problems\GEO\GEO402^1.p","Theorem","0","1.4"
"C:\TPTP\TPTP-v9.3.1\Problems\GEO\GEO403^1.p","Theorem","0","1.4"
"C:\TPTP\TPTP-v9.3.1\Problems\GEO\GEO404^1.p","Theorem","0","1.38"
"C:\TPTP\TPTP-v9.3.1\Problems\GEO\GEO406^1.p","Theorem","0","1.31"
"C:\TPTP\TPTP-v9.3.1\Problems\GEO\GEO405^1.p","Theorem","0","1.33"
"C:\TPTP\TPTP-v9.3.1\Problems\GEO\GEO407^1.p","Theorem","0","1.33"
"C:\TPTP\TPTP-v9.3.1\Problems\GEO\GEO409^1.p","Theorem","0","1.31"
"C:\TPTP\TPTP-v9.3.1\Problems\GEO\GEO410^1.p","Theorem","0","1.35"
"C:\TPTP\TPTP-v9.3.1\Problems\GEO\GEO408^1.p","Theorem","0","1.45"
"C:\TPTP\TPTP-v9.3.1\Problems\GEO\GEO411^1.p","Theorem","0","1.37"
"C:\TPTP\TPTP-v9.3.1\Problems\GEO\GEO414^1.p","Theorem","0","1.39"
"C:\TPTP\TPTP-v9.3.1\Problems\GEO\GEO412^1.p","Theorem","0","1.4"
"C:\TPTP\TPTP-v9.3.1\Problems\GEO\GEO415^1.p","Theorem","0","1.38"
"C:\TPTP\TPTP-v9.3.1\Problems\GEO\GEO413^1.p","Theorem","0","1.41"
"C:\TPTP\TPTP-v9.3.1\Problems\GEO\GEO418^1.p","Theorem","0","1.38"
"C:\TPTP\TPTP-v9.3.1\Problems\GEO\GEO422^1.p","Theorem","0","1.37"
"C:\TPTP\TPTP-v9.3.1\Problems\GEO\GEO420^1.p","Theorem","0","1.4"
"C:\TPTP\TPTP-v9.3.1\Problems\GRA\GRA027^1.p","GaveUp","0","0.09"
"C:\TPTP\TPTP-v9.3.1\Problems\GRA\GRA028^1.p","GaveUp","0","0.09"
"C:\TPTP\TPTP-v9.3.1\Problems\GEO\GEO419^1.p","Theorem","0","1.45"
"C:\TPTP\TPTP-v9.3.1\Problems\GRA\GRA029^1.p","GaveUp","0","0.09"
"C:\TPTP\TPTP-v9.3.1\Problems\GEO\GEO424^1.p","Theorem","0","1.37"
"C:\TPTP\TPTP-v9.3.1\Problems\GRA\GRA029^2.p","GaveUp","0","0.07"
"C:\TPTP\TPTP-v9.3.1\Problems\GRA\GRA030^1.p","GaveUp","0","0.07"
"C:\TPTP\TPTP-v9.3.1\Problems\GEO\GEO423^1.p","Theorem","0","1.43"
"C:\TPTP\TPTP-v9.3.1\Problems\GRA\GRA031^1.p","GaveUp","0","0.08"
"C:\TPTP\TPTP-v9.3.1\Problems\GEO\GEO427^1.p","Theorem","0","1.29"
"C:\TPTP\TPTP-v9.3.1\Problems\GEO\GEO426^1.p","Theorem","0","1.32"
"C:\TPTP\TPTP-v9.3.1\Problems\GEO\GEO425^1.p","Theorem","0","1.37"
"C:\TPTP\TPTP-v9.3.1\Problems\GRA\GRA032^1.p","GaveUp","0","0.08"
"C:\TPTP\TPTP-v9.3.1\Problems\GRA\GRA031^2.p","GaveUp","0","0.11"
"C:\TPTP\TPTP-v9.3.1\Problems\GRA\GRA032^2.p","GaveUp","0","0.1"
"C:\TPTP\TPTP-v9.3.1\Problems\GRA\GRA034^1.p","GaveUp","0","0.09"
"C:\TPTP\TPTP-v9.3.1\Problems\GRA\GRA034^2.p","GaveUp","0","0.11"
"C:\TPTP\TPTP-v9.3.1\Problems\GRA\GRA036^1.p","GaveUp","0","0.16"
"C:\TPTP\TPTP-v9.3.1\Problems\GRA\GRA036^2.p","GaveUp","0","0.18"
"C:\TPTP\TPTP-v9.3.1\Problems\GEO\GEO428^1.p","Theorem","0","1.36"
"C:\TPTP\TPTP-v9.3.1\Problems\GRA\GRA039^1.p","GaveUp","0","0.11"
"C:\TPTP\TPTP-v9.3.1\Problems\GEO\GEO429^1.p","Theorem","0","1.33"
"C:\TPTP\TPTP-v9.3.1\Problems\GEO\GEO430^1.p","Theorem","0","1.36"
"C:\TPTP\TPTP-v9.3.1\Problems\GEO\GEO432^1.p","Theorem","0","1.31"
"C:\TPTP\TPTP-v9.3.1\Problems\GEO\GEO433^1.p","Theorem","0","1.31"
"C:\TPTP\TPTP-v9.3.1\Problems\GEO\GEO431^1.p","Theorem","0","1.33"
"C:\TPTP\TPTP-v9.3.1\Problems\GRA\GRA041^1.p","GaveUp","0","0.09"
"C:\TPTP\TPTP-v9.3.1\Problems\GRA\GRA041^2.p","GaveUp","0","0.09"
"C:\TPTP\TPTP-v9.3.1\Problems\GRA\GRA033^1.p","GaveUp","0","0.4"
"C:\TPTP\TPTP-v9.3.1\Problems\GEO\GEO434^1.p","Theorem","0","1.34"
"C:\TPTP\TPTP-v9.3.1\Problems\GRA\GRA039^2.p","GaveUp","0","0.2"
"C:\TPTP\TPTP-v9.3.1\Problems\GRA\GRA043^1.p","GaveUp","0","0.1"
"C:\TPTP\TPTP-v9.3.1\Problems\GEO\GEO436^1.p","Theorem","0","1.29"
"C:\TPTP\TPTP-v9.3.1\Problems\GRA\GRA044^1.p","GaveUp","0","0.08"
"C:\TPTP\TPTP-v9.3.1\Problems\GRA\GRA043^2.p","GaveUp","0","0.11"
"C:\TPTP\TPTP-v9.3.1\Problems\GRA\GRA044^2.p","GaveUp","0","0.09"
"C:\TPTP\TPTP-v9.3.1\Problems\GRA\GRA046^1.p","GaveUp","0","0.1"
"C:\TPTP\TPTP-v9.3.1\Problems\GEO\GEO435^1.p","Theorem","0","1.4"
"C:\TPTP\TPTP-v9.3.1\Problems\GRA\GRA046^2.p","GaveUp","0","0.09"
"C:\TPTP\TPTP-v9.3.1\Problems\GRA\GRA048^2.p","GaveUp","0","0.11"
"C:\TPTP\TPTP-v9.3.1\Problems\GRA\GRA048^1.p","GaveUp","0","0.12"
"C:\TPTP\TPTP-v9.3.1\Problems\GRA\GRA050^1.p","GaveUp","0","0.09"
"C:\TPTP\TPTP-v9.3.1\Problems\GRA\GRA050^2.p","GaveUp","0","0.09"
"C:\TPTP\TPTP-v9.3.1\Problems\GRA\GRA052^1.p","GaveUp","0","0.38"
"C:\TPTP\TPTP-v9.3.1\Problems\GEO\GEO437^1.p","Theorem","0","1.31"
"C:\TPTP\TPTP-v9.3.1\Problems\GEO\GEO439^1.p","Theorem","0","1.32"
"C:\TPTP\TPTP-v9.3.1\Problems\GEO\GEO438^1.p","Theorem","0","1.36"
"C:\TPTP\TPTP-v9.3.1\Problems\GRA\GRA054^1.p","GaveUp","0","0.27"
"C:\TPTP\TPTP-v9.3.1\Problems\GRA\GRA052^2.p","GaveUp","0","0.36"
"C:\TPTP\TPTP-v9.3.1\Problems\GRA\GRA054^2.p","GaveUp","0","0.1"
"C:\TPTP\TPTP-v9.3.1\Problems\GRA\GRA055^1.p","GaveUp","0","0.16"
"C:\TPTP\TPTP-v9.3.1\Problems\GRA\GRA055^2.p","GaveUp","0","0.16"
"C:\TPTP\TPTP-v9.3.1\Problems\GEO\GEO416^1.p","Theorem","0","3.69"
"C:\TPTP\TPTP-v9.3.1\Problems\GEO\GEO421^1.p","Theorem","0","3.62"
"C:\TPTP\TPTP-v9.3.1\Problems\GEO\GEO417^1.p","Theorem","0","3.75"
"C:\TPTP\TPTP-v9.3.1\Problems\GRA\GRA057^2.p","GaveUp","0","0.08"
"C:\TPTP\TPTP-v9.3.1\Problems\GRA\GRA057^1.p","GaveUp","0","0.12"
"C:\TPTP\TPTP-v9.3.1\Problems\GRA\GRA035^1.p","GaveUp","0","2.37"
"C:\TPTP\TPTP-v9.3.1\Problems\GEG\GEG012^1.p","Timeout","0","10.15"
"C:\TPTP\TPTP-v9.3.1\Problems\GEG\GEG014^1.p","Timeout","0","10.17"
"C:\TPTP\TPTP-v9.3.1\Problems\GEG\GEG015^1.p","Timeout","0","10.1"
"C:\TPTP\TPTP-v9.3.1\Problems\GRA\GRA060^1.p","GaveUp","0","0.15"
"C:\TPTP\TPTP-v9.3.1\Problems\GEG\GEG019^1.p","Timeout","0","10.09"
"C:\TPTP\TPTP-v9.3.1\Problems\GEG\GEG020^1.p","Timeout","0","10.07"
"C:\TPTP\TPTP-v9.3.1\Problems\GRA\GRA060^2.p","GaveUp","0","0.12"
"C:\TPTP\TPTP-v9.3.1\Problems\GRA\GRA062^1.p","GaveUp","0","5.21"
"C:\TPTP\TPTP-v9.3.1\Problems\GRA\GRA045^1.p","GaveUp","0","9.16"
"C:\TPTP\TPTP-v9.3.1\Problems\GRA\GRA062^2.p","GaveUp","0","5.22"
"C:\TPTP\TPTP-v9.3.1\Problems\GRA\GRA063^1.p","GaveUp","0","5.21"
"C:\TPTP\TPTP-v9.3.1\Problems\GRA\GRA040^1.p","GaveUp","0","9.27"
"C:\TPTP\TPTP-v9.3.1\Problems\GRA\GRA037^1.p","GaveUp","0","9.51"
"C:\TPTP\TPTP-v9.3.1\Problems\GEO\GEO401^1.p","Timeout","0","12.84"
"C:\TPTP\TPTP-v9.3.1\Problems\GRA\GRA033^2.p","Timeout","0","10.23"
"C:\TPTP\TPTP-v9.3.1\Problems\GRA\GRA035^2.p","Timeout","0","10.2"
"C:\TPTP\TPTP-v9.3.1\Problems\GRA\GRA037^2.p","Timeout","0","10.14"
"C:\TPTP\TPTP-v9.3.1\Problems\GRA\GRA038^2.p","Timeout","0","10.15"
"C:\TPTP\TPTP-v9.3.1\Problems\GRA\GRA038^1.p","Timeout","0","10.17"
"C:\TPTP\TPTP-v9.3.1\Problems\GRA\GRA040^2.p","Timeout","0","10.06"
"C:\TPTP\TPTP-v9.3.1\Problems\GRA\GRA042^2.p","Timeout","0","10.08"
"C:\TPTP\TPTP-v9.3.1\Problems\GRA\GRA063^2.p","GaveUp","0","0.19"
"C:\TPTP\TPTP-v9.3.1\Problems\GRA\GRA042^1.p","Timeout","0","10.09"
"C:\TPTP\TPTP-v9.3.1\Problems\GRA\GRA065^1.p","GaveUp","0","0.22"
"C:\TPTP\TPTP-v9.3.1\Problems\GRA\GRA065^2.p","GaveUp","0","0.22"
"C:\TPTP\TPTP-v9.3.1\Problems\GRA\GRA045^2.p","Timeout","0","10.1"
"C:\TPTP\TPTP-v9.3.1\Problems\GRA\GRA067^1.p","GaveUp","0","0.31"
"C:\TPTP\TPTP-v9.3.1\Problems\GRA\GRA069^1.p","GaveUp","0","0.32"
"C:\TPTP\TPTP-v9.3.1\Problems\GRA\GRA069^2.p","GaveUp","0","0.27"
"C:\TPTP\TPTP-v9.3.1\Problems\GRA\GRA049^1.p","Timeout","0","10.14"
"C:\TPTP\TPTP-v9.3.1\Problems\GRA\GRA049^2.p","Timeout","0","10.15"
"C:\TPTP\TPTP-v9.3.1\Problems\GRA\GRA047^2.p","Timeout","0","10.24"
"C:\TPTP\TPTP-v9.3.1\Problems\GRA\GRA047^1.p","Timeout","0","10.27"
"C:\TPTP\TPTP-v9.3.1\Problems\GRA\GRA051^1.p","Timeout","0","10.13"
"C:\TPTP\TPTP-v9.3.1\Problems\GRA\GRA051^2.p","Timeout","0","10.11"
"C:\TPTP\TPTP-v9.3.1\Problems\GRA\GRA072^1.p","GaveUp","0","0.72"
"C:\TPTP\TPTP-v9.3.1\Problems\GRA\GRA053^2.p","Timeout","0","10.07"
"C:\TPTP\TPTP-v9.3.1\Problems\GRA\GRA067^2.p","GaveUp","0","1.21"
"C:\TPTP\TPTP-v9.3.1\Problems\GRA\GRA053^1.p","Timeout","0","10.38"
"C:\TPTP\TPTP-v9.3.1\Problems\GRA\GRA074^1.p","GaveUp","0","1.14"
"C:\TPTP\TPTP-v9.3.1\Problems\GRA\GRA081^1.p","Unsatisfiable","0","1.05"
"C:\TPTP\TPTP-v9.3.1\Problems\GRA\GRA074^2.p","GaveUp","0","1.07"
"C:\TPTP\TPTP-v9.3.1\Problems\GRA\GRA056^2.p","Timeout","0","10.06"
"C:\TPTP\TPTP-v9.3.1\Problems\GRA\GRA072^2.p","GaveUp","0","1.52"
"C:\TPTP\TPTP-v9.3.1\Problems\GRA\GRA056^1.p","Timeout","0","10.39"
"C:\TPTP\TPTP-v9.3.1\Problems\GRA\GRA058^2.p","Timeout","0","10.08"
"C:\TPTP\TPTP-v9.3.1\Problems\GRA\GRA059^1.p","Timeout","0","10.12"
"C:\TPTP\TPTP-v9.3.1\Problems\GRA\GRA059^2.p","Timeout","0","10.16"
"C:\TPTP\TPTP-v9.3.1\Problems\GRA\GRA058^1.p","Timeout","0","10.45"
"C:\TPTP\TPTP-v9.3.1\Problems\GRA\GRA061^2.p","Timeout","0","10.15"
"C:\TPTP\TPTP-v9.3.1\Problems\GRA\GRA061^1.p","Timeout","0","10.5"
"C:\TPTP\TPTP-v9.3.1\Problems\GRA\GRA087^1.p","Unsatisfiable","0","3.29"
"C:\TPTP\TPTP-v9.3.1\Problems\GRA\GRA086^1.p","Unsatisfiable","0","4.19"
"C:\TPTP\TPTP-v9.3.1\Problems\GRA\GRA082^1.p","Unsatisfiable","0","4.8"
"C:\TPTP\TPTP-v9.3.1\Problems\GRA\GRA088^1.p","Unsatisfiable","0","4.17"
"C:\TPTP\TPTP-v9.3.1\Problems\GRA\GRA091^1.p","Unsatisfiable","0","4.63"
"C:\TPTP\TPTP-v9.3.1\Problems\GRA\GRA090^1.p","Unsatisfiable","0","6.92"
"C:\TPTP\TPTP-v9.3.1\Problems\GRA\GRA097^1.p","Unsatisfiable","0","7.94"
"C:\TPTP\TPTP-v9.3.1\Problems\GRA\GRA096^1.p","Unsatisfiable","0","8.04"
"C:\TPTP\TPTP-v9.3.1\Problems\GRA\GRA064^1.p","Timeout","0","10.18"
"C:\TPTP\TPTP-v9.3.1\Problems\GRA\GRA064^2.p","Timeout","0","10.19"
"C:\TPTP\TPTP-v9.3.1\Problems\GRA\GRA066^2.p","Timeout","0","10.21"
"C:\TPTP\TPTP-v9.3.1\Problems\GRA\GRA105^1.p","Unsatisfiable","0","4.87"
"C:\TPTP\TPTP-v9.3.1\Problems\GRA\GRA070^2.p","Timeout","0","10.12"
"C:\TPTP\TPTP-v9.3.1\Problems\GRA\GRA068^1.p","Timeout","0","10.33"
"C:\TPTP\TPTP-v9.3.1\Problems\GRA\GRA068^2.p","Timeout","0","10.34"
"C:\TPTP\TPTP-v9.3.1\Problems\GRA\GRA071^2.p","Timeout","0","10.15"
"C:\TPTP\TPTP-v9.3.1\Problems\GRA\GRA073^2.p","Timeout","0","10.06"
"C:\TPTP\TPTP-v9.3.1\Problems\GRA\GRA066^1.p","Timeout","0","10.52"
"C:\TPTP\TPTP-v9.3.1\Problems\GRA\GRA083^1.p","Timeout","0","10.05"
"C:\TPTP\TPTP-v9.3.1\Problems\GRA\GRA084^1.p","Timeout","0","10.08"
"C:\TPTP\TPTP-v9.3.1\Problems\GRA\GRA085^1.p","Timeout","0","10.09"
"C:\TPTP\TPTP-v9.3.1\Problems\GRA\GRA070^1.p","Timeout","0","10.45"
"C:\TPTP\TPTP-v9.3.1\Problems\GRA\GRA071^1.p","Timeout","0","10.43"
"C:\TPTP\TPTP-v9.3.1\Problems\GRA\GRA073^1.p","Timeout","0","10.32"
"C:\TPTP\TPTP-v9.3.1\Problems\GRA\GRA089^1.p","Timeout","0","10.08"
"C:\TPTP\TPTP-v9.3.1\Problems\GRA\GRA092^1.p","Timeout","0","10.08"
"C:\TPTP\TPTP-v9.3.1\Problems\GRA\GRA117^1.p","Unsatisfiable","0","1.33"
"C:\TPTP\TPTP-v9.3.1\Problems\GRA\GRA118^1.p","Unsatisfiable","0","1.29"
"C:\TPTP\TPTP-v9.3.1\Problems\GRA\GRA119^1.p","Unsatisfiable","0","1.15"
"C:\TPTP\TPTP-v9.3.1\Problems\GRA\GRA093^1.p","Timeout","0","10.06"
"C:\TPTP\TPTP-v9.3.1\Problems\GRA\GRA094^1.p","Timeout","0","10.12"
"C:\TPTP\TPTP-v9.3.1\Problems\GRA\GRA095^1.p","Timeout","0","10.15"
"C:\TPTP\TPTP-v9.3.1\Problems\GRA\GRA098^1.p","Timeout","0","10.15"
"C:\TPTP\TPTP-v9.3.1\Problems\GRA\GRA099^1.p","Timeout","0","10.16"
"C:\TPTP\TPTP-v9.3.1\Problems\GRA\GRA111^1.p","Unsatisfiable","0","2.62"
"C:\TPTP\TPTP-v9.3.1\Problems\GRA\GRA126^1.p","Unsatisfiable","0","1.69"
"C:\TPTP\TPTP-v9.3.1\Problems\GRA\GRA109^1.p","Unsatisfiable","0","2.92"
"C:\TPTP\TPTP-v9.3.1\Problems\GRA\GRA127^1.p","Unsatisfiable","0","1.95"
"C:\TPTP\TPTP-v9.3.1\Problems\GRA\GRA100^1.p","Timeout","0","10.09"
"C:\TPTP\TPTP-v9.3.1\Problems\GRA\GRA101^1.p","Timeout","0","10.08"
"C:\TPTP\TPTP-v9.3.1\Problems\GRA\GRA102^1.p","Timeout","0","10.12"
"C:\TPTP\TPTP-v9.3.1\Problems\GRA\GRA128^1.p","Unsatisfiable","0","3.59"
"C:\TPTP\TPTP-v9.3.1\Problems\GRA\GRA103^1.p","Timeout","0","10.17"
"C:\TPTP\TPTP-v9.3.1\Problems\GRA\GRA104^1.p","Timeout","0","10.12"
"C:\TPTP\TPTP-v9.3.1\Problems\GRA\GRA106^1.p","Timeout","0","10.09"
"C:\TPTP\TPTP-v9.3.1\Problems\GRA\GRA107^1.p","Timeout","0","10.07"
"C:\TPTP\TPTP-v9.3.1\Problems\GRA\GRA108^1.p","Timeout","0","10.05"
"C:\TPTP\TPTP-v9.3.1\Problems\GRA\GRA110^1.p","Timeout","0","10.06"
"C:\TPTP\TPTP-v9.3.1\Problems\GRA\GRA139^1.p","Unsatisfiable","0","6.65"
"C:\TPTP\TPTP-v9.3.1\Problems\GRA\GRA112^1.p","Timeout","0","10.06"
"C:\TPTP\TPTP-v9.3.1\Problems\GRA\GRA113^1.p","Timeout","0","10.14"
"C:\TPTP\TPTP-v9.3.1\Problems\GRA\GRA114^1.p","Timeout","0","10.14"
"C:\TPTP\TPTP-v9.3.1\Problems\GRA\GRA115^1.p","Timeout","0","10.15"
"C:\TPTP\TPTP-v9.3.1\Problems\GRA\GRA116^1.p","Timeout","0","10.15"
"C:\TPTP\TPTP-v9.3.1\Problems\GRA\GRA120^1.p","Timeout","0","10.09"
"C:\TPTP\TPTP-v9.3.1\Problems\GRA\GRA121^1.p","Timeout","0","10.06"
"C:\TPTP\TPTP-v9.3.1\Problems\GRA\GRA122^1.p","Timeout","0","10.07"
"C:\TPTP\TPTP-v9.3.1\Problems\GRA\GRA123^1.p","Timeout","0","10.07"
"C:\TPTP\TPTP-v9.3.1\Problems\GRA\GRA125^1.p","Timeout","0","10.08"
"C:\TPTP\TPTP-v9.3.1\Problems\GRA\GRA124^1.p","Timeout","0","10.09"
"C:\TPTP\TPTP-v9.3.1\Problems\GRA\GRA129^1.p","Timeout","0","10.1"
"C:\TPTP\TPTP-v9.3.1\Problems\GRA\GRA130^1.p","Timeout","0","10.13"
"C:\TPTP\TPTP-v9.3.1\Problems\GRA\GRA131^1.p","Timeout","0","10.14"
"C:\TPTP\TPTP-v9.3.1\Problems\GRA\GRA132^1.p","Timeout","0","10.09"
"C:\TPTP\TPTP-v9.3.1\Problems\GRA\GRA133^1.p","Timeout","0","10.06"
"C:\TPTP\TPTP-v9.3.1\Problems\GRA\GRA134^1.p","Timeout","0","10.11"
"C:\TPTP\TPTP-v9.3.1\Problems\GRA\GRA135^1.p","Timeout","0","10.05"
"C:\TPTP\TPTP-v9.3.1\Problems\GRA\GRA136^1.p","Timeout","0","10.08"
"C:\TPTP\TPTP-v9.3.1\Problems\GRA\GRA137^1.p","Timeout","0","10.08"
"C:\TPTP\TPTP-v9.3.1\Problems\GRA\GRA138^1.p","Timeout","0","10.13"
"C:\TPTP\TPTP-v9.3.1\Problems\GRA\GRA140^1.p","Timeout","0","10.11"
"C:\TPTP\TPTP-v9.3.1\Problems\GRA\GRA141^1.p","Timeout","0","10.06"
"C:\TPTP\TPTP-v9.3.1\Problems\GRA\GRA162^1.p","Unsatisfiable","0","2.54"
"C:\TPTP\TPTP-v9.3.1\Problems\GRA\GRA142^1.p","Timeout","0","10.07"
"C:\TPTP\TPTP-v9.3.1\Problems\GRA\GRA143^1.p","Timeout","0","10.09"
"C:\TPTP\TPTP-v9.3.1\Problems\GRA\GRA165^1.p","Unsatisfiable","0","3.34"
"C:\TPTP\TPTP-v9.3.1\Problems\GRA\GRA144^1.p","Timeout","0","10.09"
"C:\TPTP\TPTP-v9.3.1\Problems\GRA\GRA145^1.p","Timeout","0","10.5"
"C:\TPTP\TPTP-v9.3.1\Problems\GRA\GRA146^1.p","Timeout","0","10.1"
"C:\TPTP\TPTP-v9.3.1\Problems\GRA\GRA163^1.p","Unsatisfiable","0","4.9"
"C:\TPTP\TPTP-v9.3.1\Problems\GRA\GRA166^1.p","Unsatisfiable","0","5.87"
"C:\TPTP\TPTP-v9.3.1\Problems\GRA\GRA172^1.p","Unsatisfiable","0","4.86"
"C:\TPTP\TPTP-v9.3.1\Problems\GRA\GRA147^1.p","Timeout","0","10.09"
"C:\TPTP\TPTP-v9.3.1\Problems\GRA\GRA169^1.p","Unsatisfiable","0","7.12"
"C:\TPTP\TPTP-v9.3.1\Problems\GRA\GRA148^1.p","Timeout","0","10.06"
"C:\TPTP\TPTP-v9.3.1\Problems\GRP\GRP001^5.p","Theorem","0","4.88"
"C:\TPTP\TPTP-v9.3.1\Problems\GRA\GRA149^1.p","Timeout","0","10.06"
"C:\TPTP\TPTP-v9.3.1\Problems\GRA\GRA150^1.p","Timeout","0","10.07"
"C:\TPTP\TPTP-v9.3.1\Problems\GRA\GRA151^1.p","Timeout","0","10.11"
"C:\TPTP\TPTP-v9.3.1\Problems\GRA\GRA153^1.p","Timeout","0","10.06"
"C:\TPTP\TPTP-v9.3.1\Problems\GRA\GRA152^1.p","Timeout","0","10.09"
"C:\TPTP\TPTP-v9.3.1\Problems\GRA\GRA154^1.p","Timeout","0","10.08"
"C:\TPTP\TPTP-v9.3.1\Problems\GRA\GRA155^1.p","Timeout","0","10.07"
"C:\TPTP\TPTP-v9.3.1\Problems\GRA\GRA156^1.p","Timeout","0","10.07"
"C:\TPTP\TPTP-v9.3.1\Problems\GRA\GRA157^1.p","Timeout","0","10.09"
"C:\TPTP\TPTP-v9.3.1\Problems\GRA\GRA158^1.p","Timeout","0","10.04"
"C:\TPTP\TPTP-v9.3.1\Problems\GRA\GRA160^1.p","Timeout","0","10.07"
"C:\TPTP\TPTP-v9.3.1\Problems\GRA\GRA161^1.p","Timeout","0","10.08"
"C:\TPTP\TPTP-v9.3.1\Problems\GRA\GRA159^1.p","Timeout","0","10.1"
"C:\TPTP\TPTP-v9.3.1\Problems\GRA\GRA171^1.p","Unsatisfiable","0","8.44"
"C:\TPTP\TPTP-v9.3.1\Problems\GRA\GRA164^1.p","Timeout","0","10.13"
"C:\TPTP\TPTP-v9.3.1\Problems\GRA\GRA167^1.p","Timeout","0","10.08"
"C:\TPTP\TPTP-v9.3.1\Problems\GRA\GRA168^1.p","Timeout","0","10.19"
"C:\TPTP\TPTP-v9.3.1\Problems\GRP\GRP799^1.p","GaveUp","0","2.29"
"C:\TPTP\TPTP-v9.3.1\Problems\GRA\GRA170^1.p","Timeout","0","10.09"
"C:\TPTP\TPTP-v9.3.1\Problems\GRA\GRA173^1.p","Timeout","0","10.11"
"C:\TPTP\TPTP-v9.3.1\Problems\GRA\GRA174^1.p","Timeout","0","10.1"
"C:\TPTP\TPTP-v9.3.1\Problems\GRA\GRA175^1.p","Timeout","0","10.14"
"C:\TPTP\TPTP-v9.3.1\Problems\GRP\GRP813^1.p","GaveUp","0","0.48"
"C:\TPTP\TPTP-v9.3.1\Problems\GRP\GRP783^1.p","Timeout","0","10.07"
"C:\TPTP\TPTP-v9.3.1\Problems\GRP\GRP782^1.p","Timeout","0","10.14"
"C:\TPTP\TPTP-v9.3.1\Problems\GRP\GRP784^1.p","Timeout","0","10.12"
"C:\TPTP\TPTP-v9.3.1\Problems\GRP\GRP785^1.p","Timeout","0","10.05"
"C:\TPTP\TPTP-v9.3.1\Problems\GRP\GRP786^1.p","Timeout","0","10.12"
"C:\TPTP\TPTP-v9.3.1\Problems\GRP\GRP787^1.p","Timeout","0","10.16"
"C:\TPTP\TPTP-v9.3.1\Problems\GRP\GRP789^1.p","Timeout","0","10.09"
"C:\TPTP\TPTP-v9.3.1\Problems\GRP\GRP788^1.p","Timeout","0","10.14"
"C:\TPTP\TPTP-v9.3.1\Problems\ITP\ITP001^1.p","Theorem","0","0.24"
"C:\TPTP\TPTP-v9.3.1\Problems\ITP\ITP001^2.p","Theorem","0","0.2"
"C:\TPTP\TPTP-v9.3.1\Problems\ITP\ITP001^3.p","Theorem","0","0.09"
"C:\TPTP\TPTP-v9.3.1\Problems\ITP\ITP001^4.p","Theorem","0","0.11"
"C:\TPTP\TPTP-v9.3.1\Problems\ITP\ITP001^5.p","Theorem","0","0.1"
"C:\TPTP\TPTP-v9.3.1\Problems\ITP\ITP001^7.p","Theorem","0","0.12"
"C:\TPTP\TPTP-v9.3.1\Problems\GRP\GRP790^1.p","Timeout","0","10.14"
"C:\TPTP\TPTP-v9.3.1\Problems\GRP\GRP791^1.p","Timeout","0","10.06"
"C:\TPTP\TPTP-v9.3.1\Problems\GRP\GRP793^1.p","Timeout","0","10.11"
"C:\TPTP\TPTP-v9.3.1\Problems\GRP\GRP792^1.p","Timeout","0","10.16"
"C:\TPTP\TPTP-v9.3.1\Problems\GRP\GRP795^1.p","Timeout","0","10.06"
"C:\TPTP\TPTP-v9.3.1\Problems\GRP\GRP794^1.p","Timeout","0","10.13"
"C:\TPTP\TPTP-v9.3.1\Problems\GRP\GRP797^1.p","Timeout","0","10.06"
"C:\TPTP\TPTP-v9.3.1\Problems\GRP\GRP796^1.p","Timeout","0","10.13"
"C:\TPTP\TPTP-v9.3.1\Problems\GRP\GRP798^1.p","Timeout","0","10.13"
"C:\TPTP\TPTP-v9.3.1\Problems\GRP\GRP801^1.p","Timeout","0","10.06"
"C:\TPTP\TPTP-v9.3.1\Problems\GRP\GRP800^1.p","Timeout","0","10.13"
"C:\TPTP\TPTP-v9.3.1\Problems\GRP\GRP803^1.p","Timeout","0","10.06"
"C:\TPTP\TPTP-v9.3.1\Problems\GRP\GRP805^1.p","Timeout","0","10.11"
"C:\TPTP\TPTP-v9.3.1\Problems\GRP\GRP802^1.p","Timeout","0","10.18"
"C:\TPTP\TPTP-v9.3.1\Problems\GRP\GRP804^1.p","Timeout","0","10.16"
"C:\TPTP\TPTP-v9.3.1\Problems\ITP\ITP004^3.p","Theorem","0","0.09"
"C:\TPTP\TPTP-v9.3.1\Problems\GRP\GRP806^1.p","Timeout","0","10.16"
"C:\TPTP\TPTP-v9.3.1\Problems\GRP\GRP807^1.p","Timeout","0","10.05"
"C:\TPTP\TPTP-v9.3.1\Problems\GRP\GRP809^1.p","Timeout","0","10.07"
"C:\TPTP\TPTP-v9.3.1\Problems\GRP\GRP808^1.p","Timeout","0","10.2"
"C:\TPTP\TPTP-v9.3.1\Problems\GRP\GRP810^1.p","Timeout","0","10.19"
"C:\TPTP\TPTP-v9.3.1\Problems\GRP\GRP811^1.p","Timeout","0","10.28"
"C:\TPTP\TPTP-v9.3.1\Problems\GRP\GRP812^1.p","Timeout","0","10.22"
"C:\TPTP\TPTP-v9.3.1\Problems\GRP\GRP814^1.p","Timeout","0","10.2"
"C:\TPTP\TPTP-v9.3.1\Problems\GRP\GRP815^1.p","Timeout","0","10.11"
"C:\TPTP\TPTP-v9.3.1\Problems\GRP\GRP817^1.p","Timeout","0","10.1"
"C:\TPTP\TPTP-v9.3.1\Problems\GRP\GRP816^1.p","Timeout","0","10.2"
"C:\TPTP\TPTP-v9.3.1\Problems\GRP\GRP818^1.p","Timeout","0","10.18"
"C:\TPTP\TPTP-v9.3.1\Problems\GRP\GRP819^1.p","Timeout","0","10.08"
"C:\TPTP\TPTP-v9.3.1\Problems\GRP\GRP820^1.p","Timeout","0","10.2"
"C:\TPTP\TPTP-v9.3.1\Problems\GRP\GRP821^1.p","Timeout","0","10.08"
"C:\TPTP\TPTP-v9.3.1\Problems\ITP\ITP002^1.p","Timeout","0","10.14"
"C:\TPTP\TPTP-v9.3.1\Problems\ITP\ITP002^2.p","Timeout","0","10.17"
"C:\TPTP\TPTP-v9.3.1\Problems\ITP\ITP002^3.p","Timeout","0","10.11"
"C:\TPTP\TPTP-v9.3.1\Problems\ITP\ITP002^4.p","Timeout","0","10.11"
"C:\TPTP\TPTP-v9.3.1\Problems\ITP\ITP002^7.p","Timeout","0","10.12"
"C:\TPTP\TPTP-v9.3.1\Problems\ITP\ITP002^5.p","Timeout","0","10.17"
"C:\TPTP\TPTP-v9.3.1\Problems\ITP\ITP003^2.p","Timeout","0","10.13"
"C:\TPTP\TPTP-v9.3.1\Problems\ITP\ITP008^3.p","Theorem","0","0.1"
"C:\TPTP\TPTP-v9.3.1\Problems\ITP\ITP003^3.p","Timeout","0","10.1"
"C:\TPTP\TPTP-v9.3.1\Problems\ITP\ITP003^1.p","Timeout","0","10.28"
"C:\TPTP\TPTP-v9.3.1\Problems\ITP\ITP003^4.p","Timeout","0","10.12"
"C:\TPTP\TPTP-v9.3.1\Problems\ITP\ITP003^5.p","Timeout","0","10.1"
"C:\TPTP\TPTP-v9.3.1\Problems\ITP\ITP003^7.p","Timeout","0","10.08"
"C:\TPTP\TPTP-v9.3.1\Problems\ITP\ITP004^1.p","Timeout","0","10.18"
"C:\TPTP\TPTP-v9.3.1\Problems\ITP\ITP004^4.p","Timeout","0","10.13"
"C:\TPTP\TPTP-v9.3.1\Problems\ITP\ITP004^5.p","Timeout","0","10.1"
"C:\TPTP\TPTP-v9.3.1\Problems\ITP\ITP004^2.p","Timeout","0","10.15"
"C:\TPTP\TPTP-v9.3.1\Problems\ITP\ITP004^7.p","Timeout","0","10.05"
"C:\TPTP\TPTP-v9.3.1\Problems\ITP\ITP010^1.p","Theorem","0","0.08"
"C:\TPTP\TPTP-v9.3.1\Problems\ITP\ITP010^2.p","Theorem","0","0.09"
"C:\TPTP\TPTP-v9.3.1\Problems\ITP\ITP010^3.p","Theorem","0","0.09"
"C:\TPTP\TPTP-v9.3.1\Problems\ITP\ITP005^1.p","Timeout","0","10.13"
"C:\TPTP\TPTP-v9.3.1\Problems\ITP\ITP005^2.p","Timeout","0","10.11"
"C:\TPTP\TPTP-v9.3.1\Problems\ITP\ITP010^7.p","Theorem","0","1.33"
"C:\TPTP\TPTP-v9.3.1\Problems\ITP\ITP005^4.p","Timeout","0","10.06"
"C:\TPTP\TPTP-v9.3.1\Problems\ITP\ITP005^3.p","Timeout","0","10.12"
"C:\TPTP\TPTP-v9.3.1\Problems\ITP\ITP005^5.p","Timeout","0","10.12"
"C:\TPTP\TPTP-v9.3.1\Problems\ITP\ITP005^7.p","Timeout","0","10.08"
"C:\TPTP\TPTP-v9.3.1\Problems\ITP\ITP010^5.p","Theorem","0","3.26"
"C:\TPTP\TPTP-v9.3.1\Problems\ITP\ITP006^1.p","Timeout","0","10.29"
"C:\TPTP\TPTP-v9.3.1\Problems\ITP\ITP012^3.p","Theorem","0","0.47"
"C:\TPTP\TPTP-v9.3.1\Problems\ITP\ITP006^2.p","Timeout","0","10.24"
"C:\TPTP\TPTP-v9.3.1\Problems\ITP\ITP006^3.p","Timeout","0","10.08"
"C:\TPTP\TPTP-v9.3.1\Problems\ITP\ITP010^4.p","Theorem","0","4.49"
"C:\TPTP\TPTP-v9.3.1\Problems\ITP\ITP006^4.p","Timeout","0","10.08"
"C:\TPTP\TPTP-v9.3.1\Problems\ITP\ITP006^5.p","Timeout","0","10.12"
"C:\TPTP\TPTP-v9.3.1\Problems\ITP\ITP006^7.p","Timeout","0","10.06"
"C:\TPTP\TPTP-v9.3.1\Problems\ITP\ITP007^1.p","Timeout","0","10.13"
"C:\TPTP\TPTP-v9.3.1\Problems\ITP\ITP007^2.p","Timeout","0","10.11"
"C:\TPTP\TPTP-v9.3.1\Problems\ITP\ITP007^3.p","Timeout","0","10.08"
"C:\TPTP\TPTP-v9.3.1\Problems\ITP\ITP007^4.p","Timeout","0","10.08"
"C:\TPTP\TPTP-v9.3.1\Problems\ITP\ITP007^5.p","Timeout","0","10.2"
"C:\TPTP\TPTP-v9.3.1\Problems\ITP\ITP007^7.p","Timeout","0","10.08"
"C:\TPTP\TPTP-v9.3.1\Problems\ITP\ITP008^1.p","Timeout","0","10.15"
"C:\TPTP\TPTP-v9.3.1\Problems\ITP\ITP008^2.p","Timeout","0","10.16"
"C:\TPTP\TPTP-v9.3.1\Problems\ITP\ITP008^4.p","Timeout","0","10.14"
"C:\TPTP\TPTP-v9.3.1\Problems\ITP\ITP008^5.p","Timeout","0","10.09"
"C:\TPTP\TPTP-v9.3.1\Problems\ITP\ITP008^7.p","Timeout","0","10.13"
"C:\TPTP\TPTP-v9.3.1\Problems\ITP\ITP009^3.p","Timeout","0","10.08"
"C:\TPTP\TPTP-v9.3.1\Problems\ITP\ITP009^1.p","Timeout","0","10.2"
"C:\TPTP\TPTP-v9.3.1\Problems\ITP\ITP009^2.p","Timeout","0","10.13"
"C:\TPTP\TPTP-v9.3.1\Problems\ITP\ITP009^4.p","Timeout","0","10.06"
"C:\TPTP\TPTP-v9.3.1\Problems\ITP\ITP009^7.p","Timeout","0","10.07"
"C:\TPTP\TPTP-v9.3.1\Problems\ITP\ITP009^5.p","Timeout","0","10.08"
"C:\TPTP\TPTP-v9.3.1\Problems\ITP\ITP011^1.p","Timeout","0","10.09"
"C:\TPTP\TPTP-v9.3.1\Problems\ITP\ITP011^2.p","Timeout","0","10.1"
"C:\TPTP\TPTP-v9.3.1\Problems\ITP\ITP011^3.p","Timeout","0","10.35"
"C:\TPTP\TPTP-v9.3.1\Problems\ITP\ITP011^4.p","Timeout","0","10.12"
"C:\TPTP\TPTP-v9.3.1\Problems\ITP\ITP011^5.p","Timeout","0","10.1"
"C:\TPTP\TPTP-v9.3.1\Problems\ITP\ITP011^7.p","Timeout","0","10.07"
"C:\TPTP\TPTP-v9.3.1\Problems\ITP\ITP012^1.p","Timeout","0","10.19"
"C:\TPTP\TPTP-v9.3.1\Problems\ITP\ITP012^2.p","Timeout","0","10.19"
"C:\TPTP\TPTP-v9.3.1\Problems\ITP\ITP012^4.p","Timeout","0","10.05"
"C:\TPTP\TPTP-v9.3.1\Problems\ITP\ITP012^5.p","Timeout","0","10.08"
"C:\TPTP\TPTP-v9.3.1\Problems\ITP\ITP012^7.p","Timeout","0","10.06"
"C:\TPTP\TPTP-v9.3.1\Problems\ITP\ITP018^1.p","Theorem","0","0.09"
"C:\TPTP\TPTP-v9.3.1\Problems\ITP\ITP018^2.p","Theorem","0","0.11"
"C:\TPTP\TPTP-v9.3.1\Problems\ITP\ITP013^1.p","Timeout","0","10.12"
"C:\TPTP\TPTP-v9.3.1\Problems\ITP\ITP013^3.p","Timeout","0","10.06"
"C:\TPTP\TPTP-v9.3.1\Problems\ITP\ITP013^2.p","Timeout","0","10.18"
"C:\TPTP\TPTP-v9.3.1\Problems\ITP\ITP019^1.p","Theorem","0","0.41"
"C:\TPTP\TPTP-v9.3.1\Problems\ITP\ITP013^4.p","Timeout","0","10.06"
"C:\TPTP\TPTP-v9.3.1\Problems\ITP\ITP019^2.p","Theorem","0","0.08"
"C:\TPTP\TPTP-v9.3.1\Problems\ITP\ITP019^3.p","Theorem","0","0.08"
"C:\TPTP\TPTP-v9.3.1\Problems\ITP\ITP013^5.p","Timeout","0","10.12"
"C:\TPTP\TPTP-v9.3.1\Problems\ITP\ITP013^7.p","Timeout","0","10.05"
"C:\TPTP\TPTP-v9.3.1\Problems\ITP\ITP014^1.p","Timeout","0","10.14"
"C:\TPTP\TPTP-v9.3.1\Problems\ITP\ITP014^2.p","Timeout","0","10.18"
"C:\TPTP\TPTP-v9.3.1\Problems\ITP\ITP014^3.p","Timeout","0","10.1"
"C:\TPTP\TPTP-v9.3.1\Problems\ITP\ITP014^4.p","Timeout","0","10.21"
"C:\TPTP\TPTP-v9.3.1\Problems\ITP\ITP014^5.p","Timeout","0","10.09"
"C:\TPTP\TPTP-v9.3.1\Problems\ITP\ITP014^7.p","Timeout","0","10.1"
"C:\TPTP\TPTP-v9.3.1\Problems\ITP\ITP015^1.p","Timeout","0","10.14"
"C:\TPTP\TPTP-v9.3.1\Problems\ITP\ITP015^3.p","Timeout","0","10.06"
"C:\TPTP\TPTP-v9.3.1\Problems\ITP\ITP015^4.p","Timeout","0","10.06"
"C:\TPTP\TPTP-v9.3.1\Problems\ITP\ITP015^2.p","Timeout","0","10.13"
"C:\TPTP\TPTP-v9.3.1\Problems\ITP\ITP015^7.p","Timeout","0","10.06"
"C:\TPTP\TPTP-v9.3.1\Problems\ITP\ITP021^3.p","Theorem","0","0.07"
"C:\TPTP\TPTP-v9.3.1\Problems\ITP\ITP015^5.p","Timeout","0","10.11"
"C:\TPTP\TPTP-v9.3.1\Problems\ITP\ITP016^1.p","Timeout","0","10.18"
"C:\TPTP\TPTP-v9.3.1\Problems\ITP\ITP016^2.p","Timeout","0","10.11"
"C:\TPTP\TPTP-v9.3.1\Problems\ITP\ITP016^3.p","Timeout","0","10.21"
"C:\TPTP\TPTP-v9.3.1\Problems\ITP\ITP016^4.p","Timeout","0","10.08"
"C:\TPTP\TPTP-v9.3.1\Problems\ITP\ITP016^5.p","Timeout","0","10.09"
"C:\TPTP\TPTP-v9.3.1\Problems\ITP\ITP023^1.p","Theorem","0","0.63"
"C:\TPTP\TPTP-v9.3.1\Problems\ITP\ITP016^7.p","Timeout","0","10.1"
"C:\TPTP\TPTP-v9.3.1\Problems\ITP\ITP023^3.p","Theorem","0","0.14"
"C:\TPTP\TPTP-v9.3.1\Problems\ITP\ITP017^1.p","Timeout","0","10.11"
"C:\TPTP\TPTP-v9.3.1\Problems\ITP\ITP017^2.p","Timeout","0","10.09"
"C:\TPTP\TPTP-v9.3.1\Problems\ITP\ITP017^3.p","Timeout","0","10.15"
"C:\TPTP\TPTP-v9.3.1\Problems\ITP\ITP017^4.p","Timeout","0","10.07"
"C:\TPTP\TPTP-v9.3.1\Problems\ITP\ITP017^5.p","Timeout","0","10.1"
"C:\TPTP\TPTP-v9.3.1\Problems\ITP\ITP017^7.p","Timeout","0","10.12"
"C:\TPTP\TPTP-v9.3.1\Problems\ITP\ITP018^3.p","Timeout","0","10.06"
"C:\TPTP\TPTP-v9.3.1\Problems\ITP\ITP018^4.p","Timeout","0","10.06"
"C:\TPTP\TPTP-v9.3.1\Problems\ITP\ITP018^7.p","Timeout","0","10.14"
"C:\TPTP\TPTP-v9.3.1\Problems\ITP\ITP018^5.p","Timeout","0","10.19"
"C:\TPTP\TPTP-v9.3.1\Problems\ITP\ITP019^4.p","Timeout","0","10.06"
"C:\TPTP\TPTP-v9.3.1\Problems\ITP\ITP019^5.p","Timeout","0","10.07"
"C:\TPTP\TPTP-v9.3.1\Problems\ITP\ITP019^7.p","Timeout","0","10.06"
"C:\TPTP\TPTP-v9.3.1\Problems\ITP\ITP020^1.p","Timeout","0","10.17"
"C:\TPTP\TPTP-v9.3.1\Problems\ITP\ITP020^2.p","Timeout","0","10.11"
"C:\TPTP\TPTP-v9.3.1\Problems\ITP\ITP020^3.p","Timeout","0","10.1"
"C:\TPTP\TPTP-v9.3.1\Problems\ITP\ITP020^4.p","Timeout","0","10.06"
"C:\TPTP\TPTP-v9.3.1\Problems\ITP\ITP027^1.p","Theorem","0","0.86"
"C:\TPTP\TPTP-v9.3.1\Problems\ITP\ITP020^5.p","Timeout","0","10.06"
"C:\TPTP\TPTP-v9.3.1\Problems\ITP\ITP020^7.p","Timeout","0","10.05"
"C:\TPTP\TPTP-v9.3.1\Problems\ITP\ITP021^1.p","Timeout","0","10.17"
"C:\TPTP\TPTP-v9.3.1\Problems\ITP\ITP021^2.p","Timeout","0","10.15"
"C:\TPTP\TPTP-v9.3.1\Problems\ITP\ITP021^4.p","Timeout","0","10.16"
"C:\TPTP\TPTP-v9.3.1\Problems\ITP\ITP021^7.p","Timeout","0","10.13"
"C:\TPTP\TPTP-v9.3.1\Problems\ITP\ITP021^5.p","Timeout","0","10.18"
"C:\TPTP\TPTP-v9.3.1\Problems\ITP\ITP029^1.p","Theorem","0","0.16"
"C:\TPTP\TPTP-v9.3.1\Problems\ITP\ITP030^1.p","Theorem","0","0.08"
"C:\TPTP\TPTP-v9.3.1\Problems\ITP\ITP022^2.p","Timeout","0","10.22"
"C:\TPTP\TPTP-v9.3.1\Problems\ITP\ITP022^1.p","Timeout","0","10.26"
"C:\TPTP\TPTP-v9.3.1\Problems\ITP\ITP022^3.p","Timeout","0","10.18"
"C:\TPTP\TPTP-v9.3.1\Problems\ITP\ITP030^2.p","Theorem","0","0.17"
"C:\TPTP\TPTP-v9.3.1\Problems\ITP\ITP022^4.p","Timeout","0","10.08"
"C:\TPTP\TPTP-v9.3.1\Problems\ITP\ITP028^2.p","Theorem","0","0.62"
"C:\TPTP\TPTP-v9.3.1\Problems\ITP\ITP022^5.p","Timeout","0","10.09"
"C:\TPTP\TPTP-v9.3.1\Problems\ITP\ITP034^2.p","Theorem","0","0.15"
"C:\TPTP\TPTP-v9.3.1\Problems\ITP\ITP031^1.p","Theorem","0","0.34"
"C:\TPTP\TPTP-v9.3.1\Problems\ITP\ITP035^1.p","Theorem","0","0.18"
"C:\TPTP\TPTP-v9.3.1\Problems\ITP\ITP034^1.p","Theorem","0","0.23"
"C:\TPTP\TPTP-v9.3.1\Problems\ITP\ITP033^1.p","Theorem","0","0.28"
"C:\TPTP\TPTP-v9.3.1\Problems\ITP\ITP027^2.p","Theorem","0","0.9"
"C:\TPTP\TPTP-v9.3.1\Problems\ITP\ITP036^1.p","Theorem","0","0.23"
"C:\TPTP\TPTP-v9.3.1\Problems\ITP\ITP038^1.p","Theorem","0","0.22"
"C:\TPTP\TPTP-v9.3.1\Problems\ITP\ITP039^1.p","Theorem","0","0.09"
"C:\TPTP\TPTP-v9.3.1\Problems\ITP\ITP039^2.p","Theorem","0","0.09"
"C:\TPTP\TPTP-v9.3.1\Problems\ITP\ITP036^2.p","Theorem","0","0.42"
"C:\TPTP\TPTP-v9.3.1\Problems\ITP\ITP033^2.p","Theorem","0","0.73"
"C:\TPTP\TPTP-v9.3.1\Problems\ITP\ITP041^1.p","Theorem","0","0.18"
"C:\TPTP\TPTP-v9.3.1\Problems\ITP\ITP040^1.p","Theorem","0","0.32"
"C:\TPTP\TPTP-v9.3.1\Problems\ITP\ITP022^7.p","Timeout","0","10.08"
"C:\TPTP\TPTP-v9.3.1\Problems\ITP\ITP041^2.p","Theorem","0","0.13"
"C:\TPTP\TPTP-v9.3.1\Problems\ITP\ITP037^2.p","Theorem","0","0.65"
"C:\TPTP\TPTP-v9.3.1\Problems\ITP\ITP043^1.p","Theorem","0","0.15"
"C:\TPTP\TPTP-v9.3.1\Problems\ITP\ITP042^1.p","Theorem","0","0.25"
"C:\TPTP\TPTP-v9.3.1\Problems\ITP\ITP044^1.p","Theorem","0","0.2"
"C:\TPTP\TPTP-v9.3.1\Problems\ITP\ITP043^2.p","Theorem","0","0.28"
"C:\TPTP\TPTP-v9.3.1\Problems\ITP\ITP044^2.p","Theorem","0","0.21"
"C:\TPTP\TPTP-v9.3.1\Problems\ITP\ITP038^2.p","Theorem","0","1"
"C:\TPTP\TPTP-v9.3.1\Problems\ITP\ITP046^1.p","Theorem","0","0.3"
"C:\TPTP\TPTP-v9.3.1\Problems\ITP\ITP047^1.p","Theorem","0","0.34"
"C:\TPTP\TPTP-v9.3.1\Problems\ITP\ITP023^2.p","Timeout","0","10.16"
"C:\TPTP\TPTP-v9.3.1\Problems\ITP\ITP046^2.p","Theorem","0","0.56"
"C:\TPTP\TPTP-v9.3.1\Problems\ITP\ITP023^4.p","Timeout","0","10.09"
"C:\TPTP\TPTP-v9.3.1\Problems\ITP\ITP023^5.p","Timeout","0","10.07"
"C:\TPTP\TPTP-v9.3.1\Problems\ITP\ITP023^7.p","Timeout","0","10.07"
"C:\TPTP\TPTP-v9.3.1\Problems\ITP\ITP049^1.p","Theorem","0","0.14"
"C:\TPTP\TPTP-v9.3.1\Problems\ITP\ITP049^2.p","Theorem","0","0.11"
"C:\TPTP\TPTP-v9.3.1\Problems\ITP\ITP050^1.p","Theorem","0","0.27"
"C:\TPTP\TPTP-v9.3.1\Problems\ITP\ITP024^1.p","Timeout","0","10.19"
"C:\TPTP\TPTP-v9.3.1\Problems\ITP\ITP052^2.p","Theorem","0","2.45"
"C:\TPTP\TPTP-v9.3.1\Problems\ITP\ITP051^1.p","Theorem","0","2.71"
"C:\TPTP\TPTP-v9.3.1\Problems\ITP\ITP052^1.p","Theorem","0","2.49"
"C:\TPTP\TPTP-v9.3.1\Problems\ITP\ITP051^2.p","Theorem","0","2.7"
"C:\TPTP\TPTP-v9.3.1\Problems\ITP\ITP024^2.p","Timeout","0","12.19"
"C:\TPTP\TPTP-v9.3.1\Problems\ITP\ITP024^3.p","Timeout","0","11.33"
"C:\TPTP\TPTP-v9.3.1\Problems\ITP\ITP032^1.p","Theorem","0","4.9"
"C:\TPTP\TPTP-v9.3.1\Problems\ITP\ITP048^2.p","Theorem","0","2.94"
"C:\TPTP\TPTP-v9.3.1\Problems\ITP\ITP024^5.p","Timeout","0","10.7"
"C:\TPTP\TPTP-v9.3.1\Problems\ITP\ITP024^7.p","Timeout","0","10.66"
"C:\TPTP\TPTP-v9.3.1\Problems\ITP\ITP024^4.p","Timeout","0","10.85"
"C:\TPTP\TPTP-v9.3.1\Problems\ITP\ITP025^1.p","Timeout","0","10.09"
"C:\TPTP\TPTP-v9.3.1\Problems\ITP\ITP025^2.p","Timeout","0","10.23"
"C:\TPTP\TPTP-v9.3.1\Problems\ITP\ITP053^1.p","Theorem","0","0.18"
"C:\TPTP\TPTP-v9.3.1\Problems\ITP\ITP053^2.p","Theorem","0","0.28"
"C:\TPTP\TPTP-v9.3.1\Problems\ITP\ITP055^1.p","Theorem","0","0.46"
"C:\TPTP\TPTP-v9.3.1\Problems\ITP\ITP057^1.p","Theorem","0","0.45"
"C:\TPTP\TPTP-v9.3.1\Problems\ITP\ITP058^1.p","Theorem","0","0.44"
"C:\TPTP\TPTP-v9.3.1\Problems\ITP\ITP059^1.p","Theorem","0","0.3"
"C:\TPTP\TPTP-v9.3.1\Problems\ITP\ITP058^2.p","Theorem","0","0.44"
"C:\TPTP\TPTP-v9.3.1\Problems\ITP\ITP055^2.p","Theorem","0","0.45"
"C:\TPTP\TPTP-v9.3.1\Problems\ITP\ITP056^1.p","Theorem","0","0.45"
"C:\TPTP\TPTP-v9.3.1\Problems\ITP\ITP056^2.p","Theorem","0","0.45"
"C:\TPTP\TPTP-v9.3.1\Problems\ITP\ITP057^2.p","Theorem","0","0.44"
"C:\TPTP\TPTP-v9.3.1\Problems\ITP\ITP025^4.p","Timeout","0","10.09"
"C:\TPTP\TPTP-v9.3.1\Problems\ITP\ITP025^3.p","Timeout","0","10.18"
"C:\TPTP\TPTP-v9.3.1\Problems\ITP\ITP054^2.p","Theorem","0","0.59"
"C:\TPTP\TPTP-v9.3.1\Problems\ITP\ITP025^5.p","Timeout","0","10.1"
"C:\TPTP\TPTP-v9.3.1\Problems\ITP\ITP054^1.p","Theorem","0","1.04"
"C:\TPTP\TPTP-v9.3.1\Problems\ITP\ITP062^1.p","Theorem","0","0.67"
"C:\TPTP\TPTP-v9.3.1\Problems\ITP\ITP059^2.p","Theorem","0","0.95"
"C:\TPTP\TPTP-v9.3.1\Problems\ITP\ITP063^2.p","Theorem","0","0.91"
"C:\TPTP\TPTP-v9.3.1\Problems\ITP\ITP063^1.p","Theorem","0","0.92"
"C:\TPTP\TPTP-v9.3.1\Problems\ITP\ITP064^1.p","Theorem","0","0.91"
"C:\TPTP\TPTP-v9.3.1\Problems\ITP\ITP064^2.p","Theorem","0","0.91"
"C:\TPTP\TPTP-v9.3.1\Problems\ITP\ITP065^1.p","Theorem","0","0.88"
"C:\TPTP\TPTP-v9.3.1\Problems\ITP\ITP025^7.p","Timeout","0","10.09"
"C:\TPTP\TPTP-v9.3.1\Problems\ITP\ITP026^1.p","Timeout","0","10.17"
"C:\TPTP\TPTP-v9.3.1\Problems\ITP\ITP026^2.p","Timeout","0","10.12"
"C:\TPTP\TPTP-v9.3.1\Problems\ITP\ITP028^1.p","Timeout","0","10.14"
"C:\TPTP\TPTP-v9.3.1\Problems\ITP\ITP029^2.p","Timeout","0","10.1"
"C:\TPTP\TPTP-v9.3.1\Problems\ITP\ITP068^2.p","Theorem","0","3.79"
"C:\TPTP\TPTP-v9.3.1\Problems\ITP\ITP071^1.p","Theorem","0","3.78"
"C:\TPTP\TPTP-v9.3.1\Problems\ITP\ITP070^2.p","Theorem","0","3.78"
"C:\TPTP\TPTP-v9.3.1\Problems\ITP\ITP070^1.p","Theorem","0","3.78"
"C:\TPTP\TPTP-v9.3.1\Problems\ITP\ITP068^1.p","Theorem","0","4.03"
"C:\TPTP\TPTP-v9.3.1\Problems\ITP\ITP069^1.p","Theorem","0","3.79"
"C:\TPTP\TPTP-v9.3.1\Problems\ITP\ITP069^2.p","Theorem","0","3.79"
"C:\TPTP\TPTP-v9.3.1\Problems\ITP\ITP031^2.p","Timeout","0","10.21"
"C:\TPTP\TPTP-v9.3.1\Problems\ITP\ITP032^2.p","Timeout","0","10.1"
"C:\TPTP\TPTP-v9.3.1\Problems\ITP\ITP035^2.p","Timeout","0","10.09"
"C:\TPTP\TPTP-v9.3.1\Problems\ITP\ITP073^1.p","Theorem","0","0.44"
"C:\TPTP\TPTP-v9.3.1\Problems\ITP\ITP073^2.p","Theorem","0","0.29"
"C:\TPTP\TPTP-v9.3.1\Problems\ITP\ITP037^1.p","Timeout","0","10.06"
"C:\TPTP\TPTP-v9.3.1\Problems\ITP\ITP074^2.p","Theorem","0","0.31"
"C:\TPTP\TPTP-v9.3.1\Problems\ITP\ITP074^1.p","Theorem","0","0.32"
"C:\TPTP\TPTP-v9.3.1\Problems\ITP\ITP040^2.p","Timeout","0","10.19"
"C:\TPTP\TPTP-v9.3.1\Problems\ITP\ITP042^2.p","Timeout","0","10.08"
"C:\TPTP\TPTP-v9.3.1\Problems\ITP\ITP045^1.p","Timeout","0","10.1"
"C:\TPTP\TPTP-v9.3.1\Problems\ITP\ITP077^1.p","Theorem","0","1.21"
"C:\TPTP\TPTP-v9.3.1\Problems\ITP\ITP077^2.p","Theorem","0","1.2"
"C:\TPTP\TPTP-v9.3.1\Problems\ITP\ITP045^2.p","Timeout","0","10.12"
"C:\TPTP\TPTP-v9.3.1\Problems\ITP\ITP078^2.p","Theorem","0","1.31"
"C:\TPTP\TPTP-v9.3.1\Problems\ITP\ITP079^1.p","Theorem","0","1.31"
"C:\TPTP\TPTP-v9.3.1\Problems\ITP\ITP047^2.p","Timeout","0","10.08"
"C:\TPTP\TPTP-v9.3.1\Problems\ITP\ITP080^1.p","Theorem","0","1.42"
"C:\TPTP\TPTP-v9.3.1\Problems\ITP\ITP081^2.p","Theorem","0","0.8"
"C:\TPTP\TPTP-v9.3.1\Problems\ITP\ITP082^1.p","Theorem","0","0.57"
"C:\TPTP\TPTP-v9.3.1\Problems\ITP\ITP081^1.p","Theorem","0","0.94"
"C:\TPTP\TPTP-v9.3.1\Problems\ITP\ITP082^2.p","Theorem","0","0.48"
"C:\TPTP\TPTP-v9.3.1\Problems\ITP\ITP080^2.p","Theorem","0","1.41"
"C:\TPTP\TPTP-v9.3.1\Problems\ITP\ITP083^1.p","Theorem","0","0.48"
"C:\TPTP\TPTP-v9.3.1\Problems\ITP\ITP083^2.p","Theorem","0","0.45"
"C:\TPTP\TPTP-v9.3.1\Problems\ITP\ITP084^1.p","Theorem","0","0.19"
"C:\TPTP\TPTP-v9.3.1\Problems\ITP\ITP048^1.p","Timeout","0","10.16"
"C:\TPTP\TPTP-v9.3.1\Problems\ITP\ITP085^1.p","Theorem","0","0.37"
"C:\TPTP\TPTP-v9.3.1\Problems\ITP\ITP084^2.p","Theorem","0","0.38"
"C:\TPTP\TPTP-v9.3.1\Problems\ITP\ITP085^2.p","Theorem","0","0.26"
"C:\TPTP\TPTP-v9.3.1\Problems\ITP\ITP086^1.p","Theorem","0","0.27"
"C:\TPTP\TPTP-v9.3.1\Problems\ITP\ITP087^1.p","Theorem","0","0.29"
"C:\TPTP\TPTP-v9.3.1\Problems\ITP\ITP087^2.p","Theorem","0","0.32"
"C:\TPTP\TPTP-v9.3.1\Problems\ITP\ITP050^2.p","Timeout","0","10.12"
"C:\TPTP\TPTP-v9.3.1\Problems\ITP\ITP086^2.p","Theorem","0","0.32"
"C:\TPTP\TPTP-v9.3.1\Problems\ITP\ITP088^1.p","Theorem","0","0.33"
"C:\TPTP\TPTP-v9.3.1\Problems\ITP\ITP088^2.p","Theorem","0","0.37"
"C:\TPTP\TPTP-v9.3.1\Problems\ITP\ITP060^1.p","Timeout","0","10.07"
"C:\TPTP\TPTP-v9.3.1\Problems\ITP\ITP060^2.p","Timeout","0","10.07"
"C:\TPTP\TPTP-v9.3.1\Problems\ITP\ITP061^1.p","Timeout","0","10.08"
"C:\TPTP\TPTP-v9.3.1\Problems\ITP\ITP062^2.p","Timeout","0","10.14"
"C:\TPTP\TPTP-v9.3.1\Problems\ITP\ITP061^2.p","Timeout","0","10.15"
"C:\TPTP\TPTP-v9.3.1\Problems\ITP\ITP065^2.p","Timeout","0","10.07"
"C:\TPTP\TPTP-v9.3.1\Problems\ITP\ITP066^1.p","Timeout","0","10.14"
"C:\TPTP\TPTP-v9.3.1\Problems\ITP\ITP066^2.p","Timeout","0","10.11"
"C:\TPTP\TPTP-v9.3.1\Problems\ITP\ITP095^1.p","Theorem","0","3.69"
"C:\TPTP\TPTP-v9.3.1\Problems\ITP\ITP094^1.p","Theorem","0","3.74"
"C:\TPTP\TPTP-v9.3.1\Problems\ITP\ITP094^2.p","Theorem","0","3.74"
"C:\TPTP\TPTP-v9.3.1\Problems\ITP\ITP095^2.p","Theorem","0","0.73"
"C:\TPTP\TPTP-v9.3.1\Problems\ITP\ITP096^2.p","Theorem","0","0.64"
"C:\TPTP\TPTP-v9.3.1\Problems\ITP\ITP097^2.p","Theorem","0","0.57"
"C:\TPTP\TPTP-v9.3.1\Problems\ITP\ITP097^1.p","Theorem","0","0.59"
"C:\TPTP\TPTP-v9.3.1\Problems\ITP\ITP067^1.p","Timeout","0","10.17"
"C:\TPTP\TPTP-v9.3.1\Problems\ITP\ITP067^2.p","Timeout","0","10.16"
"C:\TPTP\TPTP-v9.3.1\Problems\ITP\ITP071^2.p","Timeout","0","10.18"
"C:\TPTP\TPTP-v9.3.1\Problems\ITP\ITP072^1.p","Timeout","0","10.11"
"C:\TPTP\TPTP-v9.3.1\Problems\ITP\ITP072^2.p","Timeout","0","10.06"
"C:\TPTP\TPTP-v9.3.1\Problems\ITP\ITP100^1.p","Theorem","0","4.3"
"C:\TPTP\TPTP-v9.3.1\Problems\ITP\ITP101^2.p","Theorem","0","4.22"
"C:\TPTP\TPTP-v9.3.1\Problems\ITP\ITP101^1.p","Theorem","0","4.32"
"C:\TPTP\TPTP-v9.3.1\Problems\ITP\ITP075^2.p","Timeout","0","10.3"
"C:\TPTP\TPTP-v9.3.1\Problems\ITP\ITP075^1.p","Timeout","0","10.31"
"C:\TPTP\TPTP-v9.3.1\Problems\ITP\ITP076^1.p","Timeout","0","10.32"
"C:\TPTP\TPTP-v9.3.1\Problems\ITP\ITP104^1.p","Theorem","0","2.74"
"C:\TPTP\TPTP-v9.3.1\Problems\ITP\ITP104^2.p","Theorem","0","1.69"
"C:\TPTP\TPTP-v9.3.1\Problems\ITP\ITP105^1.p","Theorem","0","0.78"
"C:\TPTP\TPTP-v9.3.1\Problems\ITP\ITP079^2.p","Timeout","0","10.08"
"C:\TPTP\TPTP-v9.3.1\Problems\ITP\ITP078^1.p","Timeout","0","10.16"
"C:\TPTP\TPTP-v9.3.1\Problems\ITP\ITP076^2.p","Timeout","0","10.36"
"C:\TPTP\TPTP-v9.3.1\Problems\ITP\ITP105^2.p","Theorem","0","0.26"
"C:\TPTP\TPTP-v9.3.1\Problems\ITP\ITP106^1.p","Theorem","0","0.31"
"C:\TPTP\TPTP-v9.3.1\Problems\ITP\ITP107^2.p","Theorem","0","0.35"
"C:\TPTP\TPTP-v9.3.1\Problems\ITP\ITP108^1.p","Theorem","0","0.3"
"C:\TPTP\TPTP-v9.3.1\Problems\ITP\ITP107^1.p","Theorem","0","0.35"
"C:\TPTP\TPTP-v9.3.1\Problems\ITP\ITP108^2.p","Theorem","0","0.27"
"C:\TPTP\TPTP-v9.3.1\Problems\ITP\ITP106^2.p","Theorem","0","0.42"
"C:\TPTP\TPTP-v9.3.1\Problems\ITP\ITP110^2.p","Theorem","0","1.51"
"C:\TPTP\TPTP-v9.3.1\Problems\ITP\ITP089^1.p","Timeout","0","10.16"
"C:\TPTP\TPTP-v9.3.1\Problems\ITP\ITP089^2.p","Timeout","0","10.18"
"C:\TPTP\TPTP-v9.3.1\Problems\ITP\ITP090^1.p","Timeout","0","10.19"
"C:\TPTP\TPTP-v9.3.1\Problems\ITP\ITP090^2.p","Timeout","0","10.1"
"C:\TPTP\TPTP-v9.3.1\Problems\ITP\ITP091^1.p","Timeout","0","10.14"
"C:\TPTP\TPTP-v9.3.1\Problems\ITP\ITP114^2.p","Theorem","0","1.47"
"C:\TPTP\TPTP-v9.3.1\Problems\ITP\ITP113^2.p","Theorem","0","1.48"
"C:\TPTP\TPTP-v9.3.1\Problems\ITP\ITP114^1.p","Theorem","0","1.47"
"C:\TPTP\TPTP-v9.3.1\Problems\ITP\ITP091^2.p","Timeout","0","10.13"
"C:\TPTP\TPTP-v9.3.1\Problems\ITP\ITP115^1.p","Theorem","0","0.2"
"C:\TPTP\TPTP-v9.3.1\Problems\ITP\ITP115^2.p","Theorem","0","0.24"
"C:\TPTP\TPTP-v9.3.1\Problems\ITP\ITP092^1.p","Timeout","0","10.19"
"C:\TPTP\TPTP-v9.3.1\Problems\ITP\ITP093^2.p","Timeout","0","10.11"
"C:\TPTP\TPTP-v9.3.1\Problems\ITP\ITP093^1.p","Timeout","0","10.14"
"C:\TPTP\TPTP-v9.3.1\Problems\ITP\ITP092^2.p","Timeout","0","10.18"
"C:\TPTP\TPTP-v9.3.1\Problems\ITP\ITP117^1.p","Theorem","0","0.24"
"C:\TPTP\TPTP-v9.3.1\Problems\ITP\ITP118^2.p","Theorem","0","1.94"
"C:\TPTP\TPTP-v9.3.1\Problems\ITP\ITP119^1.p","Theorem","0","1.93"
"C:\TPTP\TPTP-v9.3.1\Problems\ITP\ITP118^1.p","Theorem","0","1.94"
"C:\TPTP\TPTP-v9.3.1\Problems\ITP\ITP119^2.p","Theorem","0","1.93"
"C:\TPTP\TPTP-v9.3.1\Problems\ITP\ITP121^1.p","Theorem","0","1.85"
"C:\TPTP\TPTP-v9.3.1\Problems\ITP\ITP123^1.p","Theorem","0","1.73"
"C:\TPTP\TPTP-v9.3.1\Problems\ITP\ITP120^1.p","Theorem","0","1.92"
"C:\TPTP\TPTP-v9.3.1\Problems\ITP\ITP122^2.p","Theorem","0","1.79"
"C:\TPTP\TPTP-v9.3.1\Problems\ITP\ITP122^1.p","Theorem","0","1.82"
"C:\TPTP\TPTP-v9.3.1\Problems\ITP\ITP121^2.p","Theorem","0","1.85"
"C:\TPTP\TPTP-v9.3.1\Problems\ITP\ITP120^2.p","Theorem","0","1.86"
"C:\TPTP\TPTP-v9.3.1\Problems\ITP\ITP123^2.p","Theorem","0","0.13"
"C:\TPTP\TPTP-v9.3.1\Problems\ITP\ITP124^1.p","Theorem","0","0.2"
"C:\TPTP\TPTP-v9.3.1\Problems\ITP\ITP124^2.p","Theorem","0","0.22"
"C:\TPTP\TPTP-v9.3.1\Problems\ITP\ITP125^1.p","Theorem","0","0.25"
"C:\TPTP\TPTP-v9.3.1\Problems\ITP\ITP117^2.p","Theorem","0","2.53"
"C:\TPTP\TPTP-v9.3.1\Problems\ITP\ITP096^1.p","Timeout","0","10.07"
"C:\TPTP\TPTP-v9.3.1\Problems\ITP\ITP127^1.p","Theorem","0","1.36"
"C:\TPTP\TPTP-v9.3.1\Problems\ITP\ITP098^1.p","Timeout","0","10.05"
"C:\TPTP\TPTP-v9.3.1\Problems\ITP\ITP128^1.p","Theorem","0","1.43"
"C:\TPTP\TPTP-v9.3.1\Problems\ITP\ITP128^2.p","Theorem","0","1.42"
"C:\TPTP\TPTP-v9.3.1\Problems\ITP\ITP098^2.p","Timeout","0","10.08"
"C:\TPTP\TPTP-v9.3.1\Problems\ITP\ITP099^1.p","Timeout","0","10.06"
"C:\TPTP\TPTP-v9.3.1\Problems\ITP\ITP130^1.p","Theorem","0","1.6"
"C:\TPTP\TPTP-v9.3.1\Problems\ITP\ITP131^1.p","Theorem","0","1.24"
"C:\TPTP\TPTP-v9.3.1\Problems\ITP\ITP132^2.p","Theorem","0","0.4"
"C:\TPTP\TPTP-v9.3.1\Problems\ITP\ITP131^2.p","Theorem","0","0.53"
"C:\TPTP\TPTP-v9.3.1\Problems\ITP\ITP132^1.p","Theorem","0","0.42"
"C:\TPTP\TPTP-v9.3.1\Problems\ITP\ITP130^2.p","Theorem","0","1.56"
"C:\TPTP\TPTP-v9.3.1\Problems\ITP\ITP100^2.p","Timeout","0","10.13"
"C:\TPTP\TPTP-v9.3.1\Problems\ITP\ITP099^2.p","Timeout","0","10.15"
"C:\TPTP\TPTP-v9.3.1\Problems\ITP\ITP102^1.p","Timeout","0","10.09"
"C:\TPTP\TPTP-v9.3.1\Problems\ITP\ITP135^2.p","Theorem","0","0.17"
"C:\TPTP\TPTP-v9.3.1\Problems\ITP\ITP102^2.p","Timeout","0","10.15"
"C:\TPTP\TPTP-v9.3.1\Problems\ITP\ITP136^1.p","Theorem","0","0.21"
"C:\TPTP\TPTP-v9.3.1\Problems\ITP\ITP135^1.p","Theorem","0","0.22"
"C:\TPTP\TPTP-v9.3.1\Problems\ITP\ITP136^2.p","Theorem","0","0.21"
"C:\TPTP\TPTP-v9.3.1\Problems\ITP\ITP103^1.p","Timeout","0","10.2"
"C:\TPTP\TPTP-v9.3.1\Problems\ITP\ITP103^2.p","Timeout","0","10.13"
"C:\TPTP\TPTP-v9.3.1\Problems\ITP\ITP139^1.p","Theorem","0","0.24"
"C:\TPTP\TPTP-v9.3.1\Problems\ITP\ITP140^1.p","Theorem","0","0.23"
"C:\TPTP\TPTP-v9.3.1\Problems\ITP\ITP142^1.p","Theorem","0","0.26"
"C:\TPTP\TPTP-v9.3.1\Problems\ITP\ITP144^1.p","Theorem","0","0.14"
"C:\TPTP\TPTP-v9.3.1\Problems\ITP\ITP140^2.p","Theorem","0","0.56"
"C:\TPTP\TPTP-v9.3.1\Problems\ITP\ITP142^2.p","Theorem","0","0.45"
"C:\TPTP\TPTP-v9.3.1\Problems\ITP\ITP145^1.p","Theorem","0","0.24"
"C:\TPTP\TPTP-v9.3.1\Problems\ITP\ITP137^2.p","Theorem","0","3.34"
"C:\TPTP\TPTP-v9.3.1\Problems\ITP\ITP109^1.p","Timeout","0","10.1"
"C:\TPTP\TPTP-v9.3.1\Problems\ITP\ITP110^1.p","Timeout","0","10.14"
"C:\TPTP\TPTP-v9.3.1\Problems\ITP\ITP109^2.p","Timeout","0","10.16"
"C:\TPTP\TPTP-v9.3.1\Problems\ITP\ITP111^1.p","Timeout","0","10.16"
"C:\TPTP\TPTP-v9.3.1\Problems\ITP\ITP111^2.p","Timeout","0","10.16"
"C:\TPTP\TPTP-v9.3.1\Problems\ITP\ITP112^1.p","Timeout","0","10.1"
"C:\TPTP\TPTP-v9.3.1\Problems\ITP\ITP112^2.p","Timeout","0","10.08"
"C:\TPTP\TPTP-v9.3.1\Problems\ITP\ITP113^1.p","Timeout","0","10.11"
"C:\TPTP\TPTP-v9.3.1\Problems\ITP\ITP150^1.p","Theorem","0","0.33"
"C:\TPTP\TPTP-v9.3.1\Problems\ITP\ITP146^1.p","Theorem","0","4.29"
"C:\TPTP\TPTP-v9.3.1\Problems\ITP\ITP151^1.p","Theorem","0","0.25"
"C:\TPTP\TPTP-v9.3.1\Problems\ITP\ITP151^2.p","Theorem","0","0.19"
"C:\TPTP\TPTP-v9.3.1\Problems\ITP\ITP149^2.p","Theorem","0","0.91"
"C:\TPTP\TPTP-v9.3.1\Problems\ITP\ITP152^1.p","Theorem","0","0.27"
"C:\TPTP\TPTP-v9.3.1\Problems\ITP\ITP146^2.p","Theorem","0","2.45"
"C:\TPTP\TPTP-v9.3.1\Problems\ITP\ITP153^1.p","Theorem","0","0.28"
"C:\TPTP\TPTP-v9.3.1\Problems\ITP\ITP154^1.p","Theorem","0","0.16"
"C:\TPTP\TPTP-v9.3.1\Problems\ITP\ITP153^2.p","Theorem","0","0.43"
"C:\TPTP\TPTP-v9.3.1\Problems\ITP\ITP152^2.p","Theorem","0","0.55"
"C:\TPTP\TPTP-v9.3.1\Problems\ITP\ITP116^1.p","Timeout","0","10.12"
"C:\TPTP\TPTP-v9.3.1\Problems\ITP\ITP116^2.p","Timeout","0","10.14"
"C:\TPTP\TPTP-v9.3.1\Problems\ITP\ITP154^2.p","Theorem","0","0.39"
"C:\TPTP\TPTP-v9.3.1\Problems\ITP\ITP156^1.p","Theorem","0","0.18"
"C:\TPTP\TPTP-v9.3.1\Problems\ITP\ITP125^2.p","Timeout","0","10.21"
"C:\TPTP\TPTP-v9.3.1\Problems\ITP\ITP126^2.p","Timeout","0","10.2"
"C:\TPTP\TPTP-v9.3.1\Problems\ITP\ITP126^1.p","Timeout","0","10.22"
"C:\TPTP\TPTP-v9.3.1\Problems\ITP\ITP127^2.p","Timeout","0","10.21"
"C:\TPTP\TPTP-v9.3.1\Problems\ITP\ITP129^1.p","Timeout","0","10.13"
"C:\TPTP\TPTP-v9.3.1\Problems\ITP\ITP129^2.p","Timeout","0","10.09"
"C:\TPTP\TPTP-v9.3.1\Problems\ITP\ITP159^1.p","Theorem","0","0.21"
"C:\TPTP\TPTP-v9.3.1\Problems\ITP\ITP160^1.p","Theorem","0","0.25"
"C:\TPTP\TPTP-v9.3.1\Problems\ITP\ITP161^1.p","Theorem","0","0.26"
"C:\TPTP\TPTP-v9.3.1\Problems\ITP\ITP162^1.p","Theorem","0","0.28"
"C:\TPTP\TPTP-v9.3.1\Problems\ITP\ITP163^1.p","Theorem","0","0.32"
"C:\TPTP\TPTP-v9.3.1\Problems\ITP\ITP133^1.p","Timeout","0","10.07"
"C:\TPTP\TPTP-v9.3.1\Problems\ITP\ITP133^2.p","Timeout","0","10.11"
"C:\TPTP\TPTP-v9.3.1\Problems\ITP\ITP134^1.p","Timeout","0","10.1"
"C:\TPTP\TPTP-v9.3.1\Problems\ITP\ITP134^2.p","Timeout","0","10.08"
"C:\TPTP\TPTP-v9.3.1\Problems\ITP\ITP164^1.p","Theorem","0","0.28"
"C:\TPTP\TPTP-v9.3.1\Problems\ITP\ITP137^1.p","Timeout","0","10.14"
"C:\TPTP\TPTP-v9.3.1\Problems\ITP\ITP166^1.p","Theorem","0","0.19"
"C:\TPTP\TPTP-v9.3.1\Problems\ITP\ITP138^2.p","Timeout","0","10.16"
"C:\TPTP\TPTP-v9.3.1\Problems\ITP\ITP139^2.p","Timeout","0","10.11"
"C:\TPTP\TPTP-v9.3.1\Problems\ITP\ITP138^1.p","Timeout","0","10.22"
"C:\TPTP\TPTP-v9.3.1\Problems\ITP\ITP141^2.p","Timeout","0","10.12"
"C:\TPTP\TPTP-v9.3.1\Problems\ITP\ITP141^1.p","Timeout","0","10.14"
"C:\TPTP\TPTP-v9.3.1\Problems\ITP\ITP166^2.p","Theorem","0","0.36"
"C:\TPTP\TPTP-v9.3.1\Problems\ITP\ITP143^1.p","Timeout","0","10.13"
"C:\TPTP\TPTP-v9.3.1\Problems\ITP\ITP143^2.p","Timeout","0","10.11"
"C:\TPTP\TPTP-v9.3.1\Problems\ITP\ITP168^2.p","Theorem","0","0.22"
"C:\TPTP\TPTP-v9.3.1\Problems\ITP\ITP169^1.p","Theorem","0","0.24"
"C:\TPTP\TPTP-v9.3.1\Problems\ITP\ITP168^1.p","Theorem","0","0.35"
"C:\TPTP\TPTP-v9.3.1\Problems\ITP\ITP169^2.p","Theorem","0","0.28"
"C:\TPTP\TPTP-v9.3.1\Problems\ITP\ITP170^2.p","Theorem","0","0.18"
"C:\TPTP\TPTP-v9.3.1\Problems\ITP\ITP149^1.p","Theorem","0","6.05"
"C:\TPTP\TPTP-v9.3.1\Problems\ITP\ITP170^1.p","Theorem","0","0.24"
"C:\TPTP\TPTP-v9.3.1\Problems\ITP\ITP144^2.p","Timeout","0","10.13"
"C:\TPTP\TPTP-v9.3.1\Problems\ITP\ITP145^2.p","Timeout","0","10.08"
"C:\TPTP\TPTP-v9.3.1\Problems\ITP\ITP173^1.p","Theorem","0","0.27"
"C:\TPTP\TPTP-v9.3.1\Problems\ITP\ITP174^1.p","Theorem","0","0.27"
"C:\TPTP\TPTP-v9.3.1\Problems\ITP\ITP175^1.p","Theorem","0","0.22"
"C:\TPTP\TPTP-v9.3.1\Problems\ITP\ITP176^2.p","Theorem","0","0.21"
"C:\TPTP\TPTP-v9.3.1\Problems\ITP\ITP177^1.p","Theorem","0","0.23"
"C:\TPTP\TPTP-v9.3.1\Problems\ITP\ITP175^2.p","Theorem","0","0.49"
"C:\TPTP\TPTP-v9.3.1\Problems\ITP\ITP171^1.p","Theorem","0","1.8"
"C:\TPTP\TPTP-v9.3.1\Problems\ITP\ITP177^2.p","Theorem","0","1.13"
"C:\TPTP\TPTP-v9.3.1\Problems\ITP\ITP179^1.p","Theorem","0","0.23"
"C:\TPTP\TPTP-v9.3.1\Problems\ITP\ITP180^1.p","Theorem","0","0.26"
"C:\TPTP\TPTP-v9.3.1\Problems\ITP\ITP180^2.p","Theorem","0","0.75"
"C:\TPTP\TPTP-v9.3.1\Problems\ITP\ITP181^1.p","Theorem","0","0.23"
"C:\TPTP\TPTP-v9.3.1\Problems\ITP\ITP171^2.p","Theorem","0","4.02"
"C:\TPTP\TPTP-v9.3.1\Problems\ITP\ITP147^1.p","Timeout","0","10.19"
"C:\TPTP\TPTP-v9.3.1\Problems\ITP\ITP148^1.p","Timeout","0","10.19"
"C:\TPTP\TPTP-v9.3.1\Problems\ITP\ITP147^2.p","Timeout","0","10.22"
"C:\TPTP\TPTP-v9.3.1\Problems\ITP\ITP182^1.p","Theorem","0","0.21"
"C:\TPTP\TPTP-v9.3.1\Problems\ITP\ITP148^2.p","Timeout","0","10.25"
"C:\TPTP\TPTP-v9.3.1\Problems\ITP\ITP150^2.p","Timeout","0","10.08"
"C:\TPTP\TPTP-v9.3.1\Problems\ITP\ITP183^1.p","Theorem","0","0.29"
"C:\TPTP\TPTP-v9.3.1\Problems\ITP\ITP184^1.p","Theorem","0","0.31"
"C:\TPTP\TPTP-v9.3.1\Problems\ITP\ITP183^2.p","Theorem","0","0.35"
"C:\TPTP\TPTP-v9.3.1\Problems\ITP\ITP182^2.p","Theorem","0","0.44"
"C:\TPTP\TPTP-v9.3.1\Problems\ITP\ITP184^2.p","Theorem","0","0.37"
"C:\TPTP\TPTP-v9.3.1\Problems\ITP\ITP185^1.p","Theorem","0","0.36"
"C:\TPTP\TPTP-v9.3.1\Problems\ITP\ITP185^2.p","Theorem","0","0.25"
"C:\TPTP\TPTP-v9.3.1\Problems\ITP\ITP186^2.p","Theorem","0","0.23"
"C:\TPTP\TPTP-v9.3.1\Problems\ITP\ITP186^1.p","Theorem","0","0.29"
"C:\TPTP\TPTP-v9.3.1\Problems\ITP\ITP187^1.p","Theorem","0","0.23"
"C:\TPTP\TPTP-v9.3.1\Problems\ITP\ITP188^1.p","Theorem","0","0.22"
"C:\TPTP\TPTP-v9.3.1\Problems\ITP\ITP187^2.p","Theorem","0","0.25"
"C:\TPTP\TPTP-v9.3.1\Problems\ITP\ITP188^2.p","Theorem","0","0.25"
"C:\TPTP\TPTP-v9.3.1\Problems\ITP\ITP189^1.p","Theorem","0","0.21"
"C:\TPTP\TPTP-v9.3.1\Problems\ITP\ITP190^1.p","Theorem","0","0.21"
"C:\TPTP\TPTP-v9.3.1\Problems\ITP\ITP191^1.p","Theorem","0","0.22"
"C:\TPTP\TPTP-v9.3.1\Problems\ITP\ITP189^2.p","Theorem","0","0.33"
"C:\TPTP\TPTP-v9.3.1\Problems\ITP\ITP190^2.p","Theorem","0","0.32"
"C:\TPTP\TPTP-v9.3.1\Problems\ITP\ITP192^1.p","Theorem","0","0.27"
"C:\TPTP\TPTP-v9.3.1\Problems\ITP\ITP191^2.p","Theorem","0","0.34"
"C:\TPTP\TPTP-v9.3.1\Problems\ITP\ITP193^1.p","Theorem","0","0.23"
"C:\TPTP\TPTP-v9.3.1\Problems\ITP\ITP192^2.p","Theorem","0","0.31"
"C:\TPTP\TPTP-v9.3.1\Problems\ITP\ITP155^1.p","Timeout","0","10.14"
"C:\TPTP\TPTP-v9.3.1\Problems\ITP\ITP196^1.p","Theorem","0","0.12"
"C:\TPTP\TPTP-v9.3.1\Problems\ITP\ITP155^2.p","Timeout","0","10.07"
"C:\TPTP\TPTP-v9.3.1\Problems\ITP\ITP157^1.p","Timeout","0","10.07"
"C:\TPTP\TPTP-v9.3.1\Problems\ITP\ITP196^2.p","Theorem","0","0.15"
"C:\TPTP\TPTP-v9.3.1\Problems\ITP\ITP156^2.p","Timeout","0","10.16"
"C:\TPTP\TPTP-v9.3.1\Problems\ITP\ITP157^2.p","Timeout","0","10.15"
"C:\TPTP\TPTP-v9.3.1\Problems\ITP\ITP158^1.p","Timeout","0","10.14"
"C:\TPTP\TPTP-v9.3.1\Problems\ITP\ITP199^1.p","Theorem","0","0.22"
"C:\TPTP\TPTP-v9.3.1\Problems\ITP\ITP199^2.p","Theorem","0","0.25"
"C:\TPTP\TPTP-v9.3.1\Problems\ITP\ITP200^1.p","Theorem","0","0.27"
"C:\TPTP\TPTP-v9.3.1\Problems\ITP\ITP200^2.p","Theorem","0","0.48"
"C:\TPTP\TPTP-v9.3.1\Problems\ITP\ITP202^1.p","Theorem","0","0.24"
"C:\TPTP\TPTP-v9.3.1\Problems\ITP\ITP198^2.p","Theorem","0","1.73"
"C:\TPTP\TPTP-v9.3.1\Problems\ITP\ITP203^1.p","Theorem","0","0.28"
"C:\TPTP\TPTP-v9.3.1\Problems\ITP\ITP158^2.p","Timeout","0","10.12"
"C:\TPTP\TPTP-v9.3.1\Problems\ITP\ITP159^2.p","Timeout","0","10.13"
"C:\TPTP\TPTP-v9.3.1\Problems\ITP\ITP160^2.p","Timeout","0","10.18"
"C:\TPTP\TPTP-v9.3.1\Problems\ITP\ITP204^1.p","Theorem","0","0.19"
"C:\TPTP\TPTP-v9.3.1\Problems\ITP\ITP204^2.p","Theorem","0","0.14"
"C:\TPTP\TPTP-v9.3.1\Problems\ITP\ITP161^2.p","Timeout","0","10.11"
"C:\TPTP\TPTP-v9.3.1\Problems\ITP\ITP202^2.p","Theorem","0","1.42"
"C:\TPTP\TPTP-v9.3.1\Problems\ITP\ITP162^2.p","Timeout","0","10.16"
"C:\TPTP\TPTP-v9.3.1\Problems\ITP\ITP163^2.p","Timeout","0","10.19"
"C:\TPTP\TPTP-v9.3.1\Problems\ITP\ITP203^2.p","Theorem","0","1.18"
"C:\TPTP\TPTP-v9.3.1\Problems\ITP\ITP165^1.p","Timeout","0","10.16"
"C:\TPTP\TPTP-v9.3.1\Problems\ITP\ITP164^2.p","Timeout","0","10.21"
"C:\TPTP\TPTP-v9.3.1\Problems\ITP\ITP165^2.p","Timeout","0","10.12"
"C:\TPTP\TPTP-v9.3.1\Problems\ITP\ITP167^1.p","Timeout","0","10.14"
"C:\TPTP\TPTP-v9.3.1\Problems\ITP\ITP167^2.p","Timeout","0","10.15"
"C:\TPTP\TPTP-v9.3.1\Problems\ITP\ITP172^1.p","Timeout","0","10.13"
"C:\TPTP\TPTP-v9.3.1\Problems\ITP\ITP172^2.p","Timeout","0","10.13"
"C:\TPTP\TPTP-v9.3.1\Problems\ITP\ITP173^2.p","Timeout","0","10.1"
"C:\TPTP\TPTP-v9.3.1\Problems\ITP\ITP174^2.p","Timeout","0","10.09"
"C:\TPTP\TPTP-v9.3.1\Problems\ITP\ITP209^1.p","Theorem","0","0.1"
"C:\TPTP\TPTP-v9.3.1\Problems\ITP\ITP209^2.p","Theorem","0","0.08"
"C:\TPTP\TPTP-v9.3.1\Problems\ITP\ITP209^3.p","Theorem","0","0.08"
"C:\TPTP\TPTP-v9.3.1\Problems\ITP\ITP209^4.p","Theorem","0","0.08"
"C:\TPTP\TPTP-v9.3.1\Problems\ITP\ITP176^1.p","Timeout","0","10.12"
"C:\TPTP\TPTP-v9.3.1\Problems\ITP\ITP178^1.p","Timeout","0","10.09"
"C:\TPTP\TPTP-v9.3.1\Problems\ITP\ITP178^2.p","Timeout","0","10.12"
"C:\TPTP\TPTP-v9.3.1\Problems\ITP\ITP179^2.p","Timeout","0","10.17"
"C:\TPTP\TPTP-v9.3.1\Problems\ITP\ITP181^2.p","Timeout","0","10.13"
"C:\TPTP\TPTP-v9.3.1\Problems\ITP\ITP206^1.p","Theorem","0","6.57"
"C:\TPTP\TPTP-v9.3.1\Problems\ITP\ITP206^3.p","Theorem","0","6.85"
"C:\TPTP\TPTP-v9.3.1\Problems\ITP\ITP193^2.p","Timeout","0","10.13"
"C:\TPTP\TPTP-v9.3.1\Problems\ITP\ITP194^1.p","Timeout","0","10.12"
"C:\TPTP\TPTP-v9.3.1\Problems\ITP\ITP194^2.p","Timeout","0","10.08"
"C:\TPTP\TPTP-v9.3.1\Problems\ITP\ITP195^1.p","Timeout","0","10.11"
"C:\TPTP\TPTP-v9.3.1\Problems\ITP\ITP195^2.p","Timeout","0","10.1"
"C:\TPTP\TPTP-v9.3.1\Problems\ITP\ITP197^1.p","Timeout","0","10.16"
"C:\TPTP\TPTP-v9.3.1\Problems\ITP\ITP198^1.p","Timeout","0","10.16"
"C:\TPTP\TPTP-v9.3.1\Problems\ITP\ITP197^2.p","Timeout","0","10.17"
"C:\TPTP\TPTP-v9.3.1\Problems\ITP\ITP201^1.p","Timeout","0","10.15"
"C:\TPTP\TPTP-v9.3.1\Problems\ITP\ITP201^2.p","Timeout","0","10.14"
"C:\TPTP\TPTP-v9.3.1\Problems\ITP\ITP205^1.p","Timeout","0","10.15"
"C:\TPTP\TPTP-v9.3.1\Problems\ITP\ITP205^2.p","Timeout","0","10.14"
"C:\TPTP\TPTP-v9.3.1\Problems\ITP\ITP206^2.p","Timeout","0","10.08"
"C:\TPTP\TPTP-v9.3.1\Problems\ITP\ITP206^4.p","Timeout","0","10.12"
"C:\TPTP\TPTP-v9.3.1\Problems\ITP\ITP207^1.p","Timeout","0","10.09"
"C:\TPTP\TPTP-v9.3.1\Problems\ITP\ITP207^2.p","Timeout","0","10.09"
"C:\TPTP\TPTP-v9.3.1\Problems\ITP\ITP207^3.p","Timeout","0","10.17"
"C:\TPTP\TPTP-v9.3.1\Problems\ITP\ITP208^1.p","Timeout","0","10.07"
"C:\TPTP\TPTP-v9.3.1\Problems\ITP\ITP207^4.p","Timeout","0","10.19"
"C:\TPTP\TPTP-v9.3.1\Problems\ITP\ITP208^2.p","Timeout","0","10.08"
"C:\TPTP\TPTP-v9.3.1\Problems\ITP\ITP208^3.p","Timeout","0","10.09"
"C:\TPTP\TPTP-v9.3.1\Problems\ITP\ITP208^4.p","Timeout","0","10.1"
"C:\TPTP\TPTP-v9.3.1\Problems\ITP\ITP210^1.p","Timeout","0","10.08"
"C:\TPTP\TPTP-v9.3.1\Problems\ITP\ITP210^2.p","Timeout","0","10.07"
"C:\TPTP\TPTP-v9.3.1\Problems\ITP\ITP210^3.p","Timeout","0","10.09"
"C:\TPTP\TPTP-v9.3.1\Problems\ITP\ITP210^4.p","Theorem","0","10.09"
"C:\TPTP\TPTP-v9.3.1\Problems\ITP\ITP211^2.p","Timeout","0","10.08"
"C:\TPTP\TPTP-v9.3.1\Problems\ITP\ITP211^1.p","Timeout","0","14.71"
"C:\TPTP\TPTP-v9.3.1\Problems\ITP\ITP213^3.p","Timeout","0","10.07"
"C:\TPTP\TPTP-v9.3.1\Problems\ITP\ITP211^4.p","Timeout","0","12.37"
"C:\TPTP\TPTP-v9.3.1\Problems\ITP\ITP213^1.p","Timeout","0","10.4"
"C:\TPTP\TPTP-v9.3.1\Problems\ITP\ITP213^2.p","Timeout","0","10.35"
"C:\TPTP\TPTP-v9.3.1\Problems\ITP\ITP212^2.p","Timeout","0","10.77"
"C:\TPTP\TPTP-v9.3.1\Problems\ITP\ITP212^4.p","Timeout","0","10.46"
"C:\TPTP\TPTP-v9.3.1\Problems\ITP\ITP212^1.p","Timeout","0","11.14"
"C:\TPTP\TPTP-v9.3.1\Problems\ITP\ITP211^3.p","Timeout","0","13.8"
"C:\TPTP\TPTP-v9.3.1\Problems\ITP\ITP212^3.p","Timeout","0","10.47"
"C:\TPTP\TPTP-v9.3.1\Problems\ITP\ITP213^4.p","Timeout","0","10.05"
"C:\TPTP\TPTP-v9.3.1\Problems\ITP\ITP214^1.p","Timeout","0","10.08"
"C:\TPTP\TPTP-v9.3.1\Problems\ITP\ITP214^2.p","Timeout","0","10.08"
"C:\TPTP\TPTP-v9.3.1\Problems\ITP\ITP214^3.p","Timeout","0","10.08"
"C:\TPTP\TPTP-v9.3.1\Problems\ITP\ITP214^4.p","Timeout","0","10.07"
"C:\TPTP\TPTP-v9.3.1\Problems\ITP\ITP219^1.p","Theorem","0","5.46"
"C:\TPTP\TPTP-v9.3.1\Problems\ITP\ITP215^1.p","Timeout","0","10.1"
"C:\TPTP\TPTP-v9.3.1\Problems\ITP\ITP215^2.p","Timeout","0","10.12"
"C:\TPTP\TPTP-v9.3.1\Problems\ITP\ITP215^3.p","Timeout","0","10.1"
"C:\TPTP\TPTP-v9.3.1\Problems\ITP\ITP215^4.p","Timeout","0","10.1"
"C:\TPTP\TPTP-v9.3.1\Problems\ITP\ITP216^1.p","Timeout","0","10.09"
"C:\TPTP\TPTP-v9.3.1\Problems\ITP\ITP216^2.p","Timeout","0","10.11"
"C:\TPTP\TPTP-v9.3.1\Problems\ITP\ITP216^3.p","Timeout","0","10.09"
"C:\TPTP\TPTP-v9.3.1\Problems\ITP\ITP216^4.p","Timeout","0","10.07"
"C:\TPTP\TPTP-v9.3.1\Problems\ITP\ITP217^1.p","Timeout","0","10.07"
"C:\TPTP\TPTP-v9.3.1\Problems\ITP\ITP217^3.p","Timeout","0","10.15"
"C:\TPTP\TPTP-v9.3.1\Problems\ITP\ITP217^2.p","Timeout","0","10.22"
"C:\TPTP\TPTP-v9.3.1\Problems\ITP\ITP222^1.p","Theorem","0","4.32"
"C:\TPTP\TPTP-v9.3.1\Problems\ITP\ITP217^4.p","Timeout","0","10.09"
"C:\TPTP\TPTP-v9.3.1\Problems\ITP\ITP222^2.p","Theorem","0","4.58"
"C:\TPTP\TPTP-v9.3.1\Problems\ITP\ITP218^1.p","Timeout","0","10.1"
"C:\TPTP\TPTP-v9.3.1\Problems\ITP\ITP218^2.p","Timeout","0","10.1"
"C:\TPTP\TPTP-v9.3.1\Problems\ITP\ITP218^3.p","Timeout","0","10.1"
"C:\TPTP\TPTP-v9.3.1\Problems\ITP\ITP222^3.p","Theorem","0","4.28"
"C:\TPTP\TPTP-v9.3.1\Problems\ITP\ITP218^4.p","Timeout","0","10.13"
"C:\TPTP\TPTP-v9.3.1\Problems\ITP\ITP222^4.p","Theorem","0","4.59"
"C:\TPTP\TPTP-v9.3.1\Problems\ITP\ITP219^3.p","Theorem","0","5.68"
"C:\TPTP\TPTP-v9.3.1\Problems\ITP\ITP221^4.p","Theorem","0","7.52"
"C:\TPTP\TPTP-v9.3.1\Problems\ITP\ITP221^2.p","Theorem","0","7.64"
"C:\TPTP\TPTP-v9.3.1\Problems\ITP\ITP219^2.p","Timeout","0","10.13"
"C:\TPTP\TPTP-v9.3.1\Problems\ITP\ITP227^2.p","Theorem","0","5.3"
"C:\TPTP\TPTP-v9.3.1\Problems\ITP\ITP227^3.p","Theorem","0","5.23"
"C:\TPTP\TPTP-v9.3.1\Problems\ITP\ITP227^4.p","Theorem","0","5.22"
"C:\TPTP\TPTP-v9.3.1\Problems\ITP\ITP227^1.p","Theorem","0","5.35"
"C:\TPTP\TPTP-v9.3.1\Problems\ITP\ITP219^4.p","Timeout","0","10.06"
"C:\TPTP\TPTP-v9.3.1\Problems\ITP\ITP220^2.p","Timeout","0","10.06"
"C:\TPTP\TPTP-v9.3.1\Problems\ITP\ITP220^1.p","Timeout","0","10.07"
"C:\TPTP\TPTP-v9.3.1\Problems\ITP\ITP220^3.p","Timeout","0","10.07"
"C:\TPTP\TPTP-v9.3.1\Problems\ITP\ITP220^4.p","Timeout","0","10.08"
"C:\TPTP\TPTP-v9.3.1\Problems\ITP\ITP221^1.p","Timeout","0","10.1"
"C:\TPTP\TPTP-v9.3.1\Problems\ITP\ITP221^3.p","Timeout","0","10.13"
"C:\TPTP\TPTP-v9.3.1\Problems\ITP\ITP228^2.p","Theorem","0","4.76"
"C:\TPTP\TPTP-v9.3.1\Problems\ITP\ITP223^1.p","Timeout","0","10.12"
"C:\TPTP\TPTP-v9.3.1\Problems\ITP\ITP224^2.p","Theorem","0","8.34"
"C:\TPTP\TPTP-v9.3.1\Problems\ITP\ITP224^4.p","Theorem","0","8.22"
"C:\TPTP\TPTP-v9.3.1\Problems\ITP\ITP228^4.p","Theorem","0","4.71"
"C:\TPTP\TPTP-v9.3.1\Problems\ITP\ITP223^2.p","Timeout","0","10.07"
"C:\TPTP\TPTP-v9.3.1\Problems\ITP\ITP223^3.p","Timeout","0","10.1"
"C:\TPTP\TPTP-v9.3.1\Problems\ITP\ITP223^4.p","Timeout","0","10.07"
"C:\TPTP\TPTP-v9.3.1\Problems\ITP\ITP224^1.p","Timeout","0","10.1"
"C:\TPTP\TPTP-v9.3.1\Problems\ITP\ITP224^3.p","Timeout","0","10.11"
"C:\TPTP\TPTP-v9.3.1\Problems\ITP\ITP225^2.p","Timeout","0","10.07"
"C:\TPTP\TPTP-v9.3.1\Problems\ITP\ITP225^1.p","Timeout","0","10.11"
"C:\TPTP\TPTP-v9.3.1\Problems\ITP\ITP229^2.p","Theorem","0","4.31"
"C:\TPTP\TPTP-v9.3.1\Problems\ITP\ITP225^4.p","Timeout","0","10.05"
"C:\TPTP\TPTP-v9.3.1\Problems\ITP\ITP225^3.p","Timeout","0","10.09"
"C:\TPTP\TPTP-v9.3.1\Problems\ITP\ITP229^4.p","Theorem","0","4.36"
"C:\TPTP\TPTP-v9.3.1\Problems\ITP\ITP226^1.p","Timeout","0","10.08"
"C:\TPTP\TPTP-v9.3.1\Problems\ITP\ITP226^2.p","Timeout","0","10.05"
"C:\TPTP\TPTP-v9.3.1\Problems\ITP\ITP226^3.p","Timeout","0","10.07"
"C:\TPTP\TPTP-v9.3.1\Problems\ITP\ITP226^4.p","Timeout","0","10.07"
"C:\TPTP\TPTP-v9.3.1\Problems\ITP\ITP232^2.p","Theorem","0","3.97"
"C:\TPTP\TPTP-v9.3.1\Problems\ITP\ITP228^1.p","Timeout","0","10.23"
"C:\TPTP\TPTP-v9.3.1\Problems\ITP\ITP232^4.p","Theorem","0","4.07"
"C:\TPTP\TPTP-v9.3.1\Problems\ITP\ITP231^2.p","Theorem","0","7.27"
"C:\TPTP\TPTP-v9.3.1\Problems\ITP\ITP231^4.p","Theorem","0","7.36"
"C:\TPTP\TPTP-v9.3.1\Problems\ITP\ITP228^3.p","Timeout","0","10.1"
"C:\TPTP\TPTP-v9.3.1\Problems\ITP\ITP234^2.p","Theorem","0","4.19"
"C:\TPTP\TPTP-v9.3.1\Problems\ITP\ITP234^1.p","Theorem","0","4.89"
"C:\TPTP\TPTP-v9.3.1\Problems\ITP\ITP230^4.p","Theorem","0","7.91"
"C:\TPTP\TPTP-v9.3.1\Problems\ITP\ITP234^4.p","Theorem","0","4.25"
"C:\TPTP\TPTP-v9.3.1\Problems\ITP\ITP230^2.p","Theorem","0","8.25"
"C:\TPTP\TPTP-v9.3.1\Problems\ITP\ITP233^2.p","Theorem","0","5.74"
"C:\TPTP\TPTP-v9.3.1\Problems\ITP\ITP233^4.p","Theorem","0","5.83"
"C:\TPTP\TPTP-v9.3.1\Problems\ITP\ITP234^3.p","Theorem","0","4.93"
"C:\TPTP\TPTP-v9.3.1\Problems\ITP\ITP236^2.p","Theorem","0","4.52"
"C:\TPTP\TPTP-v9.3.1\Problems\ITP\ITP236^4.p","Theorem","0","4.36"
"C:\TPTP\TPTP-v9.3.1\Problems\ITP\ITP235^2.p","Theorem","0","5.1"
"C:\TPTP\TPTP-v9.3.1\Problems\ITP\ITP237^2.p","Theorem","0","4.06"
"C:\TPTP\TPTP-v9.3.1\Problems\ITP\ITP235^4.p","Theorem","0","5.44"
"C:\TPTP\TPTP-v9.3.1\Problems\ITP\ITP229^1.p","Timeout","0","10.07"
"C:\TPTP\TPTP-v9.3.1\Problems\ITP\ITP229^3.p","Timeout","0","10.07"
"C:\TPTP\TPTP-v9.3.1\Problems\ITP\ITP230^1.p","Timeout","0","10.08"
"C:\TPTP\TPTP-v9.3.1\Problems\ITP\ITP230^3.p","Timeout","0","10.1"
"C:\TPTP\TPTP-v9.3.1\Problems\ITP\ITP231^1.p","Timeout","0","10.25"
"C:\TPTP\TPTP-v9.3.1\Problems\ITP\ITP231^3.p","Timeout","0","10.23"
"C:\TPTP\TPTP-v9.3.1\Problems\ITP\ITP232^1.p","Timeout","0","10.08"
"C:\TPTP\TPTP-v9.3.1\Problems\ITP\ITP237^4.p","Theorem","0","3.89"
"C:\TPTP\TPTP-v9.3.1\Problems\ITP\ITP232^3.p","Timeout","0","10.14"
"C:\TPTP\TPTP-v9.3.1\Problems\ITP\ITP239^1.p","Theorem","0","4.09"
"C:\TPTP\TPTP-v9.3.1\Problems\ITP\ITP239^2.p","Theorem","0","4.12"
"C:\TPTP\TPTP-v9.3.1\Problems\ITP\ITP233^1.p","Timeout","0","10.08"
"C:\TPTP\TPTP-v9.3.1\Problems\ITP\ITP239^3.p","Theorem","0","4.23"
"C:\TPTP\TPTP-v9.3.1\Problems\ITP\ITP239^4.p","Theorem","0","4.21"
"C:\TPTP\TPTP-v9.3.1\Problems\ITP\ITP233^3.p","Timeout","0","10.09"
"C:\TPTP\TPTP-v9.3.1\Problems\ITP\ITP242^2.p","Theorem","0","4.12"
"C:\TPTP\TPTP-v9.3.1\Problems\ITP\ITP242^4.p","Theorem","0","4.07"
"C:\TPTP\TPTP-v9.3.1\Problems\ITP\ITP235^1.p","Timeout","0","10.1"
"C:\TPTP\TPTP-v9.3.1\Problems\ITP\ITP235^3.p","Timeout","0","10.09"
"C:\TPTP\TPTP-v9.3.1\Problems\ITP\ITP236^1.p","Timeout","0","10.06"
"C:\TPTP\TPTP-v9.3.1\Problems\ITP\ITP236^3.p","Timeout","0","10.08"
"C:\TPTP\TPTP-v9.3.1\Problems\ITP\ITP237^1.p","Timeout","0","10.11"
"C:\TPTP\TPTP-v9.3.1\Problems\ITP\ITP238^2.p","Theorem","0","8.49"
"C:\TPTP\TPTP-v9.3.1\Problems\ITP\ITP237^3.p","Timeout","0","10.18"
"C:\TPTP\TPTP-v9.3.1\Problems\ITP\ITP238^4.p","Theorem","0","8.71"
"C:\TPTP\TPTP-v9.3.1\Problems\ITP\ITP238^1.p","Timeout","0","10.09"
"C:\TPTP\TPTP-v9.3.1\Problems\ITP\ITP238^3.p","Timeout","0","10.06"
"C:\TPTP\TPTP-v9.3.1\Problems\ITP\ITP240^1.p","Timeout","0","10.13"
"C:\TPTP\TPTP-v9.3.1\Problems\ITP\ITP240^2.p","Timeout","0","10.06"
"C:\TPTP\TPTP-v9.3.1\Problems\ITP\ITP240^3.p","Timeout","0","10.07"
"C:\TPTP\TPTP-v9.3.1\Problems\ITP\ITP240^4.p","Timeout","0","10.06"
"C:\TPTP\TPTP-v9.3.1\Problems\ITP\ITP241^1.p","Timeout","0","10.08"
"C:\TPTP\TPTP-v9.3.1\Problems\ITP\ITP241^2.p","Timeout","0","10.09"
"C:\TPTP\TPTP-v9.3.1\Problems\ITP\ITP244^2.p","Theorem","0","7.58"
"C:\TPTP\TPTP-v9.3.1\Problems\ITP\ITP241^3.p","Timeout","0","10.1"
"C:\TPTP\TPTP-v9.3.1\Problems\ITP\ITP241^4.p","Timeout","0","10.07"
"C:\TPTP\TPTP-v9.3.1\Problems\ITP\ITP244^4.p","Theorem","0","7.49"
"C:\TPTP\TPTP-v9.3.1\Problems\ITP\ITP242^1.p","Timeout","0","10.08"
"C:\TPTP\TPTP-v9.3.1\Problems\ITP\ITP242^3.p","Timeout","0","10.09"
"C:\TPTP\TPTP-v9.3.1\Problems\ITP\ITP243^1.p","Timeout","0","10.07"
"C:\TPTP\TPTP-v9.3.1\Problems\ITP\ITP243^2.p","Timeout","0","10.11"
"C:\TPTP\TPTP-v9.3.1\Problems\ITP\ITP243^3.p","Timeout","0","10.17"
"C:\TPTP\TPTP-v9.3.1\Problems\ITP\ITP245^2.p","Theorem","0","9.01"
"C:\TPTP\TPTP-v9.3.1\Problems\ITP\ITP243^4.p","Timeout","0","10.08"
"C:\TPTP\TPTP-v9.3.1\Problems\ITP\ITP244^1.p","Timeout","0","10.11"
"C:\TPTP\TPTP-v9.3.1\Problems\ITP\ITP244^3.p","Timeout","0","10.12"
"C:\TPTP\TPTP-v9.3.1\Problems\ITP\ITP245^1.p","Timeout","0","10.11"
"C:\TPTP\TPTP-v9.3.1\Problems\ITP\ITP245^4.p","Theorem","0","9.07"
"C:\TPTP\TPTP-v9.3.1\Problems\ITP\ITP245^3.p","Timeout","0","10.11"
"C:\TPTP\TPTP-v9.3.1\Problems\ITP\ITP246^1.p","Timeout","0","10.07"
"C:\TPTP\TPTP-v9.3.1\Problems\ITP\ITP246^2.p","Timeout","0","10.09"
"C:\TPTP\TPTP-v9.3.1\Problems\ITP\ITP246^3.p","Timeout","0","10.07"
"C:\TPTP\TPTP-v9.3.1\Problems\ITP\ITP246^4.p","Timeout","0","10.06"
"C:\TPTP\TPTP-v9.3.1\Problems\ITP\ITP247^1.p","Timeout","0","10.08"
"C:\TPTP\TPTP-v9.3.1\Problems\ITP\ITP247^2.p","Theorem","0","9.99"
"C:\TPTP\TPTP-v9.3.1\Problems\ITP\ITP247^3.p","Timeout","0","10.11"
"C:\TPTP\TPTP-v9.3.1\Problems\ITP\ITP247^4.p","Timeout","0","10.21"
"C:\TPTP\TPTP-v9.3.1\Problems\ITP\ITP249^2.p","Theorem","0","8.1"
"C:\TPTP\TPTP-v9.3.1\Problems\ITP\ITP248^1.p","Timeout","0","10.08"
"C:\TPTP\TPTP-v9.3.1\Problems\ITP\ITP249^4.p","Theorem","0","8.18"
"C:\TPTP\TPTP-v9.3.1\Problems\ITP\ITP248^2.p","Timeout","0","10.08"
"C:\TPTP\TPTP-v9.3.1\Problems\ITP\ITP251^4.p","Theorem","0","8.11"
"C:\TPTP\TPTP-v9.3.1\Problems\ITP\ITP251^2.p","Theorem","0","8.38"
"C:\TPTP\TPTP-v9.3.1\Problems\ITP\ITP248^3.p","Timeout","0","10.12"
"C:\TPTP\TPTP-v9.3.1\Problems\ITP\ITP248^4.p","Timeout","0","10.06"
"C:\TPTP\TPTP-v9.3.1\Problems\ITP\ITP249^1.p","Timeout","0","10.08"
"C:\TPTP\TPTP-v9.3.1\Problems\ITP\ITP249^3.p","Timeout","0","10.1"
"C:\TPTP\TPTP-v9.3.1\Problems\ITP\ITP250^1.p","Timeout","0","10.08"
"C:\TPTP\TPTP-v9.3.1\Problems\ITP\ITP250^2.p","Timeout","0","10.06"
"C:\TPTP\TPTP-v9.3.1\Problems\ITP\ITP250^3.p","Timeout","0","10.07"
"C:\TPTP\TPTP-v9.3.1\Problems\ITP\ITP250^4.p","Timeout","0","10.09"
"C:\TPTP\TPTP-v9.3.1\Problems\ITP\ITP251^1.p","Timeout","0","10.12"
"C:\TPTP\TPTP-v9.3.1\Problems\ITP\ITP251^3.p","Timeout","0","10.08"
"C:\TPTP\TPTP-v9.3.1\Problems\ITP\ITP253^2.p","Theorem","0","8.35"
"C:\TPTP\TPTP-v9.3.1\Problems\ITP\ITP252^1.p","Timeout","0","10.09"
"C:\TPTP\TPTP-v9.3.1\Problems\ITP\ITP252^2.p","Timeout","0","10.2"
"C:\TPTP\TPTP-v9.3.1\Problems\ITP\ITP252^3.p","Timeout","0","10.15"
"C:\TPTP\TPTP-v9.3.1\Problems\ITP\ITP252^4.p","Timeout","0","10.04"
"C:\TPTP\TPTP-v9.3.1\Problems\ITP\ITP253^1.p","Timeout","0","10.11"
"C:\TPTP\TPTP-v9.3.1\Problems\ITP\ITP256^2.p","Theorem","0","5.07"
"C:\TPTP\TPTP-v9.3.1\Problems\ITP\ITP253^4.p","Theorem","0","8.45"
"C:\TPTP\TPTP-v9.3.1\Problems\ITP\ITP256^4.p","Theorem","0","5.31"
"C:\TPTP\TPTP-v9.3.1\Problems\ITP\ITP253^3.p","Timeout","0","10.08"
"C:\TPTP\TPTP-v9.3.1\Problems\ITP\ITP255^2.p","Theorem","0","8.37"
"C:\TPTP\TPTP-v9.3.1\Problems\ITP\ITP254^2.p","Timeout","0","10.08"
"C:\TPTP\TPTP-v9.3.1\Problems\ITP\ITP254^1.p","Timeout","0","10.11"
"C:\TPTP\TPTP-v9.3.1\Problems\ITP\ITP254^3.p","Timeout","0","10.12"
"C:\TPTP\TPTP-v9.3.1\Problems\ITP\ITP255^4.p","Theorem","0","8.21"
"C:\TPTP\TPTP-v9.3.1\Problems\ITP\ITP254^4.p","Timeout","0","10.07"
"C:\TPTP\TPTP-v9.3.1\Problems\ITP\ITP255^1.p","Timeout","0","10.11"
"C:\TPTP\TPTP-v9.3.1\Problems\ITP\ITP255^3.p","Timeout","0","10.11"
"C:\TPTP\TPTP-v9.3.1\Problems\ITP\ITP261^4.p","Theorem","0","4.29"
"C:\TPTP\TPTP-v9.3.1\Problems\ITP\ITP261^2.p","Theorem","0","4.47"
"C:\TPTP\TPTP-v9.3.1\Problems\ITP\ITP256^1.p","Timeout","0","10.21"
"C:\TPTP\TPTP-v9.3.1\Problems\ITP\ITP260^4.p","Theorem","0","5.74"
"C:\TPTP\TPTP-v9.3.1\Problems\ITP\ITP260^2.p","Theorem","0","6.19"
"C:\TPTP\TPTP-v9.3.1\Problems\ITP\ITP256^3.p","Timeout","0","10.08"
"C:\TPTP\TPTP-v9.3.1\Problems\ITP\ITP257^1.p","Timeout","0","10.11"
"C:\TPTP\TPTP-v9.3.1\Problems\ITP\ITP257^2.p","Timeout","0","10.11"
"C:\TPTP\TPTP-v9.3.1\Problems\ITP\ITP257^3.p","Timeout","0","10.1"
"C:\TPTP\TPTP-v9.3.1\Problems\ITP\ITP257^4.p","Timeout","0","10.05"
"C:\TPTP\TPTP-v9.3.1\Problems\ITP\ITP258^1.p","Timeout","0","10.11"
"C:\TPTP\TPTP-v9.3.1\Problems\ITP\ITP258^2.p","Timeout","0","10.11"
"C:\TPTP\TPTP-v9.3.1\Problems\ITP\ITP258^3.p","Timeout","0","10.08"
"C:\TPTP\TPTP-v9.3.1\Problems\ITP\ITP258^4.p","Timeout","0","10.06"
"C:\TPTP\TPTP-v9.3.1\Problems\ITP\ITP259^1.p","Timeout","0","10.1"
"C:\TPTP\TPTP-v9.3.1\Problems\ITP\ITP259^2.p","Timeout","0","10.06"
"C:\TPTP\TPTP-v9.3.1\Problems\ITP\ITP259^3.p","Timeout","0","10.15"
"C:\TPTP\TPTP-v9.3.1\Problems\ITP\ITP259^4.p","Timeout","0","10.08"
"C:\TPTP\TPTP-v9.3.1\Problems\ITP\ITP260^1.p","Timeout","0","10.1"
"C:\TPTP\TPTP-v9.3.1\Problems\ITP\ITP260^3.p","Timeout","0","10.08"
"C:\TPTP\TPTP-v9.3.1\Problems\ITP\ITP262^2.p","Theorem","0","8.52"
"C:\TPTP\TPTP-v9.3.1\Problems\ITP\ITP261^1.p","Timeout","0","10.1"
"C:\TPTP\TPTP-v9.3.1\Problems\ITP\ITP266^2.p","Theorem","0","3.76"
"C:\TPTP\TPTP-v9.3.1\Problems\ITP\ITP266^4.p","Theorem","0","3.85"
"C:\TPTP\TPTP-v9.3.1\Problems\ITP\ITP261^3.p","Timeout","0","10.22"
"C:\TPTP\TPTP-v9.3.1\Problems\ITP\ITP262^4.p","Theorem","0","8.45"
"C:\TPTP\TPTP-v9.3.1\Problems\ITP\ITP262^1.p","Timeout","0","10.07"
"C:\TPTP\TPTP-v9.3.1\Problems\ITP\ITP262^3.p","Timeout","0","10.11"
"C:\TPTP\TPTP-v9.3.1\Problems\ITP\ITP263^1.p","Timeout","0","10.1"
"C:\TPTP\TPTP-v9.3.1\Problems\ITP\ITP263^2.p","Timeout","0","10.09"
"C:\TPTP\TPTP-v9.3.1\Problems\ITP\ITP269^1.p","Theorem","0","3.75"
"C:\TPTP\TPTP-v9.3.1\Problems\ITP\ITP263^3.p","Timeout","0","10.08"
"C:\TPTP\TPTP-v9.3.1\Problems\ITP\ITP263^4.p","Timeout","0","10.06"
"C:\TPTP\TPTP-v9.3.1\Problems\ITP\ITP264^1.p","Timeout","0","10.09"
"C:\TPTP\TPTP-v9.3.1\Problems\ITP\ITP269^2.p","Theorem","0","3.71"
"C:\TPTP\TPTP-v9.3.1\Problems\ITP\ITP265^4.p","Theorem","0","7.93"
"C:\TPTP\TPTP-v9.3.1\Problems\ITP\ITP269^3.p","Theorem","0","3.76"
"C:\TPTP\TPTP-v9.3.1\Problems\ITP\ITP265^2.p","Theorem","0","8.15"
"C:\TPTP\TPTP-v9.3.1\Problems\ITP\ITP269^4.p","Theorem","0","3.94"
"C:\TPTP\TPTP-v9.3.1\Problems\ITP\ITP264^2.p","Timeout","0","10.11"
"C:\TPTP\TPTP-v9.3.1\Problems\ITP\ITP264^3.p","Timeout","0","10.09"
"C:\TPTP\TPTP-v9.3.1\Problems\ITP\ITP264^4.p","Timeout","0","10.08"
"C:\TPTP\TPTP-v9.3.1\Problems\ITP\ITP265^1.p","Timeout","0","10.08"
"C:\TPTP\TPTP-v9.3.1\Problems\ITP\ITP265^3.p","Timeout","0","10.08"
"C:\TPTP\TPTP-v9.3.1\Problems\ITP\ITP266^1.p","Timeout","0","10.08"
"C:\TPTP\TPTP-v9.3.1\Problems\ITP\ITP266^3.p","Timeout","0","10.08"
"C:\TPTP\TPTP-v9.3.1\Problems\ITP\ITP267^1.p","Timeout","0","10.1"
"C:\TPTP\TPTP-v9.3.1\Problems\ITP\ITP267^2.p","Timeout","0","10.14"
"C:\TPTP\TPTP-v9.3.1\Problems\ITP\ITP267^3.p","Timeout","0","10.1"
"C:\TPTP\TPTP-v9.3.1\Problems\ITP\ITP267^4.p","Timeout","0","10.09"
"C:\TPTP\TPTP-v9.3.1\Problems\ITP\ITP268^1.p","Timeout","0","10.07"
"C:\TPTP\TPTP-v9.3.1\Problems\ITP\ITP268^2.p","Timeout","0","10.07"
"C:\TPTP\TPTP-v9.3.1\Problems\ITP\ITP268^3.p","Timeout","0","10.09"
"C:\TPTP\TPTP-v9.3.1\Problems\ITP\ITP268^4.p","Timeout","0","10.11"
"C:\TPTP\TPTP-v9.3.1\Problems\ITP\ITP270^1.p","Timeout","0","10.08"
"C:\TPTP\TPTP-v9.3.1\Problems\ITP\ITP272^2.p","Theorem","0","7.72"
"C:\TPTP\TPTP-v9.3.1\Problems\ITP\ITP272^4.p","Theorem","0","7.86"
"C:\TPTP\TPTP-v9.3.1\Problems\ITP\ITP270^2.p","Timeout","0","10.09"
"C:\TPTP\TPTP-v9.3.1\Problems\ITP\ITP270^3.p","Timeout","0","10.1"
"C:\TPTP\TPTP-v9.3.1\Problems\ITP\ITP270^4.p","Timeout","0","10.16"
"C:\TPTP\TPTP-v9.3.1\Problems\ITP\ITP271^1.p","Timeout","0","10.1"
"C:\TPTP\TPTP-v9.3.1\Problems\ITP\ITP275^2.p","Theorem","0","5.64"
"C:\TPTP\TPTP-v9.3.1\Problems\ITP\ITP274^2.p","Theorem","0","7.44"
"C:\TPTP\TPTP-v9.3.1\Problems\ITP\ITP275^4.p","Theorem","0","5.49"
"C:\TPTP\TPTP-v9.3.1\Problems\ITP\ITP271^2.p","Timeout","0","10.13"
"C:\TPTP\TPTP-v9.3.1\Problems\ITP\ITP271^3.p","Timeout","0","10.11"
"C:\TPTP\TPTP-v9.3.1\Problems\ITP\ITP271^4.p","Timeout","0","10.06"
"C:\TPTP\TPTP-v9.3.1\Problems\ITP\ITP274^4.p","Theorem","0","7.65"
"C:\TPTP\TPTP-v9.3.1\Problems\ITP\ITP272^1.p","Timeout","0","10.07"
"C:\TPTP\TPTP-v9.3.1\Problems\ITP\ITP272^3.p","Timeout","0","10.06"
"C:\TPTP\TPTP-v9.3.1\Problems\ITP\ITP277^2.p","Theorem","0","5.23"
"C:\TPTP\TPTP-v9.3.1\Problems\ITP\ITP273^1.p","Timeout","0","10.09"
"C:\TPTP\TPTP-v9.3.1\Problems\ITP\ITP273^2.p","Timeout","0","10.08"
"C:\TPTP\TPTP-v9.3.1\Problems\ITP\ITP273^3.p","Timeout","0","10.08"
"C:\TPTP\TPTP-v9.3.1\Problems\ITP\ITP277^4.p","Theorem","0","5.24"
"C:\TPTP\TPTP-v9.3.1\Problems\ITP\ITP273^4.p","Timeout","0","10.12"
"C:\TPTP\TPTP-v9.3.1\Problems\ITP\ITP274^1.p","Timeout","0","10.12"
"C:\TPTP\TPTP-v9.3.1\Problems\ITP\ITP274^3.p","Timeout","0","10.12"
"C:\TPTP\TPTP-v9.3.1\Problems\ITP\ITP275^1.p","Timeout","0","10.13"
"C:\TPTP\TPTP-v9.3.1\Problems\ITP\ITP278^1.p","Theorem","0","5.95"
"C:\TPTP\TPTP-v9.3.1\Problems\ITP\ITP275^3.p","Timeout","0","10.18"
"C:\TPTP\TPTP-v9.3.1\Problems\ITP\ITP278^3.p","Theorem","0","6.18"
"C:\TPTP\TPTP-v9.3.1\Problems\ITP\ITP276^1.p","Timeout","0","10.1"
"C:\TPTP\TPTP-v9.3.1\Problems\ITP\ITP278^2.p","Theorem","0","7.25"
"C:\TPTP\TPTP-v9.3.1\Problems\ITP\ITP276^2.p","Timeout","0","10.08"
"C:\TPTP\TPTP-v9.3.1\Problems\ITP\ITP276^3.p","Timeout","0","10.1"
"C:\TPTP\TPTP-v9.3.1\Problems\ITP\ITP276^4.p","Timeout","0","10.07"
"C:\TPTP\TPTP-v9.3.1\Problems\ITP\ITP277^1.p","Timeout","0","10.06"
"C:\TPTP\TPTP-v9.3.1\Problems\ITP\ITP278^4.p","Theorem","0","7.41"
"C:\TPTP\TPTP-v9.3.1\Problems\ITP\ITP277^3.p","Timeout","0","10.11"
"C:\TPTP\TPTP-v9.3.1\Problems\ITP\ITP279^2.p","Theorem","0","8.41"
"C:\TPTP\TPTP-v9.3.1\Problems\ITP\ITP279^4.p","Theorem","0","8.42"
"C:\TPTP\TPTP-v9.3.1\Problems\ITP\ITP279^1.p","Timeout","0","10.1"
"C:\TPTP\TPTP-v9.3.1\Problems\ITP\ITP279^3.p","Timeout","0","10.11"
"C:\TPTP\TPTP-v9.3.1\Problems\ITP\ITP282^2.p","Theorem","0","7.87"
"C:\TPTP\TPTP-v9.3.1\Problems\ITP\ITP282^4.p","Theorem","0","8.19"
"C:\TPTP\TPTP-v9.3.1\Problems\ITP\ITP280^1.p","Timeout","0","10.19"
"C:\TPTP\TPTP-v9.3.1\Problems\ITP\ITP280^2.p","Timeout","0","10.11"
"C:\TPTP\TPTP-v9.3.1\Problems\ITP\ITP280^3.p","Timeout","0","10.09"
"C:\TPTP\TPTP-v9.3.1\Problems\ITP\ITP280^4.p","Timeout","0","10.07"
"C:\TPTP\TPTP-v9.3.1\Problems\ITP\ITP281^2.p","Timeout","0","10.06"
"C:\TPTP\TPTP-v9.3.1\Problems\ITP\ITP281^1.p","Timeout","0","10.08"
"C:\TPTP\TPTP-v9.3.1\Problems\ITP\ITP281^3.p","Timeout","0","10.11"
"C:\TPTP\TPTP-v9.3.1\Problems\ITP\ITP281^4.p","Timeout","0","10.12"
"C:\TPTP\TPTP-v9.3.1\Problems\ITP\ITP282^1.p","Timeout","0","10.11"
"C:\TPTP\TPTP-v9.3.1\Problems\ITP\ITP283^1.p","Timeout","0","10.09"
"C:\TPTP\TPTP-v9.3.1\Problems\ITP\ITP282^3.p","Timeout","0","10.15"
"C:\TPTP\TPTP-v9.3.1\Problems\ITP\ITP283^2.p","Timeout","0","10.1"
"C:\TPTP\TPTP-v9.3.1\Problems\ITP\ITP283^3.p","Timeout","0","10.1"
"C:\TPTP\TPTP-v9.3.1\Problems\ITP\ITP283^4.p","Timeout","0","10.09"
"C:\TPTP\TPTP-v9.3.1\Problems\ITP\ITP284^1.p","Timeout","0","10.07"
"C:\TPTP\TPTP-v9.3.1\Problems\ITP\ITP284^2.p","Timeout","0","10.09"
"C:\TPTP\TPTP-v9.3.1\Problems\ITP\ITP284^3.p","Timeout","0","10.07"
"C:\TPTP\TPTP-v9.3.1\Problems\ITP\ITP286^2.p","Theorem","0","8.87"
"C:\TPTP\TPTP-v9.3.1\Problems\ITP\ITP284^4.p","Timeout","0","10.19"
"C:\TPTP\TPTP-v9.3.1\Problems\ITP\ITP285^1.p","Timeout","0","10.07"
"C:\TPTP\TPTP-v9.3.1\Problems\ITP\ITP286^4.p","Theorem","0","9.05"
"C:\TPTP\TPTP-v9.3.1\Problems\ITP\ITP285^2.p","Timeout","0","10.1"
"C:\TPTP\TPTP-v9.3.1\Problems\ITP\ITP285^3.p","Timeout","0","10.09"
"C:\TPTP\TPTP-v9.3.1\Problems\ITP\ITP286^1.p","Timeout","0","10.06"
"C:\TPTP\TPTP-v9.3.1\Problems\ITP\ITP285^4.p","Timeout","0","10.09"
"C:\TPTP\TPTP-v9.3.1\Problems\ITP\ITP290^2.p","Theorem","0","7.83"
"C:\TPTP\TPTP-v9.3.1\Problems\ITP\ITP286^3.p","Timeout","0","12.56"
"C:\TPTP\TPTP-v9.3.1\Problems\ITP\ITP289^2.p","Theorem","0","7.98"
"C:\TPTP\TPTP-v9.3.1\Problems\ITP\ITP288^4.p","Theorem","0","8.36"
"C:\TPTP\TPTP-v9.3.1\Problems\ITP\ITP288^2.p","Theorem","0","8.87"
"C:\TPTP\TPTP-v9.3.1\Problems\ITP\ITP289^4.p","Theorem","0","7.96"
"C:\TPTP\TPTP-v9.3.1\Problems\ITP\ITP291^2.p","Theorem","0","6.88"
"C:\TPTP\TPTP-v9.3.1\Problems\ITP\ITP287^2.p","Theorem","0","11.09"
"C:\TPTP\TPTP-v9.3.1\Problems\ITP\ITP287^1.p","Timeout","0","11.32"
"C:\TPTP\TPTP-v9.3.1\Problems\ITP\ITP290^4.p","Theorem","0","6.94"
"C:\TPTP\TPTP-v9.3.1\Problems\ITP\ITP287^4.p","Theorem","0","9.56"
"C:\TPTP\TPTP-v9.3.1\Problems\ITP\ITP291^4.p","Theorem","0","5.52"
"C:\TPTP\TPTP-v9.3.1\Problems\ITP\ITP292^2.p","Theorem","0","4.38"
"C:\TPTP\TPTP-v9.3.1\Problems\ITP\ITP416^1.p","GaveUp","0","0.08"
"C:\TPTP\TPTP-v9.3.1\Problems\ITP\ITP287^3.p","Timeout","0","10.09"
"C:\TPTP\TPTP-v9.3.1\Problems\ITP\ITP292^4.p","Theorem","0","4.53"
"C:\TPTP\TPTP-v9.3.1\Problems\ITP\ITP288^1.p","Timeout","0","10.07"
"C:\TPTP\TPTP-v9.3.1\Problems\KRS\KRS275^7.p","Theorem","0","0.89"
"C:\TPTP\TPTP-v9.3.1\Problems\KRS\KRS276^7.p","Theorem","0","0.88"
"C:\TPTP\TPTP-v9.3.1\Problems\ITP\ITP417^1.p","GaveUp","0","0.9"
"C:\TPTP\TPTP-v9.3.1\Problems\ITP\ITP288^3.p","Timeout","0","10.22"
"C:\TPTP\TPTP-v9.3.1\Problems\ITP\ITP293^2.p","Theorem","0","5.18"
"C:\TPTP\TPTP-v9.3.1\Problems\ITP\ITP289^1.p","Timeout","0","10.09"
"C:\TPTP\TPTP-v9.3.1\Problems\ITP\ITP293^4.p","Theorem","0","4.98"
"C:\TPTP\TPTP-v9.3.1\Problems\ITP\ITP289^3.p","Timeout","0","10.08"
"C:\TPTP\TPTP-v9.3.1\Problems\ITP\ITP290^1.p","Timeout","0","10.06"
"C:\TPTP\TPTP-v9.3.1\Problems\ITP\ITP290^3.p","Timeout","0","10.07"
"C:\TPTP\TPTP-v9.3.1\Problems\ITP\ITP291^1.p","Timeout","0","10.09"
"C:\TPTP\TPTP-v9.3.1\Problems\ITP\ITP291^3.p","Timeout","0","10.1"
"C:\TPTP\TPTP-v9.3.1\Problems\ITP\ITP292^1.p","Timeout","0","10.08"
"C:\TPTP\TPTP-v9.3.1\Problems\ITP\ITP292^3.p","Timeout","0","10.11"
"C:\TPTP\TPTP-v9.3.1\Problems\ITP\ITP293^1.p","Timeout","0","10.18"
"C:\TPTP\TPTP-v9.3.1\Problems\ITP\ITP293^3.p","Timeout","0","10.09"
"C:\TPTP\TPTP-v9.3.1\Problems\LCL\LCL579^2.p","GaveUp","0","5.08"
"C:\TPTP\TPTP-v9.3.1\Problems\LCL\LCL580^1.p","Theorem","0","5.08"
"C:\TPTP\TPTP-v9.3.1\Problems\LCL\LCL579^1.p","GaveUp","0","5.09"
"C:\TPTP\TPTP-v9.3.1\Problems\LCL\LCL581^1.p","Theorem","0","4.56"
"C:\TPTP\TPTP-v9.3.1\Problems\LCL\LCL584^1.p","Theorem","0","2.34"
"C:\TPTP\TPTP-v9.3.1\Problems\LCL\LCL582^1.p","CounterSatisfiable","0","4.07"
"C:\TPTP\TPTP-v9.3.1\Problems\LCL\LCL585^1.p","Theorem","0","1.09"
"C:\TPTP\TPTP-v9.3.1\Problems\LCL\LCL583^1.p","Theorem","0","3.49"
"C:\TPTP\TPTP-v9.3.1\Problems\LCL\LCL586^1.p","Theorem","0","0.67"
"C:\TPTP\TPTP-v9.3.1\Problems\LCL\LCL587^1.p","Theorem","0","0.39"
"C:\TPTP\TPTP-v9.3.1\Problems\ITP\ITP294^1.p","Timeout","0","10.13"
"C:\TPTP\TPTP-v9.3.1\Problems\LCL\LCL588^1.p","Theorem","0","0.06"
"C:\TPTP\TPTP-v9.3.1\Problems\LCL\LCL590^1.p","Theorem","0","0.09"
"C:\TPTP\TPTP-v9.3.1\Problems\LCL\LCL589^1.p","Theorem","0","0.09"
"C:\TPTP\TPTP-v9.3.1\Problems\LCL\LCL591^1.p","Theorem","0","0.09"
"C:\TPTP\TPTP-v9.3.1\Problems\LCL\LCL592^1.p","Theorem","0","0.1"
"C:\TPTP\TPTP-v9.3.1\Problems\ITP\ITP294^2.p","Timeout","0","10.06"
"C:\TPTP\TPTP-v9.3.1\Problems\LCL\LCL593^1.p","CounterSatisfiable","0","0.1"
"C:\TPTP\TPTP-v9.3.1\Problems\LCL\LCL594^1.p","GaveUp","0","0.13"
"C:\TPTP\TPTP-v9.3.1\Problems\LCL\LCL596^1.p","CounterSatisfiable","0","0.15"
"C:\TPTP\TPTP-v9.3.1\Problems\LCL\LCL595^1.p","GaveUp","0","0.16"
"C:\TPTP\TPTP-v9.3.1\Problems\LCL\LCL597^1.p","Theorem","0","0.16"
"C:\TPTP\TPTP-v9.3.1\Problems\ITP\ITP294^3.p","Timeout","0","10.11"
"C:\TPTP\TPTP-v9.3.1\Problems\LCL\LCL598^1.p","CounterSatisfiable","0","0.15"
"C:\TPTP\TPTP-v9.3.1\Problems\LCL\LCL599^1.p","GaveUp","0","0.12"
"C:\TPTP\TPTP-v9.3.1\Problems\LCL\LCL600^1.p","GaveUp","0","0.13"
"C:\TPTP\TPTP-v9.3.1\Problems\LCL\LCL601^1.p","GaveUp","0","0.14"
"C:\TPTP\TPTP-v9.3.1\Problems\LCL\LCL602^1.p","GaveUp","0","0.15"
"C:\TPTP\TPTP-v9.3.1\Problems\LCL\LCL604^1.p","Theorem","0","0.15"
"C:\TPTP\TPTP-v9.3.1\Problems\LCL\LCL603^1.p","GaveUp","0","0.16"
"C:\TPTP\TPTP-v9.3.1\Problems\LCL\LCL607^1.p","Theorem","0","0.16"
"C:\TPTP\TPTP-v9.3.1\Problems\LCL\LCL608^1.p","Theorem","0","0.13"
"C:\TPTP\TPTP-v9.3.1\Problems\LCL\LCL609^1.p","Theorem","0","0.12"
"C:\TPTP\TPTP-v9.3.1\Problems\LCL\LCL612^1.p","Theorem","0","0.13"
"C:\TPTP\TPTP-v9.3.1\Problems\LCL\LCL613^1.p","Theorem","0","0.14"
"C:\TPTP\TPTP-v9.3.1\Problems\LCL\LCL614^1.p","Theorem","0","0.14"
"C:\TPTP\TPTP-v9.3.1\Problems\LCL\LCL615^1.p","CounterSatisfiable","0","0.15"
"C:\TPTP\TPTP-v9.3.1\Problems\LCL\LCL617^1.p","CounterSatisfiable","0","0.15"
"C:\TPTP\TPTP-v9.3.1\Problems\LCL\LCL619^1.p","GaveUp","0","0.15"
"C:\TPTP\TPTP-v9.3.1\Problems\LCL\LCL620^1.p","Theorem","0","0.14"
"C:\TPTP\TPTP-v9.3.1\Problems\LCL\LCL618^1.p","GaveUp","0","0.16"
"C:\TPTP\TPTP-v9.3.1\Problems\LCL\LCL621^1.p","GaveUp","0","0.15"
"C:\TPTP\TPTP-v9.3.1\Problems\LCL\LCL624^1.p","Theorem","0","0.15"
"C:\TPTP\TPTP-v9.3.1\Problems\LCL\LCL623^1.p","GaveUp","0","0.21"
"C:\TPTP\TPTP-v9.3.1\Problems\ITP\ITP294^4.p","Timeout","0","10.05"
"C:\TPTP\TPTP-v9.3.1\Problems\ITP\ITP415^1.p","Timeout","0","10.07"
"C:\TPTP\TPTP-v9.3.1\Problems\KRS\KRS273^7.p","Timeout","0","10.11"
"C:\TPTP\TPTP-v9.3.1\Problems\KRS\KRS274^7.p","Timeout","0","10.15"
"C:\TPTP\TPTP-v9.3.1\Problems\LCL\LCL626^1.p","Theorem","0","2.63"
"C:\TPTP\TPTP-v9.3.1\Problems\KRS\KRS277^7.p","Timeout","0","10.17"
"C:\TPTP\TPTP-v9.3.1\Problems\LCL\LCL181^4.p","Timeout","0","10.18"
"C:\TPTP\TPTP-v9.3.1\Problems\LCL\LCL695^1.p","Satisfiable","0","2.52"
"C:\TPTP\TPTP-v9.3.1\Problems\LCL\LCL697^1.p","Satisfiable","0","0.14"
"C:\TPTP\TPTP-v9.3.1\Problems\LCL\LCL698^1.p","Satisfiable","0","0.14"
"C:\TPTP\TPTP-v9.3.1\Problems\LCL\LCL696^1.p","Satisfiable","0","2.47"
"C:\TPTP\TPTP-v9.3.1\Problems\LCL\LCL699^1.p","Theorem","0","0.08"
"C:\TPTP\TPTP-v9.3.1\Problems\KRS\KRS272^7.p","Timeout","0","10.21"
"C:\TPTP\TPTP-v9.3.1\Problems\LCL\LCL700^1.p","Theorem","0","0.06"
"C:\TPTP\TPTP-v9.3.1\Problems\LCL\LCL230^4.p","Timeout","0","10.17"
"C:\TPTP\TPTP-v9.3.1\Problems\LCL\LCL414^7.p","Timeout","0","10.17"
"C:\TPTP\TPTP-v9.3.1\Problems\LCL\LCL701^1.p","Theorem","0","0.06"
"C:\TPTP\TPTP-v9.3.1\Problems\LCL\LCL449^7.p","Timeout","0","10.18"
"C:\TPTP\TPTP-v9.3.1\Problems\LCL\LCL702^1.p","Theorem","0","0.07"
"C:\TPTP\TPTP-v9.3.1\Problems\LCL\LCL703^1.p","Theorem","0","0.07"
"C:\TPTP\TPTP-v9.3.1\Problems\LCL\LCL704^1.p","Theorem","0","0.07"
"C:\TPTP\TPTP-v9.3.1\Problems\LCL\LCL705^1.p","Theorem","0","0.08"
"C:\TPTP\TPTP-v9.3.1\Problems\LCL\LCL706^1.p","Theorem","0","0.09"
"C:\TPTP\TPTP-v9.3.1\Problems\LCL\LCL707^1.p","Theorem","0","0.09"
"C:\TPTP\TPTP-v9.3.1\Problems\LCL\LCL709^1.p","GaveUp","0","0.11"
"C:\TPTP\TPTP-v9.3.1\Problems\LCL\LCL708^1.p","Theorem","0","0.12"
"C:\TPTP\TPTP-v9.3.1\Problems\LCL\LCL711^1.p","Theorem","0","0.13"
"C:\TPTP\TPTP-v9.3.1\Problems\LCL\LCL712^1.p","GaveUp","0","0.15"
"C:\TPTP\TPTP-v9.3.1\Problems\LCL\LCL713^1.p","GaveUp","0","0.15"
"C:\TPTP\TPTP-v9.3.1\Problems\LCL\LCL714^1.p","GaveUp","0","0.15"
"C:\TPTP\TPTP-v9.3.1\Problems\LCL\LCL450^7.p","Timeout","0","10.09"
"C:\TPTP\TPTP-v9.3.1\Problems\LCL\LCL716^1.p","GaveUp","0","0.16"
"C:\TPTP\TPTP-v9.3.1\Problems\LCL\LCL715^1.p","GaveUp","0","0.19"
"C:\TPTP\TPTP-v9.3.1\Problems\LCL\LCL717^1.p","GaveUp","0","0.17"
"C:\TPTP\TPTP-v9.3.1\Problems\LCL\LCL718^1.p","GaveUp","0","0.19"
"C:\TPTP\TPTP-v9.3.1\Problems\LCL\LCL720^1.p","Theorem","0","0.17"
"C:\TPTP\TPTP-v9.3.1\Problems\LCL\LCL719^1.p","Theorem","0","0.17"
"C:\TPTP\TPTP-v9.3.1\Problems\LCL\LCL721^1.p","Theorem","0","0.15"
"C:\TPTP\TPTP-v9.3.1\Problems\LCL\LCL722^1.p","Theorem","0","0.16"
"C:\TPTP\TPTP-v9.3.1\Problems\LCL\LCL724^1.p","Theorem","0","0.12"
"C:\TPTP\TPTP-v9.3.1\Problems\LCL\LCL723^1.p","Theorem","0","0.15"
"C:\TPTP\TPTP-v9.3.1\Problems\LCL\LCL725^1.p","Theorem","0","0.15"
"C:\TPTP\TPTP-v9.3.1\Problems\LCL\LCL727^5.p","GaveUp","0","0.13"
"C:\TPTP\TPTP-v9.3.1\Problems\LCL\LCL726^5.p","GaveUp","0","0.15"
"C:\TPTP\TPTP-v9.3.1\Problems\LCL\LCL728^5.p","GaveUp","0","0.14"
"C:\TPTP\TPTP-v9.3.1\Problems\LCL\LCL729^5.p","GaveUp","0","0.14"
"C:\TPTP\TPTP-v9.3.1\Problems\LCL\LCL730^5.p","GaveUp","0","0.12"
"C:\TPTP\TPTP-v9.3.1\Problems\LCL\LCL731^5.p","GaveUp","0","0.13"
"C:\TPTP\TPTP-v9.3.1\Problems\LCL\LCL733^5.p","GaveUp","0","0.14"
"C:\TPTP\TPTP-v9.3.1\Problems\LCL\LCL734^5.p","GaveUp","0","0.15"
"C:\TPTP\TPTP-v9.3.1\Problems\LCL\LCL732^5.p","Theorem","0","0.14"
"C:\TPTP\TPTP-v9.3.1\Problems\LCL\LCL736^5.p","GaveUp","0","0.13"
"C:\TPTP\TPTP-v9.3.1\Problems\LCL\LCL735^5.p","GaveUp","0","0.13"
"C:\TPTP\TPTP-v9.3.1\Problems\LCL\LCL738^5.p","GaveUp","0","0.14"
"C:\TPTP\TPTP-v9.3.1\Problems\LCL\LCL739^5.p","GaveUp","0","0.14"
"C:\TPTP\TPTP-v9.3.1\Problems\LCL\LCL740^5.p","GaveUp","0","0.14"
"C:\TPTP\TPTP-v9.3.1\Problems\LCL\LCL741^5.p","GaveUp","0","0.15"
"C:\TPTP\TPTP-v9.3.1\Problems\LCL\LCL742^5.p","GaveUp","0","0.15"
"C:\TPTP\TPTP-v9.3.1\Problems\LCL\LCL743^5.p","CounterSatisfiable","0","0.15"
"C:\TPTP\TPTP-v9.3.1\Problems\LCL\LCL452^7.p","Timeout","0","10.07"
"C:\TPTP\TPTP-v9.3.1\Problems\LCL\LCL859^1.p","Theorem","0","0.15"
"C:\TPTP\TPTP-v9.3.1\Problems\LCL\LCL860^1.p","Theorem","0","0.14"
"C:\TPTP\TPTP-v9.3.1\Problems\LCL\LCL861^1.p","Theorem","0","0.15"
"C:\TPTP\TPTP-v9.3.1\Problems\LCL\LCL862^1.p","Theorem","0","0.15"
"C:\TPTP\TPTP-v9.3.1\Problems\LCL\LCL863^1.p","Theorem","0","0.16"
"C:\TPTP\TPTP-v9.3.1\Problems\LCL\LCL865^1.p","Theorem","0","0.16"
"C:\TPTP\TPTP-v9.3.1\Problems\LCL\LCL866^1.p","Theorem","0","0.14"
"C:\TPTP\TPTP-v9.3.1\Problems\LCL\LCL867^1.p","Theorem","0","0.16"
"C:\TPTP\TPTP-v9.3.1\Problems\LCL\LCL868^1.p","Theorem","0","0.14"
"C:\TPTP\TPTP-v9.3.1\Problems\LCL\LCL869^1.p","CounterSatisfiable","0","0.15"
"C:\TPTP\TPTP-v9.3.1\Problems\LCL\LCL873^1.p","Theorem","0","0.15"
"C:\TPTP\TPTP-v9.3.1\Problems\LCL\LCL872^1.p","GaveUp","0","0.17"
"C:\TPTP\TPTP-v9.3.1\Problems\LCL\LCL454^7.p","Timeout","0","10.08"
"C:\TPTP\TPTP-v9.3.1\Problems\LCL\LCL877^2.p","GaveUp","0","0.17"
"C:\TPTP\TPTP-v9.3.1\Problems\LCL\LCL877^1.p","GaveUp","0","0.19"
"C:\TPTP\TPTP-v9.3.1\Problems\LCL\LCL460^7.p","Timeout","0","10.07"
"C:\TPTP\TPTP-v9.3.1\Problems\LCL\LCL878^1.p","GaveUp","0","0.18"
"C:\TPTP\TPTP-v9.3.1\Problems\LCL\LCL456^7.p","Timeout","0","10.08"
"C:\TPTP\TPTP-v9.3.1\Problems\LCL\LCL879^1.p","GaveUp","0","0.17"
"C:\TPTP\TPTP-v9.3.1\Problems\LCL\LCL880^1.p","GaveUp","0","0.17"
"C:\TPTP\TPTP-v9.3.1\Problems\LCL\LCL462^7.p","Timeout","0","10.1"
"C:\TPTP\TPTP-v9.3.1\Problems\LCL\LCL916^1.p","Satisfiable","0","0.14"
"C:\TPTP\TPTP-v9.3.1\Problems\LCL\LCL917^1.p","GaveUp","0","0.16"
"C:\TPTP\TPTP-v9.3.1\Problems\LCL\LCL918^1.p","Satisfiable","0","0.16"
"C:\TPTP\TPTP-v9.3.1\Problems\LCL\LCL919^1.p","Satisfiable","0","0.17"
"C:\TPTP\TPTP-v9.3.1\Problems\LCL\LCL920^1.p","Satisfiable","0","0.15"
"C:\TPTP\TPTP-v9.3.1\Problems\LCL\LCL864^1.p","Theorem","0","0.4"
"C:\TPTP\TPTP-v9.3.1\Problems\LCL\LCL921^1.p","Satisfiable","0","0.16"
"C:\TPTP\TPTP-v9.3.1\Problems\LCL\LCL922^1.p","Satisfiable","0","0.15"
"C:\TPTP\TPTP-v9.3.1\Problems\LCL\LCL923^1.p","Satisfiable","0","0.14"
"C:\TPTP\TPTP-v9.3.1\Problems\LCL\LCL924^1.p","Satisfiable","0","0.14"
"C:\TPTP\TPTP-v9.3.1\Problems\LCL\LCL925^1.p","Satisfiable","0","0.15"
"C:\TPTP\TPTP-v9.3.1\Problems\LCL\LCL930^1.p","Satisfiable","0","0.17"
"C:\TPTP\TPTP-v9.3.1\Problems\LCL\LCL464^7.p","Timeout","0","10.41"
"C:\TPTP\TPTP-v9.3.1\Problems\LCL\LCL466^7.p","Timeout","0","10.11"
"C:\TPTP\TPTP-v9.3.1\Problems\LCL\LCL467^7.p","Timeout","0","10.1"
"C:\TPTP\TPTP-v9.3.1\Problems\LCL\LCL625^1.p","Timeout","0","10.15"
"C:\TPTP\TPTP-v9.3.1\Problems\LCL\LCL629^1.p","Timeout","0","10.14"
"C:\TPTP\TPTP-v9.3.1\Problems\LCL\LCL690^1.p","Timeout","0","10.06"
"C:\TPTP\TPTP-v9.3.1\Problems\LCL\LCL943^24.p","Theorem","0","5.24"
"C:\TPTP\TPTP-v9.3.1\Problems\LCL\LCL945^9.p","Theorem","0","5.76"
"C:\TPTP\TPTP-v9.3.1\Problems\LCL\LCL631^1.p","Timeout","0","10.17"
"C:\TPTP\TPTP-v9.3.1\Problems\LCL\LCL630^1.p","Timeout","0","10.17"
"C:\TPTP\TPTP-v9.3.1\Problems\LCL\LCL947^10.p","Theorem","0","5.27"
"C:\TPTP\TPTP-v9.3.1\Problems\LCL\LCL634^1.p","Timeout","0","10.12"
"C:\TPTP\TPTP-v9.3.1\Problems\LCL\LCL632^1.p","Timeout","0","10.16"
"C:\TPTP\TPTP-v9.3.1\Problems\LCL\LCL633^1.p","Timeout","0","10.15"
"C:\TPTP\TPTP-v9.3.1\Problems\LCL\LCL691^1.p","Timeout","0","10.14"
"C:\TPTP\TPTP-v9.3.1\Problems\LCL\LCL692^1.p","Timeout","0","10.14"
"C:\TPTP\TPTP-v9.3.1\Problems\LCL\LCL951^24.p","Theorem","0","0.16"
"C:\TPTP\TPTP-v9.3.1\Problems\LCL\LCL953^8.p","Theorem","0","0.13"
"C:\TPTP\TPTP-v9.3.1\Problems\LCL\LCL952^12.p","Theorem","0","0.14"
"C:\TPTP\TPTP-v9.3.1\Problems\LCL\LCL956^18.p","Theorem","0","0.17"
"C:\TPTP\TPTP-v9.3.1\Problems\LCL\LCL957^6.p","Theorem","0","0.18"
"C:\TPTP\TPTP-v9.3.1\Problems\LCL\LCL958^18.p","Theorem","0","0.18"
"C:\TPTP\TPTP-v9.3.1\Problems\LCL\LCL959^24.p","Theorem","0","0.21"
"C:\TPTP\TPTP-v9.3.1\Problems\LCL\LCL961^1.p","CounterSatisfiable","0","0.2"
"C:\TPTP\TPTP-v9.3.1\Problems\LCL\LCL962^16.p","Theorem","0","0.13"
"C:\TPTP\TPTP-v9.3.1\Problems\LCL\LCL961^11.p","Theorem","0","0.15"
"C:\TPTP\TPTP-v9.3.1\Problems\LCL\LCL960^12.p","Theorem","0","0.3"
"C:\TPTP\TPTP-v9.3.1\Problems\LCL\LCL969^9.p","CounterSatisfiable","0","0.07"
"C:\TPTP\TPTP-v9.3.1\Problems\LCL\LCL954^19.p","Theorem","0","0.48"
"C:\TPTP\TPTP-v9.3.1\Problems\LCL\LCL955^24.p","Theorem","0","0.97"
"C:\TPTP\TPTP-v9.3.1\Problems\LIN\LIN002^1.p","Theorem","0","1.28"
"C:\TPTP\TPTP-v9.3.1\Problems\LIN\LIN001^1.p","Theorem","0","1.34"
"C:\TPTP\TPTP-v9.3.1\Problems\LIN\LIN003^1.p","Theorem","0","1.32"
"C:\TPTP\TPTP-v9.3.1\Problems\LIN\LIN004^1.p","Theorem","0","1.35"
"C:\TPTP\TPTP-v9.3.1\Problems\LCL\LCL710^1.p","Timeout","0","10.19"
"C:\TPTP\TPTP-v9.3.1\Problems\LIN\LIN005^1.p","Theorem","0","1.33"
"C:\TPTP\TPTP-v9.3.1\Problems\LIN\LIN006^1.p","Theorem","0","1.32"
"C:\TPTP\TPTP-v9.3.1\Problems\LCL\LCL874^1.p","Timeout","0","10.16"
"C:\TPTP\TPTP-v9.3.1\Problems\LIN\LIN007^1.p","Theorem","0","1.34"
"C:\TPTP\TPTP-v9.3.1\Problems\LCL\LCL881^1.p","Timeout","0","10.14"
"C:\TPTP\TPTP-v9.3.1\Problems\LCL\LCL931^1.p","Timeout","0","10.17"
"C:\TPTP\TPTP-v9.3.1\Problems\LCL\LCL932^1.p","Timeout","0","10.2"
"C:\TPTP\TPTP-v9.3.1\Problems\LCL\LCL933^1.p","Timeout","0","10.19"
"C:\TPTP\TPTP-v9.3.1\Problems\LCL\LCL934^1.p","Timeout","0","10.21"
"C:\TPTP\TPTP-v9.3.1\Problems\LCL\LCL936^1.p","Timeout","0","10.18"
"C:\TPTP\TPTP-v9.3.1\Problems\LCL\LCL935^1.p","Timeout","0","10.21"
"C:\TPTP\TPTP-v9.3.1\Problems\LCL\LCL937^1.p","Timeout","0","10.19"
"C:\TPTP\TPTP-v9.3.1\Problems\LCL\LCL938^1.p","Timeout","0","10.18"
"C:\TPTP\TPTP-v9.3.1\Problems\LCL\LCL939^1.p","Timeout","0","10.19"
"C:\TPTP\TPTP-v9.3.1\Problems\LCL\LCL940^1.p","Timeout","0","10.19"
"C:\TPTP\TPTP-v9.3.1\Problems\MSC\MSC007^1.003.004.p","GaveUp","0","0.07"
"C:\TPTP\TPTP-v9.3.1\Problems\LCL\LCL941^3.p","Timeout","0","10.21"
"C:\TPTP\TPTP-v9.3.1\Problems\MSC\MSC025^1.p","GaveUp","0","0.07"
"C:\TPTP\TPTP-v9.3.1\Problems\LCL\LCL941^5.p","Timeout","0","10.24"
"C:\TPTP\TPTP-v9.3.1\Problems\MSC\MSC025^2.p","Theorem","0","0.08"
"C:\TPTP\TPTP-v9.3.1\Problems\LCL\LCL944^8.p","Timeout","0","10.22"
"C:\TPTP\TPTP-v9.3.1\Problems\LCL\LCL942^2.p","Timeout","0","10.28"
"C:\TPTP\TPTP-v9.3.1\Problems\NLP\NLP001^3.p","Theorem","0","0.13"
"C:\TPTP\TPTP-v9.3.1\Problems\LIN\LIN008^1.p","Theorem","0","1.36"
"C:\TPTP\TPTP-v9.3.1\Problems\LIN\LIN009^1.p","Theorem","0","1.38"
"C:\TPTP\TPTP-v9.3.1\Problems\LIN\LIN010^1.p","Theorem","0","1.32"
"C:\TPTP\TPTP-v9.3.1\Problems\NLP\NLP001^17.p","Theorem","0","0.78"
"C:\TPTP\TPTP-v9.3.1\Problems\NLP\NLP001^7.p","Theorem","0","0.76"
"C:\TPTP\TPTP-v9.3.1\Problems\LIN\LIN011^1.p","Theorem","0","1.31"
"C:\TPTP\TPTP-v9.3.1\Problems\LCL\LCL946^10.p","Timeout","0","10.17"
"C:\TPTP\TPTP-v9.3.1\Problems\LCL\LCL948^10.p","Timeout","0","10.08"
"C:\TPTP\TPTP-v9.3.1\Problems\LIN\LIN012^1.p","Theorem","0","1.33"
"C:\TPTP\TPTP-v9.3.1\Problems\LIN\LIN013^1.p","Theorem","0","1.34"
"C:\TPTP\TPTP-v9.3.1\Problems\LIN\LIN014^1.p","Theorem","0","1.29"
"C:\TPTP\TPTP-v9.3.1\Problems\NLP\NLP265^17.p","Theorem","0","0.09"
"C:\TPTP\TPTP-v9.3.1\Problems\NLP\NLP264^7.p","Theorem","0","0.13"
"C:\TPTP\TPTP-v9.3.1\Problems\NLP\NLP265^18.p","Theorem","0","0.1"
"C:\TPTP\TPTP-v9.3.1\Problems\LIN\LIN015^1.p","Theorem","0","1.33"
"C:\TPTP\TPTP-v9.3.1\Problems\MSC\MSC030^1.p","Theorem","0","1.35"
"C:\TPTP\TPTP-v9.3.1\Problems\MSC\MSC033^1.p","Theorem","0","1.34"
"C:\TPTP\TPTP-v9.3.1\Problems\MSC\MSC032^1.p","Theorem","0","1.37"
"C:\TPTP\TPTP-v9.3.1\Problems\MSC\MSC029^1.p","Theorem","0","1.41"
"C:\TPTP\TPTP-v9.3.1\Problems\NLP\NLP267^1.p","Theorem","0","0.07"
"C:\TPTP\TPTP-v9.3.1\Problems\NLP\NLP267^17.p","Theorem","0","0.09"
"C:\TPTP\TPTP-v9.3.1\Problems\NLP\NLP267^2.p","Theorem","0","0.08"
"C:\TPTP\TPTP-v9.3.1\Problems\NLP\NLP267^18.p","Theorem","0","0.1"
"C:\TPTP\TPTP-v9.3.1\Problems\NLP\NLP267^3.p","Theorem","0","0.09"
"C:\TPTP\TPTP-v9.3.1\Problems\MSC\MSC031^1.p","Theorem","0","1.58"
"C:\TPTP\TPTP-v9.3.1\Problems\NLP\NLP267^4.p","Theorem","0","0.15"
"C:\TPTP\TPTP-v9.3.1\Problems\NLP\NLP267^5.p","Theorem","0","0.15"
"C:\TPTP\TPTP-v9.3.1\Problems\NUM\NUM016^5.p","Theorem","0","0.16"
"C:\TPTP\TPTP-v9.3.1\Problems\NUM\NUM415^1.p","Theorem","0","0.08"
"C:\TPTP\TPTP-v9.3.1\Problems\NUM\NUM020^1.p","GaveUp","0","0.18"
"C:\TPTP\TPTP-v9.3.1\Problems\NUM\NUM416^1.p","Theorem","0","0.11"
"C:\TPTP\TPTP-v9.3.1\Problems\NUM\NUM635^1.p","Theorem","0","0.09"
"C:\TPTP\TPTP-v9.3.1\Problems\NUM\NUM418^1.p","GaveUp","0","0.14"
"C:\TPTP\TPTP-v9.3.1\Problems\NUM\NUM419^1.p","GaveUp","0","0.12"
"C:\TPTP\TPTP-v9.3.1\Problems\NUM\NUM021^1.p","GaveUp","0","0.32"
"C:\TPTP\TPTP-v9.3.1\Problems\NUM\NUM635^2.p","Theorem","0","0.08"
"C:\TPTP\TPTP-v9.3.1\Problems\NLP\NLP266^4.p","Theorem","0","0.87"
"C:\TPTP\TPTP-v9.3.1\Problems\NUM\NUM635^4.p","Theorem","0","0.87"
"C:\TPTP\TPTP-v9.3.1\Problems\NUM\NUM637^1.p","GaveUp","0","0.14"
"C:\TPTP\TPTP-v9.3.1\Problems\LCL\LCL949^4.p","Theorem","0","8.65"
"C:\TPTP\TPTP-v9.3.1\Problems\NUM\NUM417^1.p","Theorem","0","3.39"
"C:\TPTP\TPTP-v9.3.1\Problems\NUM\NUM638^1.p","Theorem","0","0.09"
"C:\TPTP\TPTP-v9.3.1\Problems\LCL\LCL950^17.p","Timeout","0","10.15"
"C:\TPTP\TPTP-v9.3.1\Problems\LCL\LCL964^3.p","Timeout","0","10.12"
"C:\TPTP\TPTP-v9.3.1\Problems\NUM\NUM639^1.p","Theorem","0","0.19"
"C:\TPTP\TPTP-v9.3.1\Problems\LCL\LCL965^15.p","Timeout","0","10.13"
"C:\TPTP\TPTP-v9.3.1\Problems\LCL\LCL963^3.p","Timeout","0","10.19"
"C:\TPTP\TPTP-v9.3.1\Problems\LCL\LCL966^9.p","Timeout","0","10.13"
"C:\TPTP\TPTP-v9.3.1\Problems\LCL\LCL967^3.p","Timeout","0","10.13"
"C:\TPTP\TPTP-v9.3.1\Problems\LCL\LCL968^3.p","Timeout","0","10.11"
"C:\TPTP\TPTP-v9.3.1\Problems\LCL\LCL970^15.p","Timeout","0","10.07"
"C:\TPTP\TPTP-v9.3.1\Problems\NUM\NUM640^1.p","Theorem","0","0.09"
"C:\TPTP\TPTP-v9.3.1\Problems\NUM\NUM641^1.p","Theorem","0","0.1"
"C:\TPTP\TPTP-v9.3.1\Problems\NUM\NUM642^1.p","Theorem","0","0.1"
"C:\TPTP\TPTP-v9.3.1\Problems\MSC\MSC020^5.p","Timeout","0","10.05"
"C:\TPTP\TPTP-v9.3.1\Problems\MSC\MSC021^5.p","Timeout","0","10.06"
"C:\TPTP\TPTP-v9.3.1\Problems\NLP\NLP002^7.p","Timeout","0","10.15"
"C:\TPTP\TPTP-v9.3.1\Problems\NLP\NLP003^7.p","Timeout","0","10.17"
"C:\TPTP\TPTP-v9.3.1\Problems\NLP\NLP004^12.p","Timeout","0","10.13"
"C:\TPTP\TPTP-v9.3.1\Problems\NLP\NLP004^13.p","Timeout","0","10.1"
"C:\TPTP\TPTP-v9.3.1\Problems\NUM\NUM647^1.p","Theorem","0","0.09"
"C:\TPTP\TPTP-v9.3.1\Problems\NLP\NLP004^7.p","Timeout","0","10.13"
"C:\TPTP\TPTP-v9.3.1\Problems\NUM\NUM648^1.p","Theorem","0","0.1"
"C:\TPTP\TPTP-v9.3.1\Problems\NLP\NLP004^8.p","Timeout","0","10.12"
"C:\TPTP\TPTP-v9.3.1\Problems\NLP\NLP005^7.p","Timeout","0","10.12"
"C:\TPTP\TPTP-v9.3.1\Problems\NLP\NLP007^7.p","Timeout","0","10.12"
"C:\TPTP\TPTP-v9.3.1\Problems\NLP\NLP006^7.p","Timeout","0","10.13"
"C:\TPTP\TPTP-v9.3.1\Problems\NLP\NLP008^7.p","Timeout","0","10.12"
"C:\TPTP\TPTP-v9.3.1\Problems\NLP\NLP009^7.p","Timeout","0","10.12"
"C:\TPTP\TPTP-v9.3.1\Problems\NLP\NLP011^7.p","Timeout","0","10.11"
"C:\TPTP\TPTP-v9.3.1\Problems\NUM\NUM651^1.p","Theorem","0","0.07"
"C:\TPTP\TPTP-v9.3.1\Problems\NUM\NUM652^1.p","Theorem","0","0.07"
"C:\TPTP\TPTP-v9.3.1\Problems\NUM\NUM653^1.p","Theorem","0","0.1"
"C:\TPTP\TPTP-v9.3.1\Problems\NLP\NLP266^12.p","Timeout","0","10.1"
"C:\TPTP\TPTP-v9.3.1\Problems\NUM\NUM654^1.p","Theorem","0","0.09"
"C:\TPTP\TPTP-v9.3.1\Problems\NLP\NLP266^3.p","Timeout","0","10.11"
"C:\TPTP\TPTP-v9.3.1\Problems\NUM\NUM655^1.p","Theorem","0","0.09"
"C:\TPTP\TPTP-v9.3.1\Problems\NLP\NLP266^23.p","Timeout","0","10.24"
"C:\TPTP\TPTP-v9.3.1\Problems\NUM\NUM656^1.p","Theorem","0","0.07"
"C:\TPTP\TPTP-v9.3.1\Problems\NUM\NUM657^1.p","Theorem","0","0.1"
"C:\TPTP\TPTP-v9.3.1\Problems\NUM\NUM636^2.p","Timeout","0","10.1"
"C:\TPTP\TPTP-v9.3.1\Problems\NUM\NUM636^1.p","Timeout","0","10.13"
"C:\TPTP\TPTP-v9.3.1\Problems\NUM\NUM636^3.p","Timeout","0","10.08"
"C:\TPTP\TPTP-v9.3.1\Problems\NUM\NUM636^4.p","Timeout","0","10.09"
"C:\TPTP\TPTP-v9.3.1\Problems\NUM\NUM659^1.p","Theorem","0","0.19"
"C:\TPTP\TPTP-v9.3.1\Problems\NUM\NUM658^1.p","Theorem","0","0.27"
"C:\TPTP\TPTP-v9.3.1\Problems\NUM\NUM660^1.p","Theorem","0","0.09"
"C:\TPTP\TPTP-v9.3.1\Problems\NUM\NUM662^1.p","Theorem","0","0.07"
"C:\TPTP\TPTP-v9.3.1\Problems\NUM\NUM637^2.p","Timeout","0","10.12"
"C:\TPTP\TPTP-v9.3.1\Problems\NUM\NUM663^1.p","Theorem","0","0.12"
"C:\TPTP\TPTP-v9.3.1\Problems\NUM\NUM637^4.p","Timeout","0","10.12"
"C:\TPTP\TPTP-v9.3.1\Problems\NUM\NUM664^1.p","Theorem","0","0.08"
"C:\TPTP\TPTP-v9.3.1\Problems\NUM\NUM638^4.p","Timeout","0","10.09"
"C:\TPTP\TPTP-v9.3.1\Problems\NUM\NUM665^1.p","Theorem","0","0.1"
"C:\TPTP\TPTP-v9.3.1\Problems\NUM\NUM654^4.p","Theorem","0","4.74"
"C:\TPTP\TPTP-v9.3.1\Problems\NUM\NUM666^1.p","Theorem","0","0.09"
"C:\TPTP\TPTP-v9.3.1\Problems\NUM\NUM655^4.p","Theorem","0","5"
"C:\TPTP\TPTP-v9.3.1\Problems\NUM\NUM667^1.p","Theorem","0","0.06"
"C:\TPTP\TPTP-v9.3.1\Problems\NUM\NUM656^4.p","Theorem","0","5.34"
"C:\TPTP\TPTP-v9.3.1\Problems\NUM\NUM657^4.p","Theorem","0","5.2"
"C:\TPTP\TPTP-v9.3.1\Problems\NUM\NUM639^4.p","Timeout","0","10.07"
"C:\TPTP\TPTP-v9.3.1\Problems\NUM\NUM668^1.p","Theorem","0","0.13"
"C:\TPTP\TPTP-v9.3.1\Problems\NUM\NUM640^4.p","Timeout","0","10.06"
"C:\TPTP\TPTP-v9.3.1\Problems\NUM\NUM641^4.p","Timeout","0","10.11"
"C:\TPTP\TPTP-v9.3.1\Problems\NUM\NUM669^1.p","Theorem","0","0.08"
"C:\TPTP\TPTP-v9.3.1\Problems\NUM\NUM642^4.p","Timeout","0","10.08"
"C:\TPTP\TPTP-v9.3.1\Problems\NUM\NUM643^4.p","Timeout","0","10.11"
"C:\TPTP\TPTP-v9.3.1\Problems\NUM\NUM671^1.p","Theorem","0","0.07"
"C:\TPTP\TPTP-v9.3.1\Problems\NUM\NUM644^4.p","Timeout","0","10.07"
"C:\TPTP\TPTP-v9.3.1\Problems\NUM\NUM670^1.p","Theorem","0","0.17"
"C:\TPTP\TPTP-v9.3.1\Problems\NUM\NUM643^1.p","Timeout","0","10.2"
"C:\TPTP\TPTP-v9.3.1\Problems\NUM\NUM672^1.p","Theorem","0","0.07"
"C:\TPTP\TPTP-v9.3.1\Problems\NUM\NUM644^1.p","Timeout","0","10.15"
"C:\TPTP\TPTP-v9.3.1\Problems\NUM\NUM673^1.p","Theorem","0","0.06"
"C:\TPTP\TPTP-v9.3.1\Problems\NUM\NUM674^1.p","Theorem","0","0.07"
"C:\TPTP\TPTP-v9.3.1\Problems\NUM\NUM676^1.p","Theorem","0","0.11"
"C:\TPTP\TPTP-v9.3.1\Problems\NUM\NUM677^1.p","Theorem","0","0.17"
"C:\TPTP\TPTP-v9.3.1\Problems\NUM\NUM680^1.p","Theorem","0","0.09"
"C:\TPTP\TPTP-v9.3.1\Problems\NUM\NUM658^4.p","Theorem","0","5.63"
"C:\TPTP\TPTP-v9.3.1\Problems\NUM\NUM681^1.p","Theorem","0","0.08"
"C:\TPTP\TPTP-v9.3.1\Problems\NUM\NUM659^4.p","Theorem","0","5.71"
"C:\TPTP\TPTP-v9.3.1\Problems\NUM\NUM682^1.p","Theorem","0","0.12"
"C:\TPTP\TPTP-v9.3.1\Problems\NUM\NUM645^4.p","Timeout","0","10.07"
"C:\TPTP\TPTP-v9.3.1\Problems\NUM\NUM645^1.p","Timeout","0","10.18"
"C:\TPTP\TPTP-v9.3.1\Problems\NUM\NUM683^1.p","Theorem","0","0.09"
"C:\TPTP\TPTP-v9.3.1\Problems\NUM\NUM684^1.p","Theorem","0","0.08"
"C:\TPTP\TPTP-v9.3.1\Problems\NUM\NUM646^1.p","Timeout","0","10.07"
"C:\TPTP\TPTP-v9.3.1\Problems\NUM\NUM646^4.p","Timeout","0","10.08"
"C:\TPTP\TPTP-v9.3.1\Problems\NUM\NUM647^4.p","Timeout","0","10.1"
"C:\TPTP\TPTP-v9.3.1\Problems\NUM\NUM686^1.p","Theorem","0","0.12"
"C:\TPTP\TPTP-v9.3.1\Problems\NUM\NUM687^1.p","Theorem","0","0.07"
"C:\TPTP\TPTP-v9.3.1\Problems\NUM\NUM648^4.p","Timeout","0","10.1"
"C:\TPTP\TPTP-v9.3.1\Problems\NUM\NUM688^1.p","Theorem","0","0.07"
"C:\TPTP\TPTP-v9.3.1\Problems\NUM\NUM649^1.p","Timeout","0","10.09"
"C:\TPTP\TPTP-v9.3.1\Problems\NUM\NUM689^1.p","Theorem","0","0.08"
"C:\TPTP\TPTP-v9.3.1\Problems\NUM\NUM690^1.p","Theorem","0","0.06"
"C:\TPTP\TPTP-v9.3.1\Problems\NUM\NUM649^4.p","Timeout","0","10.09"
"C:\TPTP\TPTP-v9.3.1\Problems\NUM\NUM691^1.p","Theorem","0","0.06"
"C:\TPTP\TPTP-v9.3.1\Problems\NUM\NUM650^1.p","Timeout","0","10.07"
"C:\TPTP\TPTP-v9.3.1\Problems\NUM\NUM650^4.p","Timeout","0","10.07"
"C:\TPTP\TPTP-v9.3.1\Problems\NUM\NUM651^4.p","Timeout","0","10.06"
"C:\TPTP\TPTP-v9.3.1\Problems\NUM\NUM652^4.p","Timeout","0","10.07"
"C:\TPTP\TPTP-v9.3.1\Problems\NUM\NUM692^1.p","Theorem","0","0.08"
"C:\TPTP\TPTP-v9.3.1\Problems\NUM\NUM693^1.p","Theorem","0","0.09"
"C:\TPTP\TPTP-v9.3.1\Problems\NUM\NUM653^4.p","Timeout","0","10.1"
"C:\TPTP\TPTP-v9.3.1\Problems\NUM\NUM694^1.p","Theorem","0","0.1"
"C:\TPTP\TPTP-v9.3.1\Problems\NUM\NUM695^1.p","Theorem","0","0.08"
"C:\TPTP\TPTP-v9.3.1\Problems\NUM\NUM660^4.p","Timeout","0","10.11"
"C:\TPTP\TPTP-v9.3.1\Problems\NUM\NUM662^4.p","Timeout","0","10.11"
"C:\TPTP\TPTP-v9.3.1\Problems\NUM\NUM697^1.p","Theorem","0","0.08"
"C:\TPTP\TPTP-v9.3.1\Problems\NUM\NUM663^4.p","Timeout","0","10.07"
"C:\TPTP\TPTP-v9.3.1\Problems\NUM\NUM698^1.p","Theorem","0","0.1"
"C:\TPTP\TPTP-v9.3.1\Problems\NUM\NUM664^4.p","Timeout","0","10.07"
"C:\TPTP\TPTP-v9.3.1\Problems\NUM\NUM699^1.p","Theorem","0","0.1"
"C:\TPTP\TPTP-v9.3.1\Problems\NUM\NUM665^4.p","Timeout","0","10.07"
"C:\TPTP\TPTP-v9.3.1\Problems\NUM\NUM700^1.p","Theorem","0","0.07"
"C:\TPTP\TPTP-v9.3.1\Problems\NUM\NUM666^4.p","Timeout","0","10.09"
"C:\TPTP\TPTP-v9.3.1\Problems\NUM\NUM701^1.p","Theorem","0","0.1"
"C:\TPTP\TPTP-v9.3.1\Problems\NUM\NUM667^4.p","Timeout","0","10.07"
"C:\TPTP\TPTP-v9.3.1\Problems\NUM\NUM702^1.p","Theorem","0","0.12"
"C:\TPTP\TPTP-v9.3.1\Problems\NUM\NUM668^4.p","Timeout","0","10.08"
"C:\TPTP\TPTP-v9.3.1\Problems\NUM\NUM669^4.p","Timeout","0","10.07"
"C:\TPTP\TPTP-v9.3.1\Problems\NUM\NUM703^1.p","Theorem","0","0.06"
"C:\TPTP\TPTP-v9.3.1\Problems\NUM\NUM670^4.p","Timeout","0","10.05"
"C:\TPTP\TPTP-v9.3.1\Problems\NUM\NUM671^4.p","Timeout","0","10.08"
"C:\TPTP\TPTP-v9.3.1\Problems\NUM\NUM672^4.p","Timeout","0","10.07"
"C:\TPTP\TPTP-v9.3.1\Problems\NUM\NUM673^4.p","Timeout","0","10.08"
"C:\TPTP\TPTP-v9.3.1\Problems\NUM\NUM674^4.p","Timeout","0","10.08"
"C:\TPTP\TPTP-v9.3.1\Problems\NUM\NUM676^4.p","Timeout","0","10.06"
"C:\TPTP\TPTP-v9.3.1\Problems\NUM\NUM706^1.p","Theorem","0","0.08"
"C:\TPTP\TPTP-v9.3.1\Problems\NUM\NUM707^1.p","Theorem","0","0.1"
"C:\TPTP\TPTP-v9.3.1\Problems\NUM\NUM677^4.p","Timeout","0","10.17"
"C:\TPTP\TPTP-v9.3.1\Problems\NUM\NUM708^1.p","Theorem","0","0.07"
"C:\TPTP\TPTP-v9.3.1\Problems\NUM\NUM709^1.p","Theorem","0","0.07"
"C:\TPTP\TPTP-v9.3.1\Problems\NUM\NUM680^4.p","Timeout","0","10.11"
"C:\TPTP\TPTP-v9.3.1\Problems\NUM\NUM681^4.p","Timeout","0","10.08"
"C:\TPTP\TPTP-v9.3.1\Problems\NUM\NUM682^4.p","Timeout","0","10.1"
"C:\TPTP\TPTP-v9.3.1\Problems\NUM\NUM683^4.p","Timeout","0","10.08"
"C:\TPTP\TPTP-v9.3.1\Problems\NUM\NUM684^4.p","Timeout","0","10.07"
"C:\TPTP\TPTP-v9.3.1\Problems\NUM\NUM686^4.p","Timeout","0","10.1"
"C:\TPTP\TPTP-v9.3.1\Problems\NUM\NUM687^4.p","Timeout","0","10.07"
"C:\TPTP\TPTP-v9.3.1\Problems\NUM\NUM688^4.p","Timeout","0","10.06"
"C:\TPTP\TPTP-v9.3.1\Problems\NUM\NUM689^4.p","Timeout","0","10.08"
"C:\TPTP\TPTP-v9.3.1\Problems\NUM\NUM713^1.p","Theorem","0","0.09"
"C:\TPTP\TPTP-v9.3.1\Problems\NUM\NUM721^1.p","Theorem","0","0.07"
"C:\TPTP\TPTP-v9.3.1\Problems\NUM\NUM690^4.p","Timeout","0","10.06"
"C:\TPTP\TPTP-v9.3.1\Problems\NUM\NUM726^1.p","Theorem","0","0.06"
"C:\TPTP\TPTP-v9.3.1\Problems\NUM\NUM691^4.p","Timeout","0","10.06"
"C:\TPTP\TPTP-v9.3.1\Problems\NUM\NUM727^1.p","Theorem","0","0.1"
"C:\TPTP\TPTP-v9.3.1\Problems\NUM\NUM728^1.p","Theorem","0","0.06"
"C:\TPTP\TPTP-v9.3.1\Problems\NUM\NUM692^4.p","Timeout","0","10.05"
"C:\TPTP\TPTP-v9.3.1\Problems\NUM\NUM693^4.p","Timeout","0","10.1"
"C:\TPTP\TPTP-v9.3.1\Problems\NUM\NUM729^1.p","Theorem","0","0.1"
"C:\TPTP\TPTP-v9.3.1\Problems\NUM\NUM694^4.p","Timeout","0","10.07"
"C:\TPTP\TPTP-v9.3.1\Problems\NUM\NUM730^1.p","Theorem","0","0.07"
"C:\TPTP\TPTP-v9.3.1\Problems\NUM\NUM695^4.p","Timeout","0","10.08"
"C:\TPTP\TPTP-v9.3.1\Problems\NUM\NUM696^1.p","Timeout","0","10.07"
"C:\TPTP\TPTP-v9.3.1\Problems\NUM\NUM736^1.p","Theorem","0","0.1"
"C:\TPTP\TPTP-v9.3.1\Problems\NUM\NUM737^1.p","Theorem","0","0.86"
"C:\TPTP\TPTP-v9.3.1\Problems\NUM\NUM696^4.p","Timeout","0","14.59"
"C:\TPTP\TPTP-v9.3.1\Problems\NUM\NUM701^4.p","Timeout","0","10.67"
"C:\TPTP\TPTP-v9.3.1\Problems\NUM\NUM700^4.p","Timeout","0","11.45"
"C:\TPTP\TPTP-v9.3.1\Problems\NUM\NUM703^4.p","Timeout","0","10.09"
"C:\TPTP\TPTP-v9.3.1\Problems\NUM\NUM702^4.p","Timeout","0","10.42"
"C:\TPTP\TPTP-v9.3.1\Problems\NUM\NUM698^4.p","Timeout","0","13.6"
"C:\TPTP\TPTP-v9.3.1\Problems\NUM\NUM704^1.p","Timeout","0","10.07"
"C:\TPTP\TPTP-v9.3.1\Problems\NUM\NUM738^1.p","Theorem","0","4.79"
"C:\TPTP\TPTP-v9.3.1\Problems\NUM\NUM697^4.p","Timeout","0","14.27"
"C:\TPTP\TPTP-v9.3.1\Problems\NUM\NUM699^4.p","Timeout","0","11.56"
"C:\TPTP\TPTP-v9.3.1\Problems\NUM\NUM704^4.p","Timeout","0","10.05"
"C:\TPTP\TPTP-v9.3.1\Problems\NUM\NUM705^1.p","Timeout","0","10.03"
"C:\TPTP\TPTP-v9.3.1\Problems\NUM\NUM705^4.p","Timeout","0","10.07"
"C:\TPTP\TPTP-v9.3.1\Problems\NUM\NUM739^1.p","Theorem","0","0.14"
"C:\TPTP\TPTP-v9.3.1\Problems\NUM\NUM740^1.p","Theorem","0","0.16"
"C:\TPTP\TPTP-v9.3.1\Problems\NUM\NUM706^4.p","Timeout","0","10.05"
"C:\TPTP\TPTP-v9.3.1\Problems\NUM\NUM707^4.p","Timeout","0","10.11"
"C:\TPTP\TPTP-v9.3.1\Problems\NUM\NUM742^1.p","Theorem","0","0.39"
"C:\TPTP\TPTP-v9.3.1\Problems\NUM\NUM708^4.p","Timeout","0","10.07"
"C:\TPTP\TPTP-v9.3.1\Problems\NUM\NUM743^1.p","Theorem","0","0.54"
"C:\TPTP\TPTP-v9.3.1\Problems\NUM\NUM709^4.p","Timeout","0","10.08"
"C:\TPTP\TPTP-v9.3.1\Problems\NUM\NUM746^1.p","Theorem","0","0.82"
"C:\TPTP\TPTP-v9.3.1\Problems\NUM\NUM710^1.p","Timeout","0","10.27"
"C:\TPTP\TPTP-v9.3.1\Problems\NUM\NUM747^1.p","Theorem","0","0.78"
"C:\TPTP\TPTP-v9.3.1\Problems\NUM\NUM710^4.p","Timeout","0","10.07"
"C:\TPTP\TPTP-v9.3.1\Problems\NUM\NUM748^1.p","Theorem","0","1.04"
"C:\TPTP\TPTP-v9.3.1\Problems\NUM\NUM711^1.p","Timeout","0","10.15"
"C:\TPTP\TPTP-v9.3.1\Problems\NUM\NUM749^1.p","Theorem","0","2.91"
"C:\TPTP\TPTP-v9.3.1\Problems\NUM\NUM711^4.p","Timeout","0","10.11"
"C:\TPTP\TPTP-v9.3.1\Problems\NUM\NUM750^1.p","Theorem","0","2.85"
"C:\TPTP\TPTP-v9.3.1\Problems\NUM\NUM751^1.p","Theorem","0","2.64"
"C:\TPTP\TPTP-v9.3.1\Problems\NUM\NUM712^4.p","Timeout","0","10.08"
"C:\TPTP\TPTP-v9.3.1\Problems\NUM\NUM712^1.p","Timeout","0","10.2"
"C:\TPTP\TPTP-v9.3.1\Problems\NUM\NUM752^1.p","Theorem","0","2.67"
"C:\TPTP\TPTP-v9.3.1\Problems\NUM\NUM713^4.p","Timeout","0","10.07"
"C:\TPTP\TPTP-v9.3.1\Problems\NUM\NUM753^1.p","Theorem","0","2.45"
"C:\TPTP\TPTP-v9.3.1\Problems\NUM\NUM721^4.p","Timeout","0","10.07"
"C:\TPTP\TPTP-v9.3.1\Problems\NUM\NUM754^1.p","Theorem","0","0.49"
"C:\TPTP\TPTP-v9.3.1\Problems\NUM\NUM726^4.p","Timeout","0","10.06"
"C:\TPTP\TPTP-v9.3.1\Problems\NUM\NUM755^1.p","Theorem","0","0.53"
"C:\TPTP\TPTP-v9.3.1\Problems\NUM\NUM727^4.p","Timeout","0","10.07"
"C:\TPTP\TPTP-v9.3.1\Problems\NUM\NUM756^1.p","Theorem","0","0.53"
"C:\TPTP\TPTP-v9.3.1\Problems\NUM\NUM728^4.p","Timeout","0","10.07"
"C:\TPTP\TPTP-v9.3.1\Problems\NUM\NUM757^1.p","Theorem","0","0.56"
"C:\TPTP\TPTP-v9.3.1\Problems\NUM\NUM729^4.p","Timeout","0","10.07"
"C:\TPTP\TPTP-v9.3.1\Problems\NUM\NUM758^1.p","Theorem","0","0.51"
"C:\TPTP\TPTP-v9.3.1\Problems\NUM\NUM730^4.p","Timeout","0","10.06"
"C:\TPTP\TPTP-v9.3.1\Problems\NUM\NUM759^1.p","Theorem","0","0.5"
"C:\TPTP\TPTP-v9.3.1\Problems\NUM\NUM736^4.p","Timeout","0","10.07"
"C:\TPTP\TPTP-v9.3.1\Problems\NUM\NUM760^1.p","Theorem","0","0.45"
"C:\TPTP\TPTP-v9.3.1\Problems\NUM\NUM737^4.p","Timeout","0","10.07"
"C:\TPTP\TPTP-v9.3.1\Problems\NUM\NUM761^1.p","Theorem","0","5.05"
"C:\TPTP\TPTP-v9.3.1\Problems\NUM\NUM738^4.p","Timeout","0","10.11"
"C:\TPTP\TPTP-v9.3.1\Problems\NUM\NUM762^1.p","Theorem","0","5.07"
"C:\TPTP\TPTP-v9.3.1\Problems\NUM\NUM739^4.p","Timeout","0","10.14"
"C:\TPTP\TPTP-v9.3.1\Problems\NUM\NUM765^1.p","Theorem","0","5.05"
"C:\TPTP\TPTP-v9.3.1\Problems\NUM\NUM740^4.p","Timeout","0","10.16"
"C:\TPTP\TPTP-v9.3.1\Problems\NUM\NUM741^4.p","Timeout","0","10.19"
"C:\TPTP\TPTP-v9.3.1\Problems\NUM\NUM767^1.p","Theorem","0","5.07"
"C:\TPTP\TPTP-v9.3.1\Problems\NUM\NUM742^4.p","Timeout","0","10.22"
"C:\TPTP\TPTP-v9.3.1\Problems\NUM\NUM743^4.p","Timeout","0","10.24"
"C:\TPTP\TPTP-v9.3.1\Problems\NUM\NUM741^1.p","Timeout","0","10.27"
"C:\TPTP\TPTP-v9.3.1\Problems\NUM\NUM746^4.p","Timeout","0","10.17"
"C:\TPTP\TPTP-v9.3.1\Problems\NUM\NUM769^1.p","Theorem","0","0.17"
"C:\TPTP\TPTP-v9.3.1\Problems\NUM\NUM747^4.p","Timeout","0","10.14"
"C:\TPTP\TPTP-v9.3.1\Problems\NUM\NUM770^1.p","Theorem","0","0.21"
"C:\TPTP\TPTP-v9.3.1\Problems\NUM\NUM748^4.p","Timeout","0","10.07"
"C:\TPTP\TPTP-v9.3.1\Problems\NUM\NUM771^1.p","Theorem","0","0.25"
"C:\TPTP\TPTP-v9.3.1\Problems\NUM\NUM749^4.p","Timeout","0","10.04"
"C:\TPTP\TPTP-v9.3.1\Problems\NUM\NUM781^2.p","Theorem","0","0.34"
"C:\TPTP\TPTP-v9.3.1\Problems\NUM\NUM781^1.p","Theorem","0","0.37"
"C:\TPTP\TPTP-v9.3.1\Problems\NUM\NUM781^3.p","Theorem","0","0.33"
"C:\TPTP\TPTP-v9.3.1\Problems\NUM\NUM750^4.p","Timeout","0","10.04"
"C:\TPTP\TPTP-v9.3.1\Problems\NUM\NUM782^1.p","Theorem","0","0.6"
"C:\TPTP\TPTP-v9.3.1\Problems\NUM\NUM751^4.p","Timeout","0","10.05"
"C:\TPTP\TPTP-v9.3.1\Problems\NUM\NUM783^1.p","Theorem","0","0.58"
"C:\TPTP\TPTP-v9.3.1\Problems\NUM\NUM752^4.p","Timeout","0","10.05"
"C:\TPTP\TPTP-v9.3.1\Problems\NUM\NUM784^1.p","Theorem","0","0.93"
"C:\TPTP\TPTP-v9.3.1\Problems\NUM\NUM753^4.p","Timeout","0","10.04"
"C:\TPTP\TPTP-v9.3.1\Problems\NUM\NUM785^1.p","Theorem","0","2.78"
"C:\TPTP\TPTP-v9.3.1\Problems\NUM\NUM754^4.p","Timeout","0","10.07"
"C:\TPTP\TPTP-v9.3.1\Problems\NUM\NUM786^1.p","Theorem","0","2.92"
"C:\TPTP\TPTP-v9.3.1\Problems\NUM\NUM755^4.p","Timeout","0","10.04"
"C:\TPTP\TPTP-v9.3.1\Problems\NUM\NUM787^1.p","Theorem","0","2.69"
"C:\TPTP\TPTP-v9.3.1\Problems\NUM\NUM756^4.p","Timeout","0","10.04"
"C:\TPTP\TPTP-v9.3.1\Problems\NUM\NUM788^1.p","Theorem","0","2.67"
"C:\TPTP\TPTP-v9.3.1\Problems\NUM\NUM757^4.p","Timeout","0","10.04"
"C:\TPTP\TPTP-v9.3.1\Problems\NUM\NUM789^1.p","Theorem","0","2.38"
"C:\TPTP\TPTP-v9.3.1\Problems\NUM\NUM758^4.p","Timeout","0","10.04"
"C:\TPTP\TPTP-v9.3.1\Problems\NUM\NUM790^1.p","Theorem","0","0.5"
"C:\TPTP\TPTP-v9.3.1\Problems\NUM\NUM759^4.p","Timeout","0","10.08"
"C:\TPTP\TPTP-v9.3.1\Problems\NUM\NUM791^1.p","Theorem","0","0.37"
"C:\TPTP\TPTP-v9.3.1\Problems\NUM\NUM787^4.p","Theorem","0","3.02"
"C:\TPTP\TPTP-v9.3.1\Problems\NUM\NUM792^1.p","Theorem","0","0.39"
"C:\TPTP\TPTP-v9.3.1\Problems\NUM\NUM760^4.p","Timeout","0","10.05"
"C:\TPTP\TPTP-v9.3.1\Problems\NUM\NUM793^1.p","Theorem","0","0.42"
"C:\TPTP\TPTP-v9.3.1\Problems\NUM\NUM761^4.p","Timeout","0","10.05"
"C:\TPTP\TPTP-v9.3.1\Problems\NUM\NUM795^1.p","Theorem","0","0.44"
"C:\TPTP\TPTP-v9.3.1\Problems\NUM\NUM762^4.p","Timeout","0","10.05"
"C:\TPTP\TPTP-v9.3.1\Problems\NUM\NUM796^1.p","Theorem","0","0.38"
"C:\TPTP\TPTP-v9.3.1\Problems\NUM\NUM765^4.p","Timeout","0","10.05"
"C:\TPTP\TPTP-v9.3.1\Problems\NUM\NUM797^1.p","GaveUp","0","0.46"
"C:\TPTP\TPTP-v9.3.1\Problems\NUM\NUM766^1.p","Timeout","0","10.1"
"C:\TPTP\TPTP-v9.3.1\Problems\NUM\NUM766^4.p","Timeout","0","10.05"
"C:\TPTP\TPTP-v9.3.1\Problems\NUM\NUM799^1.p","GaveUp","0","0.48"
"C:\TPTP\TPTP-v9.3.1\Problems\NUM\NUM800^1.p","GaveUp","0","0.4"
"C:\TPTP\TPTP-v9.3.1\Problems\NUM\NUM767^4.p","Timeout","0","10.06"
"C:\TPTP\TPTP-v9.3.1\Problems\NUM\NUM804^5.p","CounterSatisfiable","0","4.21"
"C:\TPTP\TPTP-v9.3.1\Problems\NUM\NUM806^5.p","CounterSatisfiable","0","4.08"
"C:\TPTP\TPTP-v9.3.1\Problems\NUM\NUM805^5.p","CounterSatisfiable","0","4.2"
"C:\TPTP\TPTP-v9.3.1\Problems\NUM\NUM802^5.p","GaveUp","0","4.27"
"C:\TPTP\TPTP-v9.3.1\Problems\NUM\NUM803^5.p","CounterSatisfiable","0","4.27"
"C:\TPTP\TPTP-v9.3.1\Problems\NUM\NUM807^5.p","CounterSatisfiable","0","4.05"
"C:\TPTP\TPTP-v9.3.1\Problems\NUM\NUM808^5.p","GaveUp","0","4.05"
"C:\TPTP\TPTP-v9.3.1\Problems\NUM\NUM811^5.p","GaveUp","0","5.12"
"C:\TPTP\TPTP-v9.3.1\Problems\NUM\NUM812^5.p","GaveUp","0","1.74"
"C:\TPTP\TPTP-v9.3.1\Problems\NUM\NUM768^4.p","Timeout","0","10.14"
"C:\TPTP\TPTP-v9.3.1\Problems\NUM\NUM768^1.p","Timeout","0","10.18"
"C:\TPTP\TPTP-v9.3.1\Problems\NUM\NUM769^4.p","Timeout","0","10.16"
"C:\TPTP\TPTP-v9.3.1\Problems\NUM\NUM770^4.p","Timeout","0","10.15"
"C:\TPTP\TPTP-v9.3.1\Problems\NUM\NUM771^4.p","Timeout","0","10.1"
"C:\TPTP\TPTP-v9.3.1\Problems\NUM\NUM781^4.p","Timeout","0","10.09"
"C:\TPTP\TPTP-v9.3.1\Problems\NUM\NUM818^5.p","GaveUp","0","1.89"
"C:\TPTP\TPTP-v9.3.1\Problems\NUM\NUM782^4.p","Timeout","0","10.09"
"C:\TPTP\TPTP-v9.3.1\Problems\NUM\NUM783^4.p","Timeout","0","10.05"
"C:\TPTP\TPTP-v9.3.1\Problems\NUM\NUM784^4.p","Timeout","0","10.05"
"C:\TPTP\TPTP-v9.3.1\Problems\NUM\NUM785^4.p","Timeout","0","10.05"
"C:\TPTP\TPTP-v9.3.1\Problems\NUM\NUM824^5.p","GaveUp","0","0.39"
"C:\TPTP\TPTP-v9.3.1\Problems\NUM\NUM786^4.p","Timeout","0","10.08"
"C:\TPTP\TPTP-v9.3.1\Problems\NUM\NUM798^1.p","GaveUp","0","6.79"
"C:\TPTP\TPTP-v9.3.1\Problems\NUM\NUM825^5.p","GaveUp","0","0.59"
"C:\TPTP\TPTP-v9.3.1\Problems\NUM\NUM788^4.p","Timeout","0","10.05"
"C:\TPTP\TPTP-v9.3.1\Problems\NUM\NUM789^4.p","Timeout","0","10.06"
"C:\TPTP\TPTP-v9.3.1\Problems\NUM\NUM830^5.p","Theorem","0","3"
"C:\TPTP\TPTP-v9.3.1\Problems\NUM\NUM831^5.p","GaveUp","0","2.93"
"C:\TPTP\TPTP-v9.3.1\Problems\NUM\NUM790^4.p","Timeout","0","10.06"
"C:\TPTP\TPTP-v9.3.1\Problems\NUM\NUM834^5.p","GaveUp","0","2.91"
"C:\TPTP\TPTP-v9.3.1\Problems\NUM\NUM833^5.p","GaveUp","0","2.92"
"C:\TPTP\TPTP-v9.3.1\Problems\NUM\NUM791^4.p","Timeout","0","10.06"
"C:\TPTP\TPTP-v9.3.1\Problems\NUM\NUM792^4.p","Timeout","0","10.06"
"C:\TPTP\TPTP-v9.3.1\Problems\NUM\NUM793^4.p","Timeout","0","10.04"
"C:\TPTP\TPTP-v9.3.1\Problems\NUM\NUM795^4.p","Timeout","0","10.04"
"C:\TPTP\TPTP-v9.3.1\Problems\NUM\NUM796^4.p","Timeout","0","10.06"
"C:\TPTP\TPTP-v9.3.1\Problems\NUM\NUM924^2.p","Theorem","0","0.53"
"C:\TPTP\TPTP-v9.3.1\Problems\NUM\NUM924^1.p","Theorem","0","0.53"
"C:\TPTP\TPTP-v9.3.1\Problems\NUM\NUM797^4.p","Timeout","0","10.07"
"C:\TPTP\TPTP-v9.3.1\Problems\NUM\NUM925^2.p","Theorem","0","0.46"
"C:\TPTP\TPTP-v9.3.1\Problems\NUM\NUM925^1.p","Theorem","0","0.49"
"C:\TPTP\TPTP-v9.3.1\Problems\NUM\NUM924^3.p","Theorem","0","0.49"
"C:\TPTP\TPTP-v9.3.1\Problems\NUM\NUM925^3.p","Theorem","0","0.52"
"C:\TPTP\TPTP-v9.3.1\Problems\NUM\NUM801^1.p","Timeout","0","10.17"
"C:\TPTP\TPTP-v9.3.1\Problems\NUM\NUM926^1.p","Theorem","0","0.54"
"C:\TPTP\TPTP-v9.3.1\Problems\NUM\NUM926^2.p","Theorem","0","0.53"
"C:\TPTP\TPTP-v9.3.1\Problems\NUM\NUM926^3.p","Theorem","0","0.51"
"C:\TPTP\TPTP-v9.3.1\Problems\NUM\NUM809^5.p","Timeout","0","10.06"
"C:\TPTP\TPTP-v9.3.1\Problems\NUN\NUN021^1.p","Satisfiable","0","0.43"
"C:\TPTP\TPTP-v9.3.1\Problems\NUM\NUM810^5.p","Timeout","0","10.08"
"C:\TPTP\TPTP-v9.3.1\Problems\NUN\NUN023^1.p","GaveUp","0","1.99"
"C:\TPTP\TPTP-v9.3.1\Problems\NUN\NUN024^1.p","GaveUp","0","1.91"
"C:\TPTP\TPTP-v9.3.1\Problems\NUN\NUN023^2.p","Theorem","0","1.95"
"C:\TPTP\TPTP-v9.3.1\Problems\NUN\NUN024^2.p","Theorem","0","1.62"
"C:\TPTP\TPTP-v9.3.1\Problems\NUM\NUM926^4.p","Theorem","0","2.14"
"C:\TPTP\TPTP-v9.3.1\Problems\NUN\NUN025^2.p","Theorem","0","1.91"
"C:\TPTP\TPTP-v9.3.1\Problems\NUN\NUN027^1.p","Theorem","0","1.89"
"C:\TPTP\TPTP-v9.3.1\Problems\NUN\NUN026^1.p","Theorem","0","1.9"
"C:\TPTP\TPTP-v9.3.1\Problems\NUN\NUN025^3.p","Theorem","0","1.9"
"C:\TPTP\TPTP-v9.3.1\Problems\NUM\NUM924^4.p","Theorem","0","2.83"
"C:\TPTP\TPTP-v9.3.1\Problems\NUN\NUN025^1.p","GaveUp","0","2.35"
"C:\TPTP\TPTP-v9.3.1\Problems\NUM\NUM863^1.p","GaveUp","0","6.2"
"C:\TPTP\TPTP-v9.3.1\Problems\NUN\NUN028^1.p","Theorem","0","1.27"
"C:\TPTP\TPTP-v9.3.1\Problems\NUN\NUN030^1.p","Theorem","0","1.28"
"C:\TPTP\TPTP-v9.3.1\Problems\NUN\NUN031^1.p","Theorem","0","1.3"
"C:\TPTP\TPTP-v9.3.1\Problems\NUN\NUN032^1.p","Theorem","0","1.31"
"C:\TPTP\TPTP-v9.3.1\Problems\NUN\NUN029^1.p","Theorem","0","1.32"
"C:\TPTP\TPTP-v9.3.1\Problems\NUN\NUN033^1.p","Theorem","0","1.29"
"C:\TPTP\TPTP-v9.3.1\Problems\NUN\NUN035^1.p","Theorem","0","1.36"
"C:\TPTP\TPTP-v9.3.1\Problems\NUN\NUN037^1.p","Theorem","0","1.36"
"C:\TPTP\TPTP-v9.3.1\Problems\NUN\NUN034^1.p","Theorem","0","1.37"
"C:\TPTP\TPTP-v9.3.1\Problems\NUN\NUN036^1.p","Theorem","0","1.41"
"C:\TPTP\TPTP-v9.3.1\Problems\NUN\NUN046^1.p","Theorem","0","0.1"
"C:\TPTP\TPTP-v9.3.1\Problems\NUN\NUN048^1.p","Theorem","0","0.07"
"C:\TPTP\TPTP-v9.3.1\Problems\NUN\NUN050^1.p","GaveUp","0","0.1"
"C:\TPTP\TPTP-v9.3.1\Problems\NUN\NUN039^1.p","Theorem","0","1.37"
"C:\TPTP\TPTP-v9.3.1\Problems\NUN\NUN038^1.p","Theorem","0","1.45"
"C:\TPTP\TPTP-v9.3.1\Problems\NUM\NUM813^5.p","Timeout","0","10.15"
"C:\TPTP\TPTP-v9.3.1\Problems\NUM\NUM814^5.p","Timeout","0","10.16"
"C:\TPTP\TPTP-v9.3.1\Problems\NUM\NUM816^5.p","Timeout","0","10.17"
"C:\TPTP\TPTP-v9.3.1\Problems\NUM\NUM817^5.p","Timeout","0","10.18"
"C:\TPTP\TPTP-v9.3.1\Problems\NUM\NUM815^5.p","Timeout","0","10.25"
"C:\TPTP\TPTP-v9.3.1\Problems\NUN\NUN041^1.p","Theorem","0","1.29"
"C:\TPTP\TPTP-v9.3.1\Problems\NUN\NUN043^1.p","Theorem","0","1.34"
"C:\TPTP\TPTP-v9.3.1\Problems\NUN\NUN042^1.p","Theorem","0","1.38"
"C:\TPTP\TPTP-v9.3.1\Problems\NUN\NUN040^1.p","Theorem","0","1.46"
"C:\TPTP\TPTP-v9.3.1\Problems\NUN\NUN044^1.p","Theorem","0","1.47"
"C:\TPTP\TPTP-v9.3.1\Problems\NUN\NUN045^1.p","Theorem","0","1.33"
"C:\TPTP\TPTP-v9.3.1\Problems\NUN\NUN051^1.p","Theorem","0","2.28"
"C:\TPTP\TPTP-v9.3.1\Problems\NUM\NUM819^5.p","Timeout","0","10.06"
"C:\TPTP\TPTP-v9.3.1\Problems\NUM\NUM821^5.p","Timeout","0","10.08"
"C:\TPTP\TPTP-v9.3.1\Problems\NUM\NUM822^5.p","Timeout","0","10.08"
"C:\TPTP\TPTP-v9.3.1\Problems\NUM\NUM823^5.p","Timeout","0","10.08"
"C:\TPTP\TPTP-v9.3.1\Problems\NUM\NUM826^5.p","Timeout","0","10.1"
"C:\TPTP\TPTP-v9.3.1\Problems\NUM\NUM827^5.p","Timeout","0","10.07"
"C:\TPTP\TPTP-v9.3.1\Problems\NUM\NUM828^5.p","Timeout","0","10.06"
"C:\TPTP\TPTP-v9.3.1\Problems\NUM\NUM829^5.p","Timeout","0","10.08"
"C:\TPTP\TPTP-v9.3.1\Problems\NUM\NUM832^5.p","Timeout","0","10.07"
"C:\TPTP\TPTP-v9.3.1\Problems\NUM\NUM923^1.p","Timeout","0","10.12"
"C:\TPTP\TPTP-v9.3.1\Problems\NUM\NUM923^2.p","Timeout","0","10.18"
"C:\TPTP\TPTP-v9.3.1\Problems\NUM\NUM923^3.p","Timeout","0","10.16"
"C:\TPTP\TPTP-v9.3.1\Problems\NUM\NUM925^4.p","Theorem","0","8.73"
"C:\TPTP\TPTP-v9.3.1\Problems\NUM\NUM923^4.p","Timeout","0","10.12"
"C:\TPTP\TPTP-v9.3.1\Problems\NUN\NUN022^1.p","Timeout","0","10.08"
"C:\TPTP\TPTP-v9.3.1\Problems\NUN\NUN047^1.p","Timeout","0","10.14"
"C:\TPTP\TPTP-v9.3.1\Problems\NUN\NUN049^1.p","Timeout","0","10.11"
"C:\TPTP\TPTP-v9.3.1\Problems\NUN\NUN052^1.p","Timeout","0","10.1"
"C:\TPTP\TPTP-v9.3.1\Problems\NUN\NUN093^1.p","Timeout","0","10.05"
"C:\TPTP\TPTP-v9.3.1\Problems\NUN\NUN053^4.p","Timeout","0","10.09"
"C:\TPTP\TPTP-v9.3.1\Problems\NUN\NUN095^1.p","Timeout","0","10.06"
"C:\TPTP\TPTP-v9.3.1\Problems\NUN\NUN094^1.p","Timeout","0","10.08"
"C:\TPTP\TPTP-v9.3.1\Problems\NUN\NUN096^1.p","Timeout","0","10.1"
"C:\TPTP\TPTP-v9.3.1\Problems\NUN\NUN097^1.p","Timeout","0","10.17"
"C:\TPTP\TPTP-v9.3.1\Problems\NUN\NUN098^1.p","Timeout","0","10.1"
"C:\TPTP\TPTP-v9.3.1\Problems\NUN\NUN099^1.p","Timeout","0","10.1"
"C:\TPTP\TPTP-v9.3.1\Problems\NUN\NUN100^1.p","Timeout","0","10.08"
"C:\TPTP\TPTP-v9.3.1\Problems\NUN\NUN101^1.p","Timeout","0","10.06"
"C:\TPTP\TPTP-v9.3.1\Problems\NUN\NUN103^1.p","Timeout","0","10.07"
"C:\TPTP\TPTP-v9.3.1\Problems\NUN\NUN102^1.p","Timeout","0","10.13"
"C:\TPTP\TPTP-v9.3.1\Problems\PHI\PHI002^1.p","Theorem","0","0.11"
"C:\TPTP\TPTP-v9.3.1\Problems\NUN\NUN104^1.p","Timeout","0","10.1"
"C:\TPTP\TPTP-v9.3.1\Problems\PHI\PHI002^2.p","Theorem","0","0.12"
"C:\TPTP\TPTP-v9.3.1\Problems\PHI\PHI002^8.p","GaveUp","0","0.09"
"C:\TPTP\TPTP-v9.3.1\Problems\PHI\PHI003^2.p","GaveUp","0","0.1"
"C:\TPTP\TPTP-v9.3.1\Problems\PHI\PHI003^6.p","GaveUp","0","0.07"
"C:\TPTP\TPTP-v9.3.1\Problems\PHI\PHI003^7.p","GaveUp","0","0.18"
"C:\TPTP\TPTP-v9.3.1\Problems\PHI\PHI004^1.p","Theorem","0","0.11"
"C:\TPTP\TPTP-v9.3.1\Problems\PHI\PHI004^2.p","Theorem","0","0.13"
"C:\TPTP\TPTP-v9.3.1\Problems\PHI\PHI004^4.p","Theorem","0","0.1"
"C:\TPTP\TPTP-v9.3.1\Problems\NUN\NUN105^1.p","Timeout","0","10.09"
"C:\TPTP\TPTP-v9.3.1\Problems\NUN\NUN106^1.p","Timeout","0","10.07"
"C:\TPTP\TPTP-v9.3.1\Problems\NUN\NUN107^1.p","Timeout","0","10.07"
"C:\TPTP\TPTP-v9.3.1\Problems\NUN\NUN108^1.p","Timeout","0","10.09"
"C:\TPTP\TPTP-v9.3.1\Problems\NUN\NUN109^1.p","Timeout","0","10.11"
"C:\TPTP\TPTP-v9.3.1\Problems\NUN\NUN110^1.p","Timeout","0","10.06"
"C:\TPTP\TPTP-v9.3.1\Problems\PHI\PHI005^10.p","GaveUp","0","0.09"
"C:\TPTP\TPTP-v9.3.1\Problems\NUN\NUN111^1.p","Timeout","0","10.08"
"C:\TPTP\TPTP-v9.3.1\Problems\NUN\NUN112^1.p","Timeout","0","10.1"
"C:\TPTP\TPTP-v9.3.1\Problems\PHI\PHI005^6.p","GaveUp","0","0.1"
"C:\TPTP\TPTP-v9.3.1\Problems\PHI\PHI005^2.p","GaveUp","0","0.14"
"C:\TPTP\TPTP-v9.3.1\Problems\NUN\NUN113^1.p","Timeout","0","10.12"
"C:\TPTP\TPTP-v9.3.1\Problems\PHI\PHI005^9.p","GaveUp","0","0.07"
"C:\TPTP\TPTP-v9.3.1\Problems\NUN\NUN114^1.p","Timeout","0","10.07"
"C:\TPTP\TPTP-v9.3.1\Problems\PHI\PHI008^4.p","GaveUp","0","0.16"
"C:\TPTP\TPTP-v9.3.1\Problems\PHI\PHI043^1.p","GaveUp","0","0.11"
"C:\TPTP\TPTP-v9.3.1\Problems\PHI\PHI045^10.p","Theorem","0","0.14"
"C:\TPTP\TPTP-v9.3.1\Problems\NUN\NUN115^1.p","Timeout","0","10.08"
"C:\TPTP\TPTP-v9.3.1\Problems\PHI\PHI043^2.p","Theorem","0","0.32"
"C:\TPTP\TPTP-v9.3.1\Problems\PHI\PHI045^6.p","Theorem","0","0.08"
"C:\TPTP\TPTP-v9.3.1\Problems\PHI\PHI045^7.p","Theorem","0","0.1"
"C:\TPTP\TPTP-v9.3.1\Problems\PHI\PHI045^8.p","Theorem","0","0.09"
"C:\TPTP\TPTP-v9.3.1\Problems\PHI\PHI045^9.p","Theorem","0","0.09"
"C:\TPTP\TPTP-v9.3.1\Problems\NUN\NUN116^1.p","Timeout","0","10.11"
"C:\TPTP\TPTP-v9.3.1\Problems\PHI\PHI046^10.p","Theorem","0","0.06"
"C:\TPTP\TPTP-v9.3.1\Problems\PHI\PHI046^9.p","GaveUp","0","0.1"
"C:\TPTP\TPTP-v9.3.1\Problems\PLA\PLA032^7.p","Theorem","0","0.09"
"C:\TPTP\TPTP-v9.3.1\Problems\PLA\PLA033^7.p","Theorem","0","0.11"
"C:\TPTP\TPTP-v9.3.1\Problems\PLA\PLA053^18.p","Theorem","0","0.09"
"C:\TPTP\TPTP-v9.3.1\Problems\PLA\PLA053^2.p","Theorem","0","0.08"
"C:\TPTP\TPTP-v9.3.1\Problems\PLA\PLA053^4.p","Theorem","0","0.1"
"C:\TPTP\TPTP-v9.3.1\Problems\PLA\PLA053^5.p","Theorem","0","0.07"
"C:\TPTP\TPTP-v9.3.1\Problems\PLA\PLA054^4.p","Theorem","0","0.08"
"C:\TPTP\TPTP-v9.3.1\Problems\NUN\NUN117^1.p","Timeout","0","10.15"
"C:\TPTP\TPTP-v9.3.1\Problems\NUN\NUN118^1.p","Timeout","0","10.08"
"C:\TPTP\TPTP-v9.3.1\Problems\NUN\NUN119^1.p","Timeout","0","10.11"
"C:\TPTP\TPTP-v9.3.1\Problems\NUN\NUN120^1.p","Timeout","0","10.19"
"C:\TPTP\TPTP-v9.3.1\Problems\NUN\NUN121^1.p","Timeout","0","10.08"
"C:\TPTP\TPTP-v9.3.1\Problems\NUN\NUN122^1.p","Timeout","0","10.09"
"C:\TPTP\TPTP-v9.3.1\Problems\NUN\NUN123^1.p","Timeout","0","10.06"
"C:\TPTP\TPTP-v9.3.1\Problems\PRO\PRO026^1.p","Theorem","0","0.32"
"C:\TPTP\TPTP-v9.3.1\Problems\NUN\NUN124^1.p","Timeout","0","10.09"
"C:\TPTP\TPTP-v9.3.1\Problems\PRO\PRO029^16.p","Theorem","0","0.12"
"C:\TPTP\TPTP-v9.3.1\Problems\NUN\NUN125^1.p","Timeout","0","10.11"
"C:\TPTP\TPTP-v9.3.1\Problems\PUZ\PUZ047^5.p","Theorem","0","0.1"
"C:\TPTP\TPTP-v9.3.1\Problems\PUZ\PUZ081^1.p","Theorem","0","0.08"
"C:\TPTP\TPTP-v9.3.1\Problems\PUZ\PUZ081^2.p","Theorem","0","0.08"
"C:\TPTP\TPTP-v9.3.1\Problems\NUN\NUN126^1.p","Timeout","0","10.07"
"C:\TPTP\TPTP-v9.3.1\Problems\NUN\NUN127^1.p","Timeout","0","10.06"
"C:\TPTP\TPTP-v9.3.1\Problems\PUZ\PUZ081^3.p","Theorem","0","0.07"
"C:\TPTP\TPTP-v9.3.1\Problems\NUN\NUN128^1.p","Timeout","0","10.05"
"C:\TPTP\TPTP-v9.3.1\Problems\PUZ\PUZ082^1.p","Theorem","0","0.09"
"C:\TPTP\TPTP-v9.3.1\Problems\NUN\NUN129^1.p","Timeout","0","10.05"
"C:\TPTP\TPTP-v9.3.1\Problems\PUZ\PUZ083^1.p","Theorem","0","0.1"
"C:\TPTP\TPTP-v9.3.1\Problems\PUZ\PUZ084^1.p","Theorem","0","0.09"
"C:\TPTP\TPTP-v9.3.1\Problems\NUN\NUN130^1.p","Timeout","0","10.09"
"C:\TPTP\TPTP-v9.3.1\Problems\NUN\NUN131^1.p","Timeout","0","10.07"
"C:\TPTP\TPTP-v9.3.1\Problems\PUZ\PUZ085^1.p","Theorem","0","0.09"
"C:\TPTP\TPTP-v9.3.1\Problems\NUN\NUN132^1.p","Timeout","0","10.06"
"C:\TPTP\TPTP-v9.3.1\Problems\PHI\PHI001^1.p","Timeout","0","10.07"
"C:\TPTP\TPTP-v9.3.1\Problems\PUZ\PUZ090^5.p","Theorem","0","0.06"
"C:\TPTP\TPTP-v9.3.1\Problems\PUZ\PUZ088^5.p","Theorem","0","0.08"
"C:\TPTP\TPTP-v9.3.1\Problems\PUZ\PUZ091^5.p","Theorem","0","0.08"
"C:\TPTP\TPTP-v9.3.1\Problems\PUZ\PUZ092^5.p","Theorem","0","0.06"
"C:\TPTP\TPTP-v9.3.1\Problems\PUZ\PUZ093^5.p","Theorem","0","0.08"
"C:\TPTP\TPTP-v9.3.1\Problems\PUZ\PUZ095^5.p","CounterSatisfiable","0","0.07"
"C:\TPTP\TPTP-v9.3.1\Problems\PUZ\PUZ097^5.p","CounterSatisfiable","0","0.09"
"C:\TPTP\TPTP-v9.3.1\Problems\PUZ\PUZ096^5.p","GaveUp","0","0.09"
"C:\TPTP\TPTP-v9.3.1\Problems\PUZ\PUZ100^5.p","Theorem","0","0.09"
"C:\TPTP\TPTP-v9.3.1\Problems\PUZ\PUZ099^5.p","CounterSatisfiable","0","0.12"
"C:\TPTP\TPTP-v9.3.1\Problems\PUZ\PUZ101^5.p","CounterSatisfiable","0","0.08"
"C:\TPTP\TPTP-v9.3.1\Problems\PUZ\PUZ102^5.p","Theorem","0","0.07"
"C:\TPTP\TPTP-v9.3.1\Problems\PUZ\PUZ103^5.p","Theorem","0","0.08"
"C:\TPTP\TPTP-v9.3.1\Problems\PUZ\PUZ104^5.p","Theorem","0","0.1"
"C:\TPTP\TPTP-v9.3.1\Problems\PUZ\PUZ106^5.p","GaveUp","0","0.1"
"C:\TPTP\TPTP-v9.3.1\Problems\PHI\PHI003^1.p","Timeout","0","10.08"
"C:\TPTP\TPTP-v9.3.1\Problems\PUZ\PUZ105^5.p","GaveUp","0","0.15"
"C:\TPTP\TPTP-v9.3.1\Problems\PUZ\PUZ107^5.p","Theorem","0","0.08"
"C:\TPTP\TPTP-v9.3.1\Problems\PUZ\PUZ109^5.p","Theorem","0","0.11"
"C:\TPTP\TPTP-v9.3.1\Problems\PUZ\PUZ108^5.p","GaveUp","0","0.12"
"C:\TPTP\TPTP-v9.3.1\Problems\PUZ\PUZ110^5.p","Theorem","0","0.1"
"C:\TPTP\TPTP-v9.3.1\Problems\PUZ\PUZ111^5.p","CounterSatisfiable","0","0.11"
"C:\TPTP\TPTP-v9.3.1\Problems\PUZ\PUZ113^5.p","Theorem","0","0.08"
"C:\TPTP\TPTP-v9.3.1\Problems\PUZ\PUZ114^5.p","Theorem","0","0.07"
"C:\TPTP\TPTP-v9.3.1\Problems\PUZ\PUZ112^5.p","CounterSatisfiable","0","0.14"
"C:\TPTP\TPTP-v9.3.1\Problems\PUZ\PUZ115^5.p","GaveUp","0","0.08"
"C:\TPTP\TPTP-v9.3.1\Problems\PUZ\PUZ117^5.p","GaveUp","0","0.08"
"C:\TPTP\TPTP-v9.3.1\Problems\PUZ\PUZ116^5.p","GaveUp","0","0.09"
"C:\TPTP\TPTP-v9.3.1\Problems\PHI\PHI003^8.p","Timeout","0","10.13"
"C:\TPTP\TPTP-v9.3.1\Problems\PUZ\PUZ118^5.p","GaveUp","0","0.08"
"C:\TPTP\TPTP-v9.3.1\Problems\PUZ\PUZ119^5.p","GaveUp","0","0.09"
"C:\TPTP\TPTP-v9.3.1\Problems\PUZ\PUZ120^5.p","GaveUp","0","0.09"
"C:\TPTP\TPTP-v9.3.1\Problems\PUZ\PUZ121^5.p","CounterSatisfiable","0","0.07"
"C:\TPTP\TPTP-v9.3.1\Problems\PUZ\PUZ122^5.p","GaveUp","0","0.08"
"C:\TPTP\TPTP-v9.3.1\Problems\PUZ\PUZ123^5.p","GaveUp","0","0.08"
"C:\TPTP\TPTP-v9.3.1\Problems\PUZ\PUZ124^5.p","GaveUp","0","0.08"
"C:\TPTP\TPTP-v9.3.1\Problems\PUZ\PUZ125^5.p","GaveUp","0","0.08"
"C:\TPTP\TPTP-v9.3.1\Problems\PUZ\PUZ126^5.p","GaveUp","0","0.09"
"C:\TPTP\TPTP-v9.3.1\Problems\PUZ\PUZ136^1.p","GaveUp","0","0.09"
"C:\TPTP\TPTP-v9.3.1\Problems\PUZ\PUZ137^1.p","Theorem","0","0.07"
"C:\TPTP\TPTP-v9.3.1\Problems\PUZ\PUZ140^1.p","GaveUp","0","0.09"
"C:\TPTP\TPTP-v9.3.1\Problems\PUZ\PUZ140^2.p","GaveUp","0","0.09"
"C:\TPTP\TPTP-v9.3.1\Problems\PUZ\PUZ141^1.p","Theorem","0","0.09"
"C:\TPTP\TPTP-v9.3.1\Problems\PUZ\PUZ146^1.p","Theorem","0","0.07"
"C:\TPTP\TPTP-v9.3.1\Problems\PUZ\PUZ142^1.p","Theorem","0","0.17"
"C:\TPTP\TPTP-v9.3.1\Problems\PUZ\PUZ149^13.p","Theorem","0","0.08"
"C:\TPTP\TPTP-v9.3.1\Problems\PUZ\PUZ127^5.p","Theorem","0","0.39"
"C:\TPTP\TPTP-v9.3.1\Problems\PHI\PHI004^8.p","Timeout","0","10.07"
"C:\TPTP\TPTP-v9.3.1\Problems\PUZ\PUZ154^1.p","GaveUp","0","0.1"
"C:\TPTP\TPTP-v9.3.1\Problems\PUZ\PUZ150^18.p","Theorem","0","0.12"
"C:\TPTP\TPTP-v9.3.1\Problems\QUA\QUA002^1.p","Theorem","0","0.08"
"C:\TPTP\TPTP-v9.3.1\Problems\QUA\QUA004^1.p","GaveUp","0","0.12"
"C:\TPTP\TPTP-v9.3.1\Problems\PHI\PHI005^1.p","Timeout","0","10.1"
"C:\TPTP\TPTP-v9.3.1\Problems\PHI\PHI005^3.p","Timeout","0","10.05"
"C:\TPTP\TPTP-v9.3.1\Problems\QUA\QUA003^1.p","GaveUp","0","0.39"
"C:\TPTP\TPTP-v9.3.1\Problems\PHI\PHI005^4.p","Timeout","0","10.1"
"C:\TPTP\TPTP-v9.3.1\Problems\PHI\PHI005^8.p","Timeout","0","10.07"
"C:\TPTP\TPTP-v9.3.1\Problems\PUZ\PUZ086^1.p","Theorem","0","1.78"
"C:\TPTP\TPTP-v9.3.1\Problems\PHI\PHI006^5.p","Timeout","0","10.07"
"C:\TPTP\TPTP-v9.3.1\Problems\PHI\PHI006^4.p","Timeout","0","10.09"
"C:\TPTP\TPTP-v9.3.1\Problems\PHI\PHI007^5.p","Timeout","0","10.06"
"C:\TPTP\TPTP-v9.3.1\Problems\PHI\PHI007^4.p","Timeout","0","10.15"
"C:\TPTP\TPTP-v9.3.1\Problems\QUA\QUA012^1.p","Theorem","0","0.08"
"C:\TPTP\TPTP-v9.3.1\Problems\QUA\QUA011^1.p","Theorem","0","0.11"
"C:\TPTP\TPTP-v9.3.1\Problems\PUZ\PUZ147^1.p","Theorem","0","1.35"
"C:\TPTP\TPTP-v9.3.1\Problems\PUZ\PUZ148^1.p","Theorem","0","1.33"
"C:\TPTP\TPTP-v9.3.1\Problems\PLA\PLA053^15.p","Timeout","0","10.15"
"C:\TPTP\TPTP-v9.3.1\Problems\PRO\PRO019^1.p","Timeout","0","10.07"
"C:\TPTP\TPTP-v9.3.1\Problems\PRO\PRO021^1.p","Timeout","0","10.09"
"C:\TPTP\TPTP-v9.3.1\Problems\PRO\PRO020^1.p","Timeout","0","10.15"
"C:\TPTP\TPTP-v9.3.1\Problems\PRO\PRO022^1.p","Timeout","0","10.17"
"C:\TPTP\TPTP-v9.3.1\Problems\PRO\PRO023^1.p","Timeout","0","10.15"
"C:\TPTP\TPTP-v9.3.1\Problems\QUA\QUA009^1.p","GaveUp","0","2.38"
"C:\TPTP\TPTP-v9.3.1\Problems\RAL\RAL002^1.p","Theorem","0","1.34"
"C:\TPTP\TPTP-v9.3.1\Problems\RAL\RAL001^1.p","Theorem","0","1.53"
"C:\TPTP\TPTP-v9.3.1\Problems\RAL\RAL003^1.p","Theorem","0","1.46"
"C:\TPTP\TPTP-v9.3.1\Problems\PRO\PRO024^1.p","Timeout","0","10.17"
"C:\TPTP\TPTP-v9.3.1\Problems\RAL\RAL004^1.p","Theorem","0","1.36"
"C:\TPTP\TPTP-v9.3.1\Problems\RAL\RAL005^1.p","Theorem","0","1.51"
"C:\TPTP\TPTP-v9.3.1\Problems\RAL\RAL006^1.p","Theorem","0","1.42"
"C:\TPTP\TPTP-v9.3.1\Problems\PRO\PRO025^1.p","Timeout","0","10.15"
"C:\TPTP\TPTP-v9.3.1\Problems\RAL\RAL007^1.p","Theorem","0","1.57"
"C:\TPTP\TPTP-v9.3.1\Problems\RAL\RAL008^1.p","Theorem","0","1.39"
"C:\TPTP\TPTP-v9.3.1\Problems\RAL\RAL009^1.p","Theorem","0","1.48"
"C:\TPTP\TPTP-v9.3.1\Problems\RAL\RAL010^1.p","Theorem","0","1.32"
"C:\TPTP\TPTP-v9.3.1\Problems\RAL\RAL011^1.p","Theorem","0","1.44"
"C:\TPTP\TPTP-v9.3.1\Problems\RAL\RAL013^1.p","Theorem","0","1.45"
"C:\TPTP\TPTP-v9.3.1\Problems\RAL\RAL012^1.p","Theorem","0","1.53"
"C:\TPTP\TPTP-v9.3.1\Problems\RAL\RAL014^1.p","Theorem","0","1.31"
"C:\TPTP\TPTP-v9.3.1\Problems\RAL\RAL015^1.p","Theorem","0","1.45"
"C:\TPTP\TPTP-v9.3.1\Problems\RAL\RAL016^1.p","Theorem","0","1.36"
"C:\TPTP\TPTP-v9.3.1\Problems\RAL\RAL017^1.p","Theorem","0","1.42"
"C:\TPTP\TPTP-v9.3.1\Problems\RAL\RAL018^1.p","Theorem","0","1.4"
"C:\TPTP\TPTP-v9.3.1\Problems\RAL\RAL019^1.p","Theorem","0","1.42"
"C:\TPTP\TPTP-v9.3.1\Problems\RAL\RAL020^1.p","Theorem","0","1.4"
"C:\TPTP\TPTP-v9.3.1\Problems\RAL\RAL021^1.p","Theorem","0","1.48"
"C:\TPTP\TPTP-v9.3.1\Problems\RAL\RAL022^1.p","Theorem","0","1.33"
"C:\TPTP\TPTP-v9.3.1\Problems\RAL\RAL023^1.p","Theorem","0","1.39"
"C:\TPTP\TPTP-v9.3.1\Problems\PRO\PRO027^1.p","Timeout","0","10.26"
"C:\TPTP\TPTP-v9.3.1\Problems\RAL\RAL024^1.p","Theorem","0","1.39"
"C:\TPTP\TPTP-v9.3.1\Problems\PRO\PRO028^1.p","Timeout","0","10.13"
"C:\TPTP\TPTP-v9.3.1\Problems\PUZ\PUZ031^5.p","Timeout","0","10.57"
"C:\TPTP\TPTP-v9.3.1\Problems\PUZ\PUZ087^2.p","Timeout","0","10.19"
"C:\TPTP\TPTP-v9.3.1\Problems\RAL\RAL026^1.p","Theorem","0","1.59"
"C:\TPTP\TPTP-v9.3.1\Problems\RAL\RAL028^1.p","Theorem","0","1.45"
"C:\TPTP\TPTP-v9.3.1\Problems\RAL\RAL025^1.p","Theorem","0","1.68"
"C:\TPTP\TPTP-v9.3.1\Problems\PUZ\PUZ094^5.p","Timeout","0","10.13"
"C:\TPTP\TPTP-v9.3.1\Problems\PUZ\PUZ087^1.p","Timeout","0","10.22"
"C:\TPTP\TPTP-v9.3.1\Problems\RAL\RAL027^1.p","Theorem","0","1.54"
"C:\TPTP\TPTP-v9.3.1\Problems\RAL\RAL029^1.p","Theorem","0","1.45"
"C:\TPTP\TPTP-v9.3.1\Problems\PUZ\PUZ098^5.p","Timeout","0","10.09"
"C:\TPTP\TPTP-v9.3.1\Problems\RAL\RAL030^1.p","Theorem","0","1.44"
"C:\TPTP\TPTP-v9.3.1\Problems\RAL\RAL033^1.p","Theorem","0","1.35"
"C:\TPTP\TPTP-v9.3.1\Problems\RAL\RAL032^1.p","Theorem","0","1.37"
"C:\TPTP\TPTP-v9.3.1\Problems\RAL\RAL031^1.p","Theorem","0","1.42"
"C:\TPTP\TPTP-v9.3.1\Problems\PUZ\PUZ143^1.p","Timeout","0","10.08"
"C:\TPTP\TPTP-v9.3.1\Problems\PUZ\PUZ144^1.p","Timeout","0","10.14"
"C:\TPTP\TPTP-v9.3.1\Problems\PUZ\PUZ145^1.p","Timeout","0","10.12"
"C:\TPTP\TPTP-v9.3.1\Problems\QUA\QUA001^1.p","Timeout","0","10.09"
"C:\TPTP\TPTP-v9.3.1\Problems\RAL\RAL034^1.p","Theorem","0","1.32"
"C:\TPTP\TPTP-v9.3.1\Problems\QUA\QUA005^1.p","Timeout","0","10.08"
"C:\TPTP\TPTP-v9.3.1\Problems\RAL\RAL035^1.p","Theorem","0","1.37"
"C:\TPTP\TPTP-v9.3.1\Problems\RAL\RAL036^1.p","Theorem","0","1.37"
"C:\TPTP\TPTP-v9.3.1\Problems\RAL\RAL038^1.p","Theorem","0","1.36"
"C:\TPTP\TPTP-v9.3.1\Problems\RAL\RAL037^1.p","Theorem","0","1.38"
"C:\TPTP\TPTP-v9.3.1\Problems\RAL\RAL040^1.p","Theorem","0","1.38"
"C:\TPTP\TPTP-v9.3.1\Problems\QUA\QUA006^1.p","Timeout","0","10.06"
"C:\TPTP\TPTP-v9.3.1\Problems\RAL\RAL039^1.p","Theorem","0","1.42"
"C:\TPTP\TPTP-v9.3.1\Problems\RAL\RAL041^1.p","Theorem","0","1.43"
"C:\TPTP\TPTP-v9.3.1\Problems\RAL\RAL043^1.p","Theorem","0","1.44"
"C:\TPTP\TPTP-v9.3.1\Problems\QUA\QUA007^1.p","Timeout","0","10.08"
"C:\TPTP\TPTP-v9.3.1\Problems\QUA\QUA008^1.p","Timeout","0","10.08"
"C:\TPTP\TPTP-v9.3.1\Problems\RAL\RAL042^1.p","Theorem","0","1.58"
"C:\TPTP\TPTP-v9.3.1\Problems\QUA\QUA010^1.p","Timeout","0","10.12"
"C:\TPTP\TPTP-v9.3.1\Problems\QUA\QUA013^1.p","Timeout","0","10.11"
"C:\TPTP\TPTP-v9.3.1\Problems\QUA\QUA015^1.p","Timeout","0","10.12"
"C:\TPTP\TPTP-v9.3.1\Problems\QUA\QUA014^1.p","Timeout","0","10.12"
"C:\TPTP\TPTP-v9.3.1\Problems\QUA\QUA016^1.p","Timeout","0","10.08"
"C:\TPTP\TPTP-v9.3.1\Problems\QUA\QUA017^1.p","Timeout","0","10.09"
"C:\TPTP\TPTP-v9.3.1\Problems\RAL\RAL044^1.p","Theorem","0","1.37"
"C:\TPTP\TPTP-v9.3.1\Problems\RAL\RAL045^1.p","Theorem","0","1.31"
"C:\TPTP\TPTP-v9.3.1\Problems\RAL\RAL048^1.p","Theorem","0","1.33"
"C:\TPTP\TPTP-v9.3.1\Problems\RAL\RAL046^1.p","Theorem","0","1.35"
"C:\TPTP\TPTP-v9.3.1\Problems\RAL\RAL047^1.p","Theorem","0","1.36"
"C:\TPTP\TPTP-v9.3.1\Problems\RAL\RAL049^1.p","Theorem","0","1.34"
"C:\TPTP\TPTP-v9.3.1\Problems\QUA\QUA018^1.p","Timeout","0","10.1"
"C:\TPTP\TPTP-v9.3.1\Problems\QUA\QUA019^1.p","Timeout","0","10.14"
"C:\TPTP\TPTP-v9.3.1\Problems\RAL\RAL050^1.p","Theorem","0","1.37"
"C:\TPTP\TPTP-v9.3.1\Problems\RAL\RAL051^1.p","Theorem","0","1.34"
"C:\TPTP\TPTP-v9.3.1\Problems\QUA\QUA020^1.p","Timeout","0","10.07"
"C:\TPTP\TPTP-v9.3.1\Problems\RAL\RAL052^1.p","Theorem","0","1.3"
"C:\TPTP\TPTP-v9.3.1\Problems\RAL\RAL053^1.p","Theorem","0","1.33"
"C:\TPTP\TPTP-v9.3.1\Problems\QUA\QUA021^1.p","Timeout","0","10.1"
"C:\TPTP\TPTP-v9.3.1\Problems\SET\SET002^3.p","Theorem","0","0.42"
"C:\TPTP\TPTP-v9.3.1\Problems\SCT\SCT171^2.p","Theorem","0","0.5"
"C:\TPTP\TPTP-v9.3.1\Problems\SCT\SCT171^3.p","Theorem","0","0.46"
"C:\TPTP\TPTP-v9.3.1\Problems\SET\SET002^7.p","Theorem","0","0.15"
"C:\TPTP\TPTP-v9.3.1\Problems\SCT\SCT171^1.p","Theorem","0","0.58"
"C:\TPTP\TPTP-v9.3.1\Problems\SET\SET002^4.p","Theorem","0","0.27"
"C:\TPTP\TPTP-v9.3.1\Problems\RAL\RAL057^1.p","Theorem","0","1.29"
"C:\TPTP\TPTP-v9.3.1\Problems\RAL\RAL054^1.p","Theorem","0","1.31"
"C:\TPTP\TPTP-v9.3.1\Problems\RAL\RAL059^1.p","Theorem","0","1.26"
"C:\TPTP\TPTP-v9.3.1\Problems\RAL\RAL058^1.p","Theorem","0","1.28"
"C:\TPTP\TPTP-v9.3.1\Problems\RAL\RAL056^1.p","Theorem","0","1.31"
"C:\TPTP\TPTP-v9.3.1\Problems\RAL\RAL055^1.p","Theorem","0","1.32"
"C:\TPTP\TPTP-v9.3.1\Problems\SET\SET008^5.p","Theorem","0","0.06"
"C:\TPTP\TPTP-v9.3.1\Problems\SET\SET009^5.p","Theorem","0","0.07"
"C:\TPTP\TPTP-v9.3.1\Problems\RAL\RAL060^1.p","Theorem","0","1.31"
"C:\TPTP\TPTP-v9.3.1\Problems\RAL\RAL061^1.p","Theorem","0","1.29"
"C:\TPTP\TPTP-v9.3.1\Problems\SET\SET004^4.p","Theorem","0","0.13"
"C:\TPTP\TPTP-v9.3.1\Problems\SET\SET010^5.p","Theorem","0","0.07"
"C:\TPTP\TPTP-v9.3.1\Problems\SET\SET011^5.p","Theorem","0","0.08"
"C:\TPTP\TPTP-v9.3.1\Problems\RAL\RAL063^1.p","Theorem","0","1.27"
"C:\TPTP\TPTP-v9.3.1\Problems\SET\SET014^4.p","Theorem","0","0.1"
"C:\TPTP\TPTP-v9.3.1\Problems\SET\SET014^5.p","Theorem","0","0.11"
"C:\TPTP\TPTP-v9.3.1\Problems\RAL\RAL062^1.p","Theorem","0","1.34"
"C:\TPTP\TPTP-v9.3.1\Problems\SET\SET017^1.p","Theorem","0","0.13"
"C:\TPTP\TPTP-v9.3.1\Problems\RAL\RAL064^1.p","Theorem","0","1.33"
"C:\TPTP\TPTP-v9.3.1\Problems\SET\SET027^3.p","Theorem","0","0.16"
"C:\TPTP\TPTP-v9.3.1\Problems\RAL\RAL065^1.p","Theorem","0","1.26"
"C:\TPTP\TPTP-v9.3.1\Problems\SET\SET027^5.p","Theorem","0","0.17"
"C:\TPTP\TPTP-v9.3.1\Problems\SET\SET019^4.p","Theorem","0","0.19"
"C:\TPTP\TPTP-v9.3.1\Problems\SET\SET027^7.p","Theorem","0","0.17"
"C:\TPTP\TPTP-v9.3.1\Problems\SET\SET043^5.p","Theorem","0","0.16"
"C:\TPTP\TPTP-v9.3.1\Problems\RAL\RAL066^1.p","Theorem","0","1.23"
"C:\TPTP\TPTP-v9.3.1\Problems\SET\SET044^23.p","Theorem","0","0.17"
"C:\TPTP\TPTP-v9.3.1\Problems\SET\SET045^5.p","GaveUp","0","0.2"
"C:\TPTP\TPTP-v9.3.1\Problems\SET\SET044^5.p","Theorem","0","0.2"
"C:\TPTP\TPTP-v9.3.1\Problems\SET\SET046^5.p","Theorem","0","0.19"
"C:\TPTP\TPTP-v9.3.1\Problems\RAL\RAL068^1.p","Theorem","0","1.22"
"C:\TPTP\TPTP-v9.3.1\Problems\RAL\RAL067^1.p","Theorem","0","1.24"
"C:\TPTP\TPTP-v9.3.1\Problems\SET\SET047^1.p","Theorem","0","0.22"
"C:\TPTP\TPTP-v9.3.1\Problems\RAL\RAL069^1.p","Theorem","0","1.27"
"C:\TPTP\TPTP-v9.3.1\Problems\SET\SET062^5.p","Theorem","0","0.22"
"C:\TPTP\TPTP-v9.3.1\Problems\SET\SET055^12.p","Theorem","0","0.23"
"C:\TPTP\TPTP-v9.3.1\Problems\SET\SET062^6.p","Theorem","0","0.21"
"C:\TPTP\TPTP-v9.3.1\Problems\SET\SET063^5.p","Theorem","0","0.19"
"C:\TPTP\TPTP-v9.3.1\Problems\SET\SET063^4.p","Theorem","0","0.22"
"C:\TPTP\TPTP-v9.3.1\Problems\SET\SET066^1.p","Theorem","0","0.2"
"C:\TPTP\TPTP-v9.3.1\Problems\SET\SET067^1.p","Theorem","0","0.2"
"C:\TPTP\TPTP-v9.3.1\Problems\SET\SET062^7.p","Theorem","0","0.27"
"C:\TPTP\TPTP-v9.3.1\Problems\SET\SET076^1.p","Theorem","0","0.23"
"C:\TPTP\TPTP-v9.3.1\Problems\SET\SET086^1.p","Theorem","0","0.22"
"C:\TPTP\TPTP-v9.3.1\Problems\RAL\RAL070^1.p","Theorem","0","1.38"
"C:\TPTP\TPTP-v9.3.1\Problems\SET\SET096^1.p","Theorem","0","0.23"
"C:\TPTP\TPTP-v9.3.1\Problems\SET\SET143^3.p","Theorem","0","0.23"
"C:\TPTP\TPTP-v9.3.1\Problems\SET\SET143^5.p","Theorem","0","0.2"
"C:\TPTP\TPTP-v9.3.1\Problems\SET\SET159^5.p","Theorem","0","0.21"
"C:\TPTP\TPTP-v9.3.1\Problems\SET\SET045^7.p","Theorem","0","0.41"
"C:\TPTP\TPTP-v9.3.1\Problems\SET\SET162^5.p","Theorem","0","0.22"
"C:\TPTP\TPTP-v9.3.1\Problems\SET\SET144^5.p","Theorem","0","0.24"
"C:\TPTP\TPTP-v9.3.1\Problems\SET\SET169^5.p","Theorem","0","0.24"
"C:\TPTP\TPTP-v9.3.1\Problems\SET\SET171^3.p","Theorem","0","0.24"
"C:\TPTP\TPTP-v9.3.1\Problems\SET\SET171^5.p","Theorem","0","0.2"
"C:\TPTP\TPTP-v9.3.1\Problems\SET\SET173^5.p","Theorem","0","0.21"
"C:\TPTP\TPTP-v9.3.1\Problems\SET\SET175^5.p","Theorem","0","0.22"
"C:\TPTP\TPTP-v9.3.1\Problems\SET\SET183^5.p","Theorem","0","0.23"
"C:\TPTP\TPTP-v9.3.1\Problems\SET\SET185^5.p","Theorem","0","0.23"
"C:\TPTP\TPTP-v9.3.1\Problems\SET\SET194^5.p","Theorem","0","0.2"
"C:\TPTP\TPTP-v9.3.1\Problems\SET\SET196^5.p","Theorem","0","0.21"
"C:\TPTP\TPTP-v9.3.1\Problems\SET\SET199^5.p","Theorem","0","0.21"
"C:\TPTP\TPTP-v9.3.1\Problems\SET\SET200^5.p","Theorem","0","0.22"
"C:\TPTP\TPTP-v9.3.1\Problems\SET\SET201^5.p","Theorem","0","0.21"
"C:\TPTP\TPTP-v9.3.1\Problems\SET\SET557^1.p","GaveUp","0","0.22"
"C:\TPTP\TPTP-v9.3.1\Problems\SET\SET557^6.p","GaveUp","0","0.23"
"C:\TPTP\TPTP-v9.3.1\Problems\SET\SET574^20.p","Theorem","0","0.24"
"C:\TPTP\TPTP-v9.3.1\Problems\SET\SET576^7.p","Theorem","0","0.26"
"C:\TPTP\TPTP-v9.3.1\Problems\SET\SET580^3.p","Theorem","0","0.24"
"C:\TPTP\TPTP-v9.3.1\Problems\SET\SET579^3.p","Theorem","0","0.26"
"C:\TPTP\TPTP-v9.3.1\Problems\SET\SET580^5.p","Theorem","0","0.26"
"C:\TPTP\TPTP-v9.3.1\Problems\SET\SET582^5.p","Theorem","0","0.25"
"C:\TPTP\TPTP-v9.3.1\Problems\SET\SET584^5.p","Theorem","0","0.25"
"C:\TPTP\TPTP-v9.3.1\Problems\SET\SET585^5.p","Theorem","0","0.24"
"C:\TPTP\TPTP-v9.3.1\Problems\SET\SET583^7.p","Theorem","0","0.27"
"C:\TPTP\TPTP-v9.3.1\Problems\SET\SET586^5.p","Theorem","0","0.25"
"C:\TPTP\TPTP-v9.3.1\Problems\SET\SET587^5.p","Theorem","0","0.25"
"C:\TPTP\TPTP-v9.3.1\Problems\SET\SET588^5.p","Theorem","0","0.26"
"C:\TPTP\TPTP-v9.3.1\Problems\SET\SET589^5.p","Theorem","0","0.25"
"C:\TPTP\TPTP-v9.3.1\Problems\SET\SET590^5.p","Theorem","0","0.25"
"C:\TPTP\TPTP-v9.3.1\Problems\SET\SET591^5.p","Theorem","0","0.23"
"C:\TPTP\TPTP-v9.3.1\Problems\SET\SET592^5.p","Theorem","0","0.25"
"C:\TPTP\TPTP-v9.3.1\Problems\SET\SET593^5.p","Theorem","0","0.25"
"C:\TPTP\TPTP-v9.3.1\Problems\SET\SET594^5.p","Theorem","0","0.25"
"C:\TPTP\TPTP-v9.3.1\Problems\SET\SET595^5.p","Theorem","0","0.25"
"C:\TPTP\TPTP-v9.3.1\Problems\SET\SET596^5.p","Theorem","0","0.23"
"C:\TPTP\TPTP-v9.3.1\Problems\SET\SET597^5.p","GaveUp","0","0.23"
"C:\TPTP\TPTP-v9.3.1\Problems\SET\SET599^5.p","Theorem","0","0.2"
"C:\TPTP\TPTP-v9.3.1\Problems\SET\SET598^5.p","GaveUp","0","0.24"
"C:\TPTP\TPTP-v9.3.1\Problems\SET\SET600^5.p","Theorem","0","0.21"
"C:\TPTP\TPTP-v9.3.1\Problems\SET\SET601^3.p","Theorem","0","0.22"
"C:\TPTP\TPTP-v9.3.1\Problems\SET\SET601^5.p","Theorem","0","0.21"
"C:\TPTP\TPTP-v9.3.1\Problems\SET\SET603^5.p","Theorem","0","0.22"
"C:\TPTP\TPTP-v9.3.1\Problems\SET\SET604^5.p","Theorem","0","0.21"
"C:\TPTP\TPTP-v9.3.1\Problems\SET\SET605^5.p","Theorem","0","0.22"
"C:\TPTP\TPTP-v9.3.1\Problems\SET\SET606^3.p","Theorem","0","0.22"
"C:\TPTP\TPTP-v9.3.1\Problems\SET\SET606^5.p","Theorem","0","0.21"
"C:\TPTP\TPTP-v9.3.1\Problems\SET\SET607^3.p","Theorem","0","0.23"
"C:\TPTP\TPTP-v9.3.1\Problems\SET\SET607^5.p","Theorem","0","0.23"
"C:\TPTP\TPTP-v9.3.1\Problems\SET\SET608^5.p","Theorem","0","0.23"
"C:\TPTP\TPTP-v9.3.1\Problems\SET\SET609^3.p","Theorem","0","0.23"
"C:\TPTP\TPTP-v9.3.1\Problems\SET\SET609^5.p","Theorem","0","0.23"
"C:\TPTP\TPTP-v9.3.1\Problems\SET\SET610^5.p","Theorem","0","0.23"
"C:\TPTP\TPTP-v9.3.1\Problems\SET\SET611^3.p","Theorem","0","0.24"
"C:\TPTP\TPTP-v9.3.1\Problems\SET\SET611^5.p","Theorem","0","0.23"
"C:\TPTP\TPTP-v9.3.1\Problems\SET\SET612^3.p","Theorem","0","0.23"
"C:\TPTP\TPTP-v9.3.1\Problems\SET\SET612^5.p","Theorem","0","0.23"
"C:\TPTP\TPTP-v9.3.1\Problems\SET\SET613^5.p","Theorem","0","0.23"
"C:\TPTP\TPTP-v9.3.1\Problems\SET\SET614^3.p","Theorem","0","0.22"
"C:\TPTP\TPTP-v9.3.1\Problems\SET\SET614^5.p","Theorem","0","0.24"
"C:\TPTP\TPTP-v9.3.1\Problems\SET\SET615^3.p","Theorem","0","0.23"
"C:\TPTP\TPTP-v9.3.1\Problems\SET\SET615^5.p","Theorem","0","0.24"
"C:\TPTP\TPTP-v9.3.1\Problems\SET\SET616^5.p","Theorem","0","0.24"
"C:\TPTP\TPTP-v9.3.1\Problems\SET\SET617^5.p","Theorem","0","0.21"
"C:\TPTP\TPTP-v9.3.1\Problems\SET\SET618^5.p","Theorem","0","0.22"
"C:\TPTP\TPTP-v9.3.1\Problems\SET\SET619^5.p","Theorem","0","0.23"
"C:\TPTP\TPTP-v9.3.1\Problems\SET\SET620^5.p","Theorem","0","0.24"
"C:\TPTP\TPTP-v9.3.1\Problems\SET\SET621^5.p","Theorem","0","0.24"
"C:\TPTP\TPTP-v9.3.1\Problems\SET\SET622^5.p","Theorem","0","0.22"
"C:\TPTP\TPTP-v9.3.1\Problems\SET\SET623^3.p","Theorem","0","0.23"
"C:\TPTP\TPTP-v9.3.1\Problems\SET\SET623^5.p","Theorem","0","0.21"
"C:\TPTP\TPTP-v9.3.1\Problems\SET\SET624^3.p","Theorem","0","0.22"
"C:\TPTP\TPTP-v9.3.1\Problems\SET\SET624^5.p","Theorem","0","0.21"
"C:\TPTP\TPTP-v9.3.1\Problems\SET\SET625^5.p","Theorem","0","0.21"
"C:\TPTP\TPTP-v9.3.1\Problems\SET\SET626^5.p","Theorem","0","0.21"
"C:\TPTP\TPTP-v9.3.1\Problems\SET\SET629^5.p","Theorem","0","0.21"
"C:\TPTP\TPTP-v9.3.1\Problems\SET\SET628^5.p","Theorem","0","0.22"
"C:\TPTP\TPTP-v9.3.1\Problems\SET\SET627^5.p","Theorem","0","0.23"
"C:\TPTP\TPTP-v9.3.1\Problems\SET\SET630^3.p","Theorem","0","0.21"
"C:\TPTP\TPTP-v9.3.1\Problems\SET\SET630^5.p","Theorem","0","0.24"
"C:\TPTP\TPTP-v9.3.1\Problems\SET\SET631^5.p","Theorem","0","0.23"
"C:\TPTP\TPTP-v9.3.1\Problems\SET\SET632^5.p","Theorem","0","0.26"
"C:\TPTP\TPTP-v9.3.1\Problems\SET\SET634^5.p","Theorem","0","0.26"
"C:\TPTP\TPTP-v9.3.1\Problems\SET\SET633^5.p","Theorem","0","0.29"
"C:\TPTP\TPTP-v9.3.1\Problems\SET\SET635^5.p","Theorem","0","0.27"
"C:\TPTP\TPTP-v9.3.1\Problems\SET\SET636^5.p","Theorem","0","0.28"
"C:\TPTP\TPTP-v9.3.1\Problems\SET\SET638^5.p","Theorem","0","0.27"
"C:\TPTP\TPTP-v9.3.1\Problems\SET\SET640^3.p","Theorem","0","0.28"
"C:\TPTP\TPTP-v9.3.1\Problems\SET\SET646^3.p","Theorem","0","0.28"
"C:\TPTP\TPTP-v9.3.1\Problems\SET\SET647^3.p","Theorem","0","0.28"
"C:\TPTP\TPTP-v9.3.1\Problems\SET\SET648^3.p","Theorem","0","0.27"
"C:\TPTP\TPTP-v9.3.1\Problems\SET\SET649^3.p","Theorem","0","0.29"
"C:\TPTP\TPTP-v9.3.1\Problems\SET\SET651^3.p","Theorem","0","0.28"
"C:\TPTP\TPTP-v9.3.1\Problems\SET\SET657^3.p","Theorem","0","0.29"
"C:\TPTP\TPTP-v9.3.1\Problems\SET\SET669^3.p","Theorem","0","0.3"
"C:\TPTP\TPTP-v9.3.1\Problems\SET\SET670^3.p","Theorem","0","0.27"
"C:\TPTP\TPTP-v9.3.1\Problems\SET\SET671^3.p","Theorem","0","0.27"
"C:\TPTP\TPTP-v9.3.1\Problems\SET\SET672^3.p","Theorem","0","0.27"
"C:\TPTP\TPTP-v9.3.1\Problems\SET\SET673^3.p","Theorem","0","0.29"
"C:\TPTP\TPTP-v9.3.1\Problems\SET\SET680^3.p","Theorem","0","0.28"
"C:\TPTP\TPTP-v9.3.1\Problems\SET\SET683^3.p","Theorem","0","0.25"
"C:\TPTP\TPTP-v9.3.1\Problems\SET\SET684^3.p","Theorem","0","0.33"
"C:\TPTP\TPTP-v9.3.1\Problems\SET\SET716^4.p","Theorem","0","0.32"
"C:\TPTP\TPTP-v9.3.1\Problems\SET\SET747^4.p","Theorem","0","0.3"
"C:\TPTP\TPTP-v9.3.1\Problems\SET\SET724^4.p","Theorem","0","0.31"
"C:\TPTP\TPTP-v9.3.1\Problems\SET\SET752^4.p","Theorem","0","0.3"
"C:\TPTP\TPTP-v9.3.1\Problems\SET\SET753^4.p","Theorem","0","0.3"
"C:\TPTP\TPTP-v9.3.1\Problems\SET\SET764^4.p","Theorem","0","0.29"
"C:\TPTP\TPTP-v9.3.1\Problems\SET\SET924^1.p","Theorem","0","0.3"
"C:\TPTP\TPTP-v9.3.1\Problems\SET\SET925^7.p","Theorem","0","0.33"
"C:\TPTP\TPTP-v9.3.1\Problems\SET\SET926^11.p","Theorem","0","0.33"
"C:\TPTP\TPTP-v9.3.1\Problems\SET\SET926^12.p","Theorem","0","0.33"
"C:\TPTP\TPTP-v9.3.1\Problems\SET\SET926^20.p","Theorem","0","0.32"
"C:\TPTP\TPTP-v9.3.1\Problems\SET\SET926^7.p","Theorem","0","0.34"
"C:\TPTP\TPTP-v9.3.1\Problems\SET\SET926^8.p","Theorem","0","0.33"
"C:\TPTP\TPTP-v9.3.1\Problems\SEU\SEU453^1.p","Theorem","0","0.33"
"C:\TPTP\TPTP-v9.3.1\Problems\SEU\SEU454^1.p","Theorem","0","0.25"
"C:\TPTP\TPTP-v9.3.1\Problems\SEU\SEU455^1.p","Theorem","0","0.24"
"C:\TPTP\TPTP-v9.3.1\Problems\SEU\SEU456^1.p","Theorem","0","0.24"
"C:\TPTP\TPTP-v9.3.1\Problems\SEU\SEU457^1.p","Theorem","0","0.24"
"C:\TPTP\TPTP-v9.3.1\Problems\SEU\SEU458^1.p","Theorem","0","0.25"
"C:\TPTP\TPTP-v9.3.1\Problems\SEU\SEU459^1.p","Theorem","0","0.24"
"C:\TPTP\TPTP-v9.3.1\Problems\SEU\SEU460^1.p","Theorem","0","0.23"
"C:\TPTP\TPTP-v9.3.1\Problems\SEU\SEU461^1.p","Theorem","0","0.2"
"C:\TPTP\TPTP-v9.3.1\Problems\SEU\SEU462^1.p","Theorem","0","0.17"
"C:\TPTP\TPTP-v9.3.1\Problems\SEU\SEU463^1.p","Theorem","0","0.16"
"C:\TPTP\TPTP-v9.3.1\Problems\SEU\SEU464^1.p","Theorem","0","0.17"
"C:\TPTP\TPTP-v9.3.1\Problems\SET\SET575^7.p","Theorem","0","1.68"
"C:\TPTP\TPTP-v9.3.1\Problems\SEU\SEU465^1.p","Theorem","0","0.17"
"C:\TPTP\TPTP-v9.3.1\Problems\SEU\SEU467^1.p","Theorem","0","0.17"
"C:\TPTP\TPTP-v9.3.1\Problems\SEU\SEU468^1.p","Theorem","0","0.17"
"C:\TPTP\TPTP-v9.3.1\Problems\SEU\SEU469^1.p","Theorem","0","0.18"
"C:\TPTP\TPTP-v9.3.1\Problems\SEU\SEU470^1.p","GaveUp","0","0.2"
"C:\TPTP\TPTP-v9.3.1\Problems\SEU\SEU472^1.p","Theorem","0","0.18"
"C:\TPTP\TPTP-v9.3.1\Problems\SEU\SEU473^1.p","Theorem","0","0.17"
"C:\TPTP\TPTP-v9.3.1\Problems\SEU\SEU474^1.p","Theorem","0","0.18"
"C:\TPTP\TPTP-v9.3.1\Problems\SEU\SEU475^1.p","GaveUp","0","0.18"
"C:\TPTP\TPTP-v9.3.1\Problems\SEU\SEU478^1.p","GaveUp","0","0.18"
"C:\TPTP\TPTP-v9.3.1\Problems\SEU\SEU479^1.p","GaveUp","0","0.19"
"C:\TPTP\TPTP-v9.3.1\Problems\SEU\SEU480^1.p","GaveUp","0","0.19"
"C:\TPTP\TPTP-v9.3.1\Problems\SET\SET907^7.p","Theorem","0","0.81"
"C:\TPTP\TPTP-v9.3.1\Problems\SEU\SEU482^1.p","GaveUp","0","0.19"
"C:\TPTP\TPTP-v9.3.1\Problems\SEU\SEU483^1.p","GaveUp","0","0.17"
"C:\TPTP\TPTP-v9.3.1\Problems\SEU\SEU484^1.p","Theorem","0","0.18"
"C:\TPTP\TPTP-v9.3.1\Problems\SEU\SEU485^1.p","GaveUp","0","0.16"
"C:\TPTP\TPTP-v9.3.1\Problems\SEU\SEU486^1.p","GaveUp","0","0.19"
"C:\TPTP\TPTP-v9.3.1\Problems\SEU\SEU487^1.p","GaveUp","0","0.19"
"C:\TPTP\TPTP-v9.3.1\Problems\SEU\SEU493^1.p","Theorem","0","0.15"
"C:\TPTP\TPTP-v9.3.1\Problems\SEU\SEU490^1.p","Theorem","0","0.21"
"C:\TPTP\TPTP-v9.3.1\Problems\SEU\SEU494^1.p","Theorem","0","0.17"
"C:\TPTP\TPTP-v9.3.1\Problems\SEU\SEU495^1.p","Theorem","0","0.17"
"C:\TPTP\TPTP-v9.3.1\Problems\SEU\SEU492^1.p","Theorem","0","0.19"
"C:\TPTP\TPTP-v9.3.1\Problems\SEU\SEU496^1.p","GaveUp","0","0.19"
"C:\TPTP\TPTP-v9.3.1\Problems\SEU\SEU497^1.p","Theorem","0","0.18"
"C:\TPTP\TPTP-v9.3.1\Problems\SEU\SEU498^1.p","Theorem","0","0.16"
"C:\TPTP\TPTP-v9.3.1\Problems\SEU\SEU499^2.p","Theorem","0","0.07"
"C:\TPTP\TPTP-v9.3.1\Problems\SEU\SEU499^1.p","Theorem","0","0.18"
"C:\TPTP\TPTP-v9.3.1\Problems\SEU\SEU500^1.p","Theorem","0","0.1"
"C:\TPTP\TPTP-v9.3.1\Problems\SEU\SEU500^2.p","Theorem","0","0.1"
"C:\TPTP\TPTP-v9.3.1\Problems\SEU\SEU501^1.p","Theorem","0","0.1"
"C:\TPTP\TPTP-v9.3.1\Problems\SEU\SEU501^2.p","Theorem","0","0.09"
"C:\TPTP\TPTP-v9.3.1\Problems\SEU\SEU502^1.p","Theorem","0","0.08"
"C:\TPTP\TPTP-v9.3.1\Problems\SEU\SEU502^2.p","Theorem","0","0.09"
"C:\TPTP\TPTP-v9.3.1\Problems\SEU\SEU503^1.p","Theorem","0","0.09"
"C:\TPTP\TPTP-v9.3.1\Problems\SEU\SEU503^2.p","Theorem","0","0.09"
"C:\TPTP\TPTP-v9.3.1\Problems\SEU\SEU504^1.p","Theorem","0","0.11"
"C:\TPTP\TPTP-v9.3.1\Problems\SEU\SEU504^2.p","Theorem","0","0.1"
"C:\TPTP\TPTP-v9.3.1\Problems\SEU\SEU505^2.p","Theorem","0","0.1"
"C:\TPTP\TPTP-v9.3.1\Problems\SEU\SEU466^1.p","Theorem","0","0.79"
"C:\TPTP\TPTP-v9.3.1\Problems\SEU\SEU506^2.p","Theorem","0","0.11"
"C:\TPTP\TPTP-v9.3.1\Problems\SEU\SEU507^1.p","Theorem","0","0.11"
"C:\TPTP\TPTP-v9.3.1\Problems\SEU\SEU508^1.p","Theorem","0","0.12"
"C:\TPTP\TPTP-v9.3.1\Problems\SEU\SEU508^2.p","Theorem","0","0.11"
"C:\TPTP\TPTP-v9.3.1\Problems\SEU\SEU509^2.p","Theorem","0","0.09"
"C:\TPTP\TPTP-v9.3.1\Problems\SEU\SEU510^2.p","Theorem","0","0.09"
"C:\TPTP\TPTP-v9.3.1\Problems\SEU\SEU510^1.p","Theorem","0","0.13"
"C:\TPTP\TPTP-v9.3.1\Problems\SEU\SEU511^1.p","Theorem","0","0.11"
"C:\TPTP\TPTP-v9.3.1\Problems\SEU\SEU511^2.p","Theorem","0","0.1"
"C:\TPTP\TPTP-v9.3.1\Problems\SEU\SEU512^1.p","Theorem","0","0.11"
"C:\TPTP\TPTP-v9.3.1\Problems\SEU\SEU512^2.p","Theorem","0","0.1"
"C:\TPTP\TPTP-v9.3.1\Problems\SEU\SEU513^1.p","Theorem","0","0.12"
"C:\TPTP\TPTP-v9.3.1\Problems\SEU\SEU513^2.p","Theorem","0","0.08"
"C:\TPTP\TPTP-v9.3.1\Problems\SEU\SEU514^1.p","Theorem","0","0.08"
"C:\TPTP\TPTP-v9.3.1\Problems\SEU\SEU514^2.p","Theorem","0","0.1"
"C:\TPTP\TPTP-v9.3.1\Problems\SEU\SEU515^2.p","Theorem","0","0.08"
"C:\TPTP\TPTP-v9.3.1\Problems\SEU\SEU515^1.p","Theorem","0","0.11"
"C:\TPTP\TPTP-v9.3.1\Problems\SEU\SEU516^1.p","Theorem","0","0.08"
"C:\TPTP\TPTP-v9.3.1\Problems\SEU\SEU516^2.p","Theorem","0","0.06"
"C:\TPTP\TPTP-v9.3.1\Problems\SEU\SEU518^2.p","Theorem","0","0.07"
"C:\TPTP\TPTP-v9.3.1\Problems\SEU\SEU517^2.p","Theorem","0","0.09"
"C:\TPTP\TPTP-v9.3.1\Problems\SEU\SEU519^2.p","Theorem","0","0.08"
"C:\TPTP\TPTP-v9.3.1\Problems\SEU\SEU520^1.p","Theorem","0","0.09"
"C:\TPTP\TPTP-v9.3.1\Problems\SEU\SEU521^2.p","Theorem","0","0.09"
"C:\TPTP\TPTP-v9.3.1\Problems\SEU\SEU522^2.p","Theorem","0","0.06"
"C:\TPTP\TPTP-v9.3.1\Problems\SEU\SEU523^2.p","Theorem","0","0.08"
"C:\TPTP\TPTP-v9.3.1\Problems\SEU\SEU476^1.p","GaveUp","0","2.65"
"C:\TPTP\TPTP-v9.3.1\Problems\SEU\SEU524^2.p","Theorem","0","0.12"
"C:\TPTP\TPTP-v9.3.1\Problems\SEU\SEU519^1.p","Theorem","0","1.88"
"C:\TPTP\TPTP-v9.3.1\Problems\SEU\SEU525^2.p","Theorem","0","0.11"
"C:\TPTP\TPTP-v9.3.1\Problems\SEU\SEU526^1.p","Theorem","0","0.12"
"C:\TPTP\TPTP-v9.3.1\Problems\SEU\SEU526^2.p","Theorem","0","0.1"
"C:\TPTP\TPTP-v9.3.1\Problems\SEU\SEU527^1.p","Theorem","0","0.13"
"C:\TPTP\TPTP-v9.3.1\Problems\SEU\SEU527^2.p","Theorem","0","0.11"
"C:\TPTP\TPTP-v9.3.1\Problems\SEU\SEU528^1.p","Theorem","0","0.14"
"C:\TPTP\TPTP-v9.3.1\Problems\SEU\SEU528^2.p","Theorem","0","0.1"
"C:\TPTP\TPTP-v9.3.1\Problems\SEU\SEU529^1.p","Theorem","0","0.11"
"C:\TPTP\TPTP-v9.3.1\Problems\SEU\SEU529^2.p","Theorem","0","0.09"
"C:\TPTP\TPTP-v9.3.1\Problems\SEU\SEU530^1.p","Theorem","0","0.13"
"C:\TPTP\TPTP-v9.3.1\Problems\SEU\SEU530^2.p","Theorem","0","0.11"
"C:\TPTP\TPTP-v9.3.1\Problems\SEU\SEU531^1.p","Theorem","0","0.11"
"C:\TPTP\TPTP-v9.3.1\Problems\SEU\SEU531^2.p","Theorem","0","0.09"
"C:\TPTP\TPTP-v9.3.1\Problems\SEU\SEU532^1.p","Theorem","0","0.24"
"C:\TPTP\TPTP-v9.3.1\Problems\SEU\SEU532^2.p","Theorem","0","0.08"
"C:\TPTP\TPTP-v9.3.1\Problems\SEU\SEU533^1.p","Theorem","0","0.09"
"C:\TPTP\TPTP-v9.3.1\Problems\SEU\SEU533^2.p","Theorem","0","0.1"
"C:\TPTP\TPTP-v9.3.1\Problems\SEU\SEU534^1.p","Theorem","0","0.14"
"C:\TPTP\TPTP-v9.3.1\Problems\SEU\SEU534^2.p","Theorem","0","0.12"
"C:\TPTP\TPTP-v9.3.1\Problems\SEU\SEU535^1.p","Theorem","0","0.11"
"C:\TPTP\TPTP-v9.3.1\Problems\SEU\SEU535^2.p","Theorem","0","0.1"
"C:\TPTP\TPTP-v9.3.1\Problems\SEU\SEU536^1.p","Theorem","0","0.1"
"C:\TPTP\TPTP-v9.3.1\Problems\SEU\SEU536^2.p","Theorem","0","0.09"
"C:\TPTP\TPTP-v9.3.1\Problems\SEU\SEU537^1.p","Theorem","0","0.14"
"C:\TPTP\TPTP-v9.3.1\Problems\SEU\SEU537^2.p","Theorem","0","0.14"
"C:\TPTP\TPTP-v9.3.1\Problems\SEU\SEU538^1.p","Theorem","0","0.1"
"C:\TPTP\TPTP-v9.3.1\Problems\SEU\SEU538^2.p","Theorem","0","0.08"
"C:\TPTP\TPTP-v9.3.1\Problems\SEU\SEU539^1.p","Theorem","0","0.08"
"C:\TPTP\TPTP-v9.3.1\Problems\SEU\SEU539^2.p","Theorem","0","0.08"
"C:\TPTP\TPTP-v9.3.1\Problems\SEU\SEU540^1.p","Theorem","0","0.13"
"C:\TPTP\TPTP-v9.3.1\Problems\SEU\SEU540^2.p","Theorem","0","0.08"
"C:\TPTP\TPTP-v9.3.1\Problems\SEU\SEU541^1.p","Theorem","0","0.12"
"C:\TPTP\TPTP-v9.3.1\Problems\SCT\SCT169^1.p","Timeout","0","10.22"
"C:\TPTP\TPTP-v9.3.1\Problems\SCT\SCT169^2.p","Timeout","0","10.12"
"C:\TPTP\TPTP-v9.3.1\Problems\SEU\SEU541^2.p","Theorem","0","0.1"
"C:\TPTP\TPTP-v9.3.1\Problems\SCT\SCT169^3.p","Timeout","0","10.15"
"C:\TPTP\TPTP-v9.3.1\Problems\SEU\SEU542^1.p","Theorem","0","0.09"
"C:\TPTP\TPTP-v9.3.1\Problems\SEU\SEU543^1.p","Theorem","0","0.09"
"C:\TPTP\TPTP-v9.3.1\Problems\SCT\SCT170^2.p","Timeout","0","10.15"
"C:\TPTP\TPTP-v9.3.1\Problems\SEU\SEU544^1.p","Theorem","0","0.11"
"C:\TPTP\TPTP-v9.3.1\Problems\SEU\SEU544^2.p","Theorem","0","0.09"
"C:\TPTP\TPTP-v9.3.1\Problems\SCT\SCT170^3.p","Timeout","0","10.19"
"C:\TPTP\TPTP-v9.3.1\Problems\SCT\SCT170^1.p","Timeout","0","10.23"
"C:\TPTP\TPTP-v9.3.1\Problems\SEU\SEU545^2.p","Theorem","0","0.07"
"C:\TPTP\TPTP-v9.3.1\Problems\SEU\SEU546^2.p","Theorem","0","0.08"
"C:\TPTP\TPTP-v9.3.1\Problems\SEU\SEU547^2.p","Theorem","0","0.08"
"C:\TPTP\TPTP-v9.3.1\Problems\SEU\SEU548^2.p","Theorem","0","0.08"
"C:\TPTP\TPTP-v9.3.1\Problems\SEU\SEU547^1.p","Theorem","0","0.12"
"C:\TPTP\TPTP-v9.3.1\Problems\SEU\SEU548^1.p","Theorem","0","0.09"
"C:\TPTP\TPTP-v9.3.1\Problems\SEU\SEU549^1.p","Theorem","0","0.1"
"C:\TPTP\TPTP-v9.3.1\Problems\SEU\SEU549^2.p","Theorem","0","0.08"
"C:\TPTP\TPTP-v9.3.1\Problems\SEU\SEU550^2.p","Theorem","0","0.09"
"C:\TPTP\TPTP-v9.3.1\Problems\SEU\SEU551^1.p","Theorem","0","0.1"
"C:\TPTP\TPTP-v9.3.1\Problems\SEU\SEU551^2.p","Theorem","0","0.1"
"C:\TPTP\TPTP-v9.3.1\Problems\SEU\SEU551^3.p","Theorem","0","0.08"
"C:\TPTP\TPTP-v9.3.1\Problems\SEU\SEU552^1.p","Theorem","0","0.09"
"C:\TPTP\TPTP-v9.3.1\Problems\SEU\SEU552^2.p","Theorem","0","0.09"
"C:\TPTP\TPTP-v9.3.1\Problems\SEU\SEU553^2.p","Theorem","0","0.06"
"C:\TPTP\TPTP-v9.3.1\Problems\SEU\SEU553^1.p","Theorem","0","0.1"
"C:\TPTP\TPTP-v9.3.1\Problems\SEU\SEU554^1.p","Theorem","0","0.08"
"C:\TPTP\TPTP-v9.3.1\Problems\SEU\SEU555^1.p","Theorem","0","0.08"
"C:\TPTP\TPTP-v9.3.1\Problems\SEU\SEU556^1.p","Theorem","0","0.08"
"C:\TPTP\TPTP-v9.3.1\Problems\SEU\SEU557^2.p","Theorem","0","0.07"
"C:\TPTP\TPTP-v9.3.1\Problems\SET\SET013^7.p","Timeout","0","10.12"
"C:\TPTP\TPTP-v9.3.1\Problems\SET\SET014^7.p","Timeout","0","10.13"
"C:\TPTP\TPTP-v9.3.1\Problems\SEU\SEU559^1.p","Theorem","0","0.09"
"C:\TPTP\TPTP-v9.3.1\Problems\SET\SET020^7.p","Timeout","0","10.18"
"C:\TPTP\TPTP-v9.3.1\Problems\SEU\SEU559^2.p","Theorem","0","0.07"
"C:\TPTP\TPTP-v9.3.1\Problems\SET\SET018^7.p","Timeout","0","10.22"
"C:\TPTP\TPTP-v9.3.1\Problems\SEU\SEU560^1.p","Theorem","0","0.07"
"C:\TPTP\TPTP-v9.3.1\Problems\SEU\SEU560^2.p","Theorem","0","0.08"
"C:\TPTP\TPTP-v9.3.1\Problems\SEU\SEU561^1.p","Theorem","0","0.11"
"C:\TPTP\TPTP-v9.3.1\Problems\SEU\SEU561^2.p","Theorem","0","0.12"
"C:\TPTP\TPTP-v9.3.1\Problems\SEU\SEU562^1.p","Theorem","0","0.11"
"C:\TPTP\TPTP-v9.3.1\Problems\SEU\SEU562^2.p","Theorem","0","0.07"
"C:\TPTP\TPTP-v9.3.1\Problems\SEU\SEU563^2.p","Theorem","0","0.08"
"C:\TPTP\TPTP-v9.3.1\Problems\SEU\SEU563^1.p","Theorem","0","0.1"
"C:\TPTP\TPTP-v9.3.1\Problems\SEU\SEU564^2.p","Theorem","0","0.07"
"C:\TPTP\TPTP-v9.3.1\Problems\SEU\SEU564^1.p","Theorem","0","0.09"
"C:\TPTP\TPTP-v9.3.1\Problems\SEU\SEU565^2.p","Theorem","0","0.06"
"C:\TPTP\TPTP-v9.3.1\Problems\SEU\SEU565^1.p","Theorem","0","0.11"
"C:\TPTP\TPTP-v9.3.1\Problems\SEU\SEU566^1.p","Theorem","0","0.09"
"C:\TPTP\TPTP-v9.3.1\Problems\SEU\SEU566^2.p","Theorem","0","0.07"
"C:\TPTP\TPTP-v9.3.1\Problems\SEU\SEU567^1.p","Theorem","0","0.09"
"C:\TPTP\TPTP-v9.3.1\Problems\SEU\SEU567^2.p","Theorem","0","0.09"
"C:\TPTP\TPTP-v9.3.1\Problems\SEU\SEU568^1.p","Theorem","0","0.1"
"C:\TPTP\TPTP-v9.3.1\Problems\SEU\SEU568^2.p","Theorem","0","0.09"
"C:\TPTP\TPTP-v9.3.1\Problems\SEU\SEU569^1.p","Theorem","0","0.1"
"C:\TPTP\TPTP-v9.3.1\Problems\SEU\SEU569^2.p","Theorem","0","0.08"
"C:\TPTP\TPTP-v9.3.1\Problems\SEU\SEU570^2.p","Theorem","0","0.08"
"C:\TPTP\TPTP-v9.3.1\Problems\SEU\SEU571^2.p","Theorem","0","0.08"
"C:\TPTP\TPTP-v9.3.1\Problems\SEU\SEU571^1.p","Theorem","0","0.12"
"C:\TPTP\TPTP-v9.3.1\Problems\SEU\SEU572^2.p","Theorem","0","0.08"
"C:\TPTP\TPTP-v9.3.1\Problems\SEU\SEU572^1.p","Theorem","0","0.14"
"C:\TPTP\TPTP-v9.3.1\Problems\SEU\SEU573^2.p","Theorem","0","0.07"
"C:\TPTP\TPTP-v9.3.1\Problems\SEU\SEU574^2.p","Theorem","0","0.09"
"C:\TPTP\TPTP-v9.3.1\Problems\SEU\SEU575^1.p","Theorem","0","0.1"
"C:\TPTP\TPTP-v9.3.1\Problems\SEU\SEU575^2.p","Theorem","0","0.11"
"C:\TPTP\TPTP-v9.3.1\Problems\SEU\SEU576^2.p","Theorem","0","0.07"
"C:\TPTP\TPTP-v9.3.1\Problems\SEU\SEU576^1.p","Theorem","0","0.18"
"C:\TPTP\TPTP-v9.3.1\Problems\SEU\SEU577^1.p","Theorem","0","0.11"
"C:\TPTP\TPTP-v9.3.1\Problems\SEU\SEU577^2.p","Theorem","0","0.07"
"C:\TPTP\TPTP-v9.3.1\Problems\SEU\SEU578^2.p","Theorem","0","0.08"
"C:\TPTP\TPTP-v9.3.1\Problems\SET\SET741^4.p","Timeout","0","10.29"
"C:\TPTP\TPTP-v9.3.1\Problems\SET\SET908^7.p","Timeout","0","10.31"
"C:\TPTP\TPTP-v9.3.1\Problems\SET\SET916^7.p","Timeout","0","10.31"
"C:\TPTP\TPTP-v9.3.1\Problems\SEU\SEU579^2.p","Theorem","0","0.1"
"C:\TPTP\TPTP-v9.3.1\Problems\SET\SET914^7.p","Timeout","0","10.37"
"C:\TPTP\TPTP-v9.3.1\Problems\SEU\SEU452^1.p","Timeout","0","10.32"
"C:\TPTP\TPTP-v9.3.1\Problems\SEU\SEU580^2.p","Theorem","0","0.17"
"C:\TPTP\TPTP-v9.3.1\Problems\SEU\SEU581^2.p","Theorem","0","0.14"
"C:\TPTP\TPTP-v9.3.1\Problems\SEU\SEU581^1.p","Theorem","0","0.24"
"C:\TPTP\TPTP-v9.3.1\Problems\SEU\SEU582^1.p","Theorem","0","0.18"
"C:\TPTP\TPTP-v9.3.1\Problems\SEU\SEU471^1.p","Timeout","0","10.18"
"C:\TPTP\TPTP-v9.3.1\Problems\SEU\SEU582^2.p","Theorem","0","0.12"
"C:\TPTP\TPTP-v9.3.1\Problems\SEU\SEU583^1.p","Theorem","0","0.11"
"C:\TPTP\TPTP-v9.3.1\Problems\SEU\SEU477^1.p","Timeout","0","10.17"
"C:\TPTP\TPTP-v9.3.1\Problems\SEU\SEU584^2.p","Theorem","0","0.08"
"C:\TPTP\TPTP-v9.3.1\Problems\SEU\SEU584^1.p","Theorem","0","0.12"
"C:\TPTP\TPTP-v9.3.1\Problems\SEU\SEU585^2.p","Theorem","0","0.09"
"C:\TPTP\TPTP-v9.3.1\Problems\SEU\SEU481^1.p","Timeout","0","10.19"
"C:\TPTP\TPTP-v9.3.1\Problems\SEU\SEU586^1.p","Theorem","0","0.1"
"C:\TPTP\TPTP-v9.3.1\Problems\SEU\SEU580^1.p","Theorem","0","0.49"
"C:\TPTP\TPTP-v9.3.1\Problems\SEU\SEU586^2.p","Theorem","0","0.09"
"C:\TPTP\TPTP-v9.3.1\Problems\SEU\SEU587^1.p","Theorem","0","0.11"
"C:\TPTP\TPTP-v9.3.1\Problems\SEU\SEU488^1.p","Timeout","0","10.17"
"C:\TPTP\TPTP-v9.3.1\Problems\SEU\SEU588^2.p","Theorem","0","0.09"
"C:\TPTP\TPTP-v9.3.1\Problems\SEU\SEU587^2.p","Theorem","0","0.13"
"C:\TPTP\TPTP-v9.3.1\Problems\SEU\SEU489^1.p","Timeout","0","10.17"
"C:\TPTP\TPTP-v9.3.1\Problems\SEU\SEU588^1.p","Theorem","0","0.11"
"C:\TPTP\TPTP-v9.3.1\Problems\SEU\SEU589^2.p","Theorem","0","0.08"
"C:\TPTP\TPTP-v9.3.1\Problems\SEU\SEU491^1.p","Timeout","0","10.16"
"C:\TPTP\TPTP-v9.3.1\Problems\SEU\SEU589^1.p","Theorem","0","0.11"
"C:\TPTP\TPTP-v9.3.1\Problems\SEU\SEU590^2.p","Theorem","0","0.07"
"C:\TPTP\TPTP-v9.3.1\Problems\SEU\SEU591^2.p","Theorem","0","0.08"
"C:\TPTP\TPTP-v9.3.1\Problems\SEU\SEU591^1.p","Theorem","0","0.11"
"C:\TPTP\TPTP-v9.3.1\Problems\SEU\SEU592^2.p","Theorem","0","0.1"
"C:\TPTP\TPTP-v9.3.1\Problems\SEU\SEU592^1.p","Theorem","0","0.13"
"C:\TPTP\TPTP-v9.3.1\Problems\SEU\SEU593^2.p","Theorem","0","0.13"
"C:\TPTP\TPTP-v9.3.1\Problems\SEU\SEU594^2.p","Theorem","0","0.13"
"C:\TPTP\TPTP-v9.3.1\Problems\SEU\SEU594^1.p","Theorem","0","0.15"
"C:\TPTP\TPTP-v9.3.1\Problems\SEU\SEU595^2.p","Theorem","0","0.1"
"C:\TPTP\TPTP-v9.3.1\Problems\SEU\SEU595^1.p","Theorem","0","0.15"
"C:\TPTP\TPTP-v9.3.1\Problems\SEU\SEU596^2.p","Theorem","0","0.13"
"C:\TPTP\TPTP-v9.3.1\Problems\SEU\SEU597^1.p","Theorem","0","0.11"
"C:\TPTP\TPTP-v9.3.1\Problems\SEU\SEU597^2.p","Theorem","0","0.1"
"C:\TPTP\TPTP-v9.3.1\Problems\SEU\SEU598^1.p","Theorem","0","0.1"
"C:\TPTP\TPTP-v9.3.1\Problems\SEU\SEU505^1.p","Timeout","0","10.12"
"C:\TPTP\TPTP-v9.3.1\Problems\SEU\SEU598^2.p","Theorem","0","0.08"
"C:\TPTP\TPTP-v9.3.1\Problems\SEU\SEU506^1.p","Timeout","0","10.12"
"C:\TPTP\TPTP-v9.3.1\Problems\SEU\SEU596^1.p","Theorem","0","0.23"
"C:\TPTP\TPTP-v9.3.1\Problems\SEU\SEU599^2.p","Theorem","0","0.07"
"C:\TPTP\TPTP-v9.3.1\Problems\SEU\SEU599^1.p","Theorem","0","0.1"
"C:\TPTP\TPTP-v9.3.1\Problems\SEU\SEU509^1.p","Timeout","0","10.08"
"C:\TPTP\TPTP-v9.3.1\Problems\SEU\SEU601^2.p","Theorem","0","0.08"
"C:\TPTP\TPTP-v9.3.1\Problems\SEU\SEU601^1.p","Theorem","0","0.12"
"C:\TPTP\TPTP-v9.3.1\Problems\SEU\SEU602^2.p","Theorem","0","0.09"
"C:\TPTP\TPTP-v9.3.1\Problems\SEU\SEU603^2.p","Theorem","0","0.1"
"C:\TPTP\TPTP-v9.3.1\Problems\SEU\SEU602^1.p","Theorem","0","0.12"
"C:\TPTP\TPTP-v9.3.1\Problems\SEU\SEU603^1.p","Theorem","0","0.14"
"C:\TPTP\TPTP-v9.3.1\Problems\SEU\SEU605^1.p","Theorem","0","0.14"
"C:\TPTP\TPTP-v9.3.1\Problems\SEU\SEU605^2.p","Theorem","0","0.11"
"C:\TPTP\TPTP-v9.3.1\Problems\SEU\SEU606^2.p","Theorem","0","0.09"
"C:\TPTP\TPTP-v9.3.1\Problems\SEU\SEU606^1.p","Theorem","0","0.1"
"C:\TPTP\TPTP-v9.3.1\Problems\SEU\SEU607^2.p","Theorem","0","0.1"
"C:\TPTP\TPTP-v9.3.1\Problems\SEU\SEU608^1.p","Theorem","0","0.09"
"C:\TPTP\TPTP-v9.3.1\Problems\SEU\SEU607^1.p","Theorem","0","0.13"
"C:\TPTP\TPTP-v9.3.1\Problems\SEU\SEU608^2.p","Theorem","0","0.07"
"C:\TPTP\TPTP-v9.3.1\Problems\SEU\SEU590^1.p","Theorem","0","0.69"
"C:\TPTP\TPTP-v9.3.1\Problems\SEU\SEU517^1.p","Timeout","0","10.15"
"C:\TPTP\TPTP-v9.3.1\Problems\SEU\SEU609^2.p","Theorem","0","0.15"
"C:\TPTP\TPTP-v9.3.1\Problems\SEU\SEU518^1.p","Timeout","0","10.15"
"C:\TPTP\TPTP-v9.3.1\Problems\SEU\SEU611^2.p","Theorem","0","0.12"
"C:\TPTP\TPTP-v9.3.1\Problems\SEU\SEU610^1.p","Theorem","0","0.16"
"C:\TPTP\TPTP-v9.3.1\Problems\SEU\SEU609^1.p","Theorem","0","0.18"
"C:\TPTP\TPTP-v9.3.1\Problems\SEU\SEU612^2.p","Theorem","0","0.11"
"C:\TPTP\TPTP-v9.3.1\Problems\SEU\SEU610^2.p","Theorem","0","0.15"
"C:\TPTP\TPTP-v9.3.1\Problems\SEU\SEU612^1.p","Theorem","0","0.13"
"C:\TPTP\TPTP-v9.3.1\Problems\SEU\SEU521^1.p","Timeout","0","10.1"
"C:\TPTP\TPTP-v9.3.1\Problems\SEU\SEU613^2.p","Theorem","0","0.07"
"C:\TPTP\TPTP-v9.3.1\Problems\SEU\SEU613^1.p","Theorem","0","0.1"
"C:\TPTP\TPTP-v9.3.1\Problems\SEU\SEU614^2.p","Theorem","0","0.1"
"C:\TPTP\TPTP-v9.3.1\Problems\SEU\SEU522^1.p","Timeout","0","10.15"
"C:\TPTP\TPTP-v9.3.1\Problems\SEU\SEU614^1.p","Theorem","0","0.11"
"C:\TPTP\TPTP-v9.3.1\Problems\SEU\SEU615^2.p","Theorem","0","0.08"
"C:\TPTP\TPTP-v9.3.1\Problems\SEU\SEU615^1.p","Theorem","0","0.11"
"C:\TPTP\TPTP-v9.3.1\Problems\SEU\SEU616^1.p","Theorem","0","0.11"
"C:\TPTP\TPTP-v9.3.1\Problems\SEU\SEU617^2.p","Theorem","0","0.11"
"C:\TPTP\TPTP-v9.3.1\Problems\SEU\SEU523^1.p","Timeout","0","10.13"
"C:\TPTP\TPTP-v9.3.1\Problems\SEU\SEU618^2.p","Theorem","0","0.11"
"C:\TPTP\TPTP-v9.3.1\Problems\SEU\SEU617^1.p","Theorem","0","0.15"
"C:\TPTP\TPTP-v9.3.1\Problems\SEU\SEU620^2.p","Theorem","0","0.13"
"C:\TPTP\TPTP-v9.3.1\Problems\SEU\SEU620^1.p","Theorem","0","0.14"
"C:\TPTP\TPTP-v9.3.1\Problems\SEU\SEU618^1.p","Theorem","0","0.21"
"C:\TPTP\TPTP-v9.3.1\Problems\SEU\SEU621^2.p","Theorem","0","0.15"
"C:\TPTP\TPTP-v9.3.1\Problems\SEU\SEU622^2.p","Theorem","0","0.15"
"C:\TPTP\TPTP-v9.3.1\Problems\SEU\SEU621^1.p","Theorem","0","0.2"
"C:\TPTP\TPTP-v9.3.1\Problems\SEU\SEU623^2.p","Theorem","0","0.15"
"C:\TPTP\TPTP-v9.3.1\Problems\SEU\SEU622^1.p","Theorem","0","0.19"
"C:\TPTP\TPTP-v9.3.1\Problems\SEU\SEU623^1.p","Theorem","0","0.18"
"C:\TPTP\TPTP-v9.3.1\Problems\SEU\SEU624^1.p","Theorem","0","0.16"
"C:\TPTP\TPTP-v9.3.1\Problems\SEU\SEU524^1.p","Timeout","0","10.15"
"C:\TPTP\TPTP-v9.3.1\Problems\SEU\SEU625^2.p","Theorem","0","0.1"
"C:\TPTP\TPTP-v9.3.1\Problems\SEU\SEU626^2.p","Theorem","0","0.17"
"C:\TPTP\TPTP-v9.3.1\Problems\SEU\SEU626^1.p","Theorem","0","0.19"
"C:\TPTP\TPTP-v9.3.1\Problems\SEU\SEU627^2.p","Theorem","0","0.96"
"C:\TPTP\TPTP-v9.3.1\Problems\SEU\SEU629^2.p","Theorem","0","0.92"
"C:\TPTP\TPTP-v9.3.1\Problems\SEU\SEU628^2.p","Theorem","0","0.94"
"C:\TPTP\TPTP-v9.3.1\Problems\SEU\SEU628^1.p","Theorem","0","0.95"
"C:\TPTP\TPTP-v9.3.1\Problems\SEU\SEU629^1.p","Theorem","0","0.93"
"C:\TPTP\TPTP-v9.3.1\Problems\SEU\SEU593^1.p","Theorem","0","2.03"
"C:\TPTP\TPTP-v9.3.1\Problems\SEU\SEU630^2.p","Theorem","0","1.42"
"C:\TPTP\TPTP-v9.3.1\Problems\SEU\SEU525^1.p","Timeout","0","10.15"
"C:\TPTP\TPTP-v9.3.1\Problems\SEU\SEU631^2.p","Theorem","0","5.09"
"C:\TPTP\TPTP-v9.3.1\Problems\SEU\SEU632^2.p","Theorem","0","5.07"
"C:\TPTP\TPTP-v9.3.1\Problems\SEU\SEU545^1.p","Timeout","0","10.19"
"C:\TPTP\TPTP-v9.3.1\Problems\SEU\SEU546^1.p","Timeout","0","10.18"
"C:\TPTP\TPTP-v9.3.1\Problems\SEU\SEU633^2.p","Theorem","0","5.12"
"C:\TPTP\TPTP-v9.3.1\Problems\SEU\SEU550^1.p","Timeout","0","10.14"
"C:\TPTP\TPTP-v9.3.1\Problems\SEU\SEU634^2.p","Theorem","0","5.13"
"C:\TPTP\TPTP-v9.3.1\Problems\SEU\SEU636^2.p","Theorem","0","0.44"
"C:\TPTP\TPTP-v9.3.1\Problems\SEU\SEU636^1.p","Theorem","0","0.48"
"C:\TPTP\TPTP-v9.3.1\Problems\SEU\SEU635^1.p","Theorem","0","5.02"
"C:\TPTP\TPTP-v9.3.1\Problems\SEU\SEU635^2.p","Theorem","0","4.97"
"C:\TPTP\TPTP-v9.3.1\Problems\SEU\SEU557^1.p","Timeout","0","10.16"
"C:\TPTP\TPTP-v9.3.1\Problems\SEU\SEU638^2.p","Theorem","0","0.27"
"C:\TPTP\TPTP-v9.3.1\Problems\SEU\SEU638^1.p","Theorem","0","0.37"
"C:\TPTP\TPTP-v9.3.1\Problems\SEU\SEU558^2.p","Timeout","0","10.08"
"C:\TPTP\TPTP-v9.3.1\Problems\SEU\SEU558^1.p","Timeout","0","10.15"
"C:\TPTP\TPTP-v9.3.1\Problems\SEU\SEU570^1.p","Timeout","0","10.16"
"C:\TPTP\TPTP-v9.3.1\Problems\SEU\SEU640^2.p","Theorem","0","0.77"
"C:\TPTP\TPTP-v9.3.1\Problems\SEU\SEU641^2.p","Theorem","0","0.69"
"C:\TPTP\TPTP-v9.3.1\Problems\SEU\SEU641^1.p","Theorem","0","0.77"
"C:\TPTP\TPTP-v9.3.1\Problems\SEU\SEU642^1.p","Theorem","0","0.69"
"C:\TPTP\TPTP-v9.3.1\Problems\SEU\SEU640^1.p","Theorem","0","0.78"
"C:\TPTP\TPTP-v9.3.1\Problems\SEU\SEU642^2.p","Theorem","0","0.68"
"C:\TPTP\TPTP-v9.3.1\Problems\SEU\SEU573^1.p","Timeout","0","10.18"
"C:\TPTP\TPTP-v9.3.1\Problems\SEU\SEU574^1.p","Timeout","0","10.17"
"C:\TPTP\TPTP-v9.3.1\Problems\SEU\SEU644^1.p","Theorem","0","0.59"
"C:\TPTP\TPTP-v9.3.1\Problems\SEU\SEU644^2.p","Theorem","0","0.51"
"C:\TPTP\TPTP-v9.3.1\Problems\SEU\SEU578^1.p","Timeout","0","10.12"
"C:\TPTP\TPTP-v9.3.1\Problems\SEU\SEU579^1.p","Timeout","0","10.23"
"C:\TPTP\TPTP-v9.3.1\Problems\SEU\SEU585^1.p","Timeout","0","10.14"
"C:\TPTP\TPTP-v9.3.1\Problems\SEU\SEU646^2.p","Theorem","0","1.95"
"C:\TPTP\TPTP-v9.3.1\Problems\SEU\SEU647^1.p","Theorem","0","1.95"
"C:\TPTP\TPTP-v9.3.1\Problems\SEU\SEU647^2.p","Theorem","0","1.85"
"C:\TPTP\TPTP-v9.3.1\Problems\SEU\SEU648^2.p","Theorem","0","1.45"
"C:\TPTP\TPTP-v9.3.1\Problems\SEU\SEU648^1.p","Theorem","0","1.81"
"C:\TPTP\TPTP-v9.3.1\Problems\SEU\SEU600^2.p","Timeout","0","10.07"
"C:\TPTP\TPTP-v9.3.1\Problems\SEU\SEU650^2.p","Theorem","0","0.53"
"C:\TPTP\TPTP-v9.3.1\Problems\SEU\SEU650^1.p","Theorem","0","1.2"
"C:\TPTP\TPTP-v9.3.1\Problems\SEU\SEU604^2.p","Timeout","0","10.09"
"C:\TPTP\TPTP-v9.3.1\Problems\SEU\SEU651^2.p","Theorem","0","0.11"
"C:\TPTP\TPTP-v9.3.1\Problems\SEU\SEU600^1.p","Timeout","0","10.19"
"C:\TPTP\TPTP-v9.3.1\Problems\SEU\SEU604^1.p","Timeout","0","10.18"
"C:\TPTP\TPTP-v9.3.1\Problems\SEU\SEU652^2.p","Theorem","0","0.31"
"C:\TPTP\TPTP-v9.3.1\Problems\SEU\SEU611^1.p","Timeout","0","10.16"
"C:\TPTP\TPTP-v9.3.1\Problems\SEU\SEU654^2.p","Theorem","0","0.45"
"C:\TPTP\TPTP-v9.3.1\Problems\SEU\SEU653^2.p","Theorem","0","0.55"
"C:\TPTP\TPTP-v9.3.1\Problems\SEU\SEU654^1.p","Theorem","0","0.46"
"C:\TPTP\TPTP-v9.3.1\Problems\SEU\SEU619^1.p","Timeout","0","10.22"
"C:\TPTP\TPTP-v9.3.1\Problems\SEU\SEU619^2.p","Timeout","0","10.21"
"C:\TPTP\TPTP-v9.3.1\Problems\SEU\SEU651^1.p","Theorem","0","0.71"
"C:\TPTP\TPTP-v9.3.1\Problems\SEU\SEU657^1.p","Theorem","0","0.44"
"C:\TPTP\TPTP-v9.3.1\Problems\SEU\SEU657^2.p","Theorem","0","0.35"
"C:\TPTP\TPTP-v9.3.1\Problems\SEU\SEU625^1.p","Timeout","0","10.16"
"C:\TPTP\TPTP-v9.3.1\Problems\SEU\SEU658^2.p","Theorem","0","0.26"
"C:\TPTP\TPTP-v9.3.1\Problems\SEU\SEU659^1.p","Theorem","0","0.25"
"C:\TPTP\TPTP-v9.3.1\Problems\SEU\SEU660^1.p","Theorem","0","0.14"
"C:\TPTP\TPTP-v9.3.1\Problems\SEU\SEU659^2.p","Theorem","0","0.14"
"C:\TPTP\TPTP-v9.3.1\Problems\SEU\SEU660^2.p","Theorem","0","0.13"
"C:\TPTP\TPTP-v9.3.1\Problems\SEU\SEU661^2.p","Theorem","0","0.07"
"C:\TPTP\TPTP-v9.3.1\Problems\SEU\SEU661^1.p","Theorem","0","0.08"
"C:\TPTP\TPTP-v9.3.1\Problems\SEU\SEU627^1.p","Timeout","0","10.21"
"C:\TPTP\TPTP-v9.3.1\Problems\SEU\SEU662^2.p","Theorem","0","0.07"
"C:\TPTP\TPTP-v9.3.1\Problems\SEU\SEU662^1.p","Theorem","0","0.12"
"C:\TPTP\TPTP-v9.3.1\Problems\SEU\SEU663^2.p","Theorem","0","0.13"
"C:\TPTP\TPTP-v9.3.1\Problems\SEU\SEU630^1.p","Timeout","0","10.24"
"C:\TPTP\TPTP-v9.3.1\Problems\SEU\SEU663^1.p","Theorem","0","0.15"
"C:\TPTP\TPTP-v9.3.1\Problems\SEU\SEU664^2.p","Theorem","0","0.15"
"C:\TPTP\TPTP-v9.3.1\Problems\SEU\SEU664^1.p","Theorem","0","0.16"
"C:\TPTP\TPTP-v9.3.1\Problems\SEU\SEU665^2.p","Theorem","0","0.15"
"C:\TPTP\TPTP-v9.3.1\Problems\SEU\SEU631^1.p","Timeout","0","10.2"
"C:\TPTP\TPTP-v9.3.1\Problems\SEU\SEU666^2.p","Theorem","0","0.16"
"C:\TPTP\TPTP-v9.3.1\Problems\SEU\SEU667^1.p","Theorem","0","0.13"
"C:\TPTP\TPTP-v9.3.1\Problems\SEU\SEU667^2.p","Theorem","0","0.09"
"C:\TPTP\TPTP-v9.3.1\Problems\SEU\SEU666^1.p","Theorem","0","0.17"
"C:\TPTP\TPTP-v9.3.1\Problems\SEU\SEU668^2.p","Theorem","0","0.74"
"C:\TPTP\TPTP-v9.3.1\Problems\SEU\SEU670^1.p","Theorem","0","0.72"
"C:\TPTP\TPTP-v9.3.1\Problems\SEU\SEU669^1.p","Theorem","0","0.73"
"C:\TPTP\TPTP-v9.3.1\Problems\SEU\SEU669^2.p","Theorem","0","0.73"
"C:\TPTP\TPTP-v9.3.1\Problems\SEU\SEU670^2.p","Theorem","0","0.67"
"C:\TPTP\TPTP-v9.3.1\Problems\SEU\SEU672^1.p","Theorem","0","0.66"
"C:\TPTP\TPTP-v9.3.1\Problems\SEU\SEU672^2.p","Theorem","0","0.65"
"C:\TPTP\TPTP-v9.3.1\Problems\SEU\SEU671^2.p","Theorem","0","0.66"
"C:\TPTP\TPTP-v9.3.1\Problems\SEU\SEU671^1.p","Theorem","0","0.67"
"C:\TPTP\TPTP-v9.3.1\Problems\SEU\SEU673^2.p","Theorem","0","0.07"
"C:\TPTP\TPTP-v9.3.1\Problems\SEU\SEU674^2.p","Theorem","0","0.09"
"C:\TPTP\TPTP-v9.3.1\Problems\SEU\SEU674^1.p","Theorem","0","0.11"
"C:\TPTP\TPTP-v9.3.1\Problems\SEU\SEU673^1.p","Theorem","0","0.14"
"C:\TPTP\TPTP-v9.3.1\Problems\SEU\SEU632^1.p","Timeout","0","10.21"
"C:\TPTP\TPTP-v9.3.1\Problems\SEU\SEU633^1.p","Timeout","0","10.25"
"C:\TPTP\TPTP-v9.3.1\Problems\SEU\SEU634^1.p","Timeout","0","10.25"
"C:\TPTP\TPTP-v9.3.1\Problems\SEU\SEU675^2.p","Theorem","0","0.19"
"C:\TPTP\TPTP-v9.3.1\Problems\SEU\SEU668^1.p","Theorem","0","5.14"
"C:\TPTP\TPTP-v9.3.1\Problems\SEU\SEU677^2.p","Theorem","0","5.04"
"C:\TPTP\TPTP-v9.3.1\Problems\SEU\SEU678^2.p","GaveUp","0","5.03"
"C:\TPTP\TPTP-v9.3.1\Problems\SEU\SEU679^1.p","Theorem","0","5.01"
"C:\TPTP\TPTP-v9.3.1\Problems\SEU\SEU679^2.p","Theorem","0","5"
"C:\TPTP\TPTP-v9.3.1\Problems\SEU\SEU637^2.p","Timeout","0","10.05"
"C:\TPTP\TPTP-v9.3.1\Problems\SEU\SEU637^1.p","Timeout","0","10.18"
"C:\TPTP\TPTP-v9.3.1\Problems\SEU\SEU639^2.p","Timeout","0","10.06"
"C:\TPTP\TPTP-v9.3.1\Problems\SEU\SEU639^1.p","Timeout","0","10.15"
"C:\TPTP\TPTP-v9.3.1\Problems\SEU\SEU681^2.p","Theorem","0","1.24"
"C:\TPTP\TPTP-v9.3.1\Problems\SEU\SEU682^2.p","Theorem","0","0.46"
"C:\TPTP\TPTP-v9.3.1\Problems\SEU\SEU682^1.p","Theorem","0","0.5"
"C:\TPTP\TPTP-v9.3.1\Problems\SEU\SEU684^1.p","Theorem","0","0.45"
"C:\TPTP\TPTP-v9.3.1\Problems\SEU\SEU683^2.p","Theorem","0","0.46"
"C:\TPTP\TPTP-v9.3.1\Problems\SEU\SEU683^1.p","Theorem","0","0.46"
"C:\TPTP\TPTP-v9.3.1\Problems\SEU\SEU643^1.p","Timeout","0","10.18"
"C:\TPTP\TPTP-v9.3.1\Problems\SEU\SEU643^2.p","Timeout","0","10.15"
"C:\TPTP\TPTP-v9.3.1\Problems\SEU\SEU685^2.p","Theorem","0","0.69"
"C:\TPTP\TPTP-v9.3.1\Problems\SEU\SEU645^1.p","Timeout","0","10.19"
"C:\TPTP\TPTP-v9.3.1\Problems\SEU\SEU645^2.p","Timeout","0","10.19"
"C:\TPTP\TPTP-v9.3.1\Problems\SEU\SEU646^1.p","Timeout","0","10.19"
"C:\TPTP\TPTP-v9.3.1\Problems\SEU\SEU649^2.p","Timeout","0","10.05"
"C:\TPTP\TPTP-v9.3.1\Problems\SEU\SEU649^1.p","Timeout","0","10.16"
"C:\TPTP\TPTP-v9.3.1\Problems\SEU\SEU688^2.p","Theorem","0","2.63"
"C:\TPTP\TPTP-v9.3.1\Problems\SEU\SEU690^2.p","Theorem","0","1.97"
"C:\TPTP\TPTP-v9.3.1\Problems\SEU\SEU653^1.p","Timeout","0","10.19"
"C:\TPTP\TPTP-v9.3.1\Problems\SEU\SEU652^1.p","Timeout","0","10.22"
"C:\TPTP\TPTP-v9.3.1\Problems\SEU\SEU656^2.p","Timeout","0","10.12"
"C:\TPTP\TPTP-v9.3.1\Problems\SEU\SEU655^1.p","Timeout","0","10.22"
"C:\TPTP\TPTP-v9.3.1\Problems\SEU\SEU655^2.p","Timeout","0","10.22"
"C:\TPTP\TPTP-v9.3.1\Problems\SEU\SEU656^1.p","Timeout","0","10.24"
"C:\TPTP\TPTP-v9.3.1\Problems\SEU\SEU693^2.p","Theorem","0","0.44"
"C:\TPTP\TPTP-v9.3.1\Problems\SEU\SEU693^1.p","Theorem","0","0.57"
"C:\TPTP\TPTP-v9.3.1\Problems\SEU\SEU692^2.p","Theorem","0","1.91"
"C:\TPTP\TPTP-v9.3.1\Problems\SEU\SEU694^1.p","Theorem","0","0.44"
"C:\TPTP\TPTP-v9.3.1\Problems\SEU\SEU694^2.p","Theorem","0","0.41"
"C:\TPTP\TPTP-v9.3.1\Problems\SEU\SEU658^1.p","Timeout","0","10.2"
"C:\TPTP\TPTP-v9.3.1\Problems\SEU\SEU665^1.p","Timeout","0","10.19"
"C:\TPTP\TPTP-v9.3.1\Problems\SEU\SEU675^1.p","Timeout","0","10.18"
"C:\TPTP\TPTP-v9.3.1\Problems\SEU\SEU697^1.p","Theorem","0","1.32"
"C:\TPTP\TPTP-v9.3.1\Problems\SEU\SEU697^2.p","Theorem","0","1.28"
"C:\TPTP\TPTP-v9.3.1\Problems\SEU\SEU699^1.p","Theorem","0","1.24"
"C:\TPTP\TPTP-v9.3.1\Problems\SEU\SEU700^2.p","Theorem","0","0.91"
"C:\TPTP\TPTP-v9.3.1\Problems\SEU\SEU698^1.p","Theorem","0","1.29"
"C:\TPTP\TPTP-v9.3.1\Problems\SEU\SEU699^2.p","Theorem","0","1.23"
"C:\TPTP\TPTP-v9.3.1\Problems\SEU\SEU700^1.p","Theorem","0","1.2"
"C:\TPTP\TPTP-v9.3.1\Problems\SEU\SEU676^2.p","Timeout","0","10.27"
"C:\TPTP\TPTP-v9.3.1\Problems\SEU\SEU676^1.p","Timeout","0","10.3"
"C:\TPTP\TPTP-v9.3.1\Problems\SEU\SEU677^1.p","Timeout","0","10.3"
"C:\TPTP\TPTP-v9.3.1\Problems\SEU\SEU678^1.p","Timeout","0","10.25"
"C:\TPTP\TPTP-v9.3.1\Problems\SEU\SEU702^1.p","Theorem","0","0.14"
"C:\TPTP\TPTP-v9.3.1\Problems\SEU\SEU680^2.p","Timeout","0","10.18"
"C:\TPTP\TPTP-v9.3.1\Problems\SEU\SEU702^2.p","Theorem","0","0.18"
"C:\TPTP\TPTP-v9.3.1\Problems\SEU\SEU680^1.p","Timeout","0","10.22"
"C:\TPTP\TPTP-v9.3.1\Problems\SEU\SEU681^1.p","Timeout","0","10.27"
"C:\TPTP\TPTP-v9.3.1\Problems\SEU\SEU706^2.p","Theorem","0","0.15"
"C:\TPTP\TPTP-v9.3.1\Problems\SEU\SEU709^2.p","Theorem","0","0.09"
"C:\TPTP\TPTP-v9.3.1\Problems\SEU\SEU706^1.p","Theorem","0","0.28"
"C:\TPTP\TPTP-v9.3.1\Problems\SEU\SEU709^1.p","Theorem","0","0.28"
"C:\TPTP\TPTP-v9.3.1\Problems\SEU\SEU711^2.p","Theorem","0","0.13"
"C:\TPTP\TPTP-v9.3.1\Problems\SEU\SEU708^2.p","Theorem","0","1.22"
"C:\TPTP\TPTP-v9.3.1\Problems\SEU\SEU712^1.p","Theorem","0","0.9"
"C:\TPTP\TPTP-v9.3.1\Problems\SEU\SEU713^1.p","Theorem","0","1.66"
"C:\TPTP\TPTP-v9.3.1\Problems\SEU\SEU713^2.p","Theorem","0","0.09"
"C:\TPTP\TPTP-v9.3.1\Problems\SEU\SEU714^1.p","Theorem","0","0.19"
"C:\TPTP\TPTP-v9.3.1\Problems\SEU\SEU714^2.p","Theorem","0","0.13"
"C:\TPTP\TPTP-v9.3.1\Problems\SEU\SEU684^2.p","Timeout","0","10.16"
"C:\TPTP\TPTP-v9.3.1\Problems\SEU\SEU685^1.p","Timeout","0","10.16"
"C:\TPTP\TPTP-v9.3.1\Problems\SEU\SEU715^2.p","Theorem","0","0.32"
"C:\TPTP\TPTP-v9.3.1\Problems\SEU\SEU686^2.p","Timeout","0","10.11"
"C:\TPTP\TPTP-v9.3.1\Problems\SEU\SEU687^2.p","Timeout","0","10.11"
"C:\TPTP\TPTP-v9.3.1\Problems\SEU\SEU687^1.p","Timeout","0","10.18"
"C:\TPTP\TPTP-v9.3.1\Problems\SEU\SEU686^1.p","Timeout","0","10.19"
"C:\TPTP\TPTP-v9.3.1\Problems\SEU\SEU716^2.p","Theorem","0","0.09"
"C:\TPTP\TPTP-v9.3.1\Problems\SEU\SEU689^2.p","Timeout","0","10.06"
"C:\TPTP\TPTP-v9.3.1\Problems\SEU\SEU688^1.p","Timeout","0","10.23"
"C:\TPTP\TPTP-v9.3.1\Problems\SEU\SEU717^2.p","Theorem","0","0.07"
"C:\TPTP\TPTP-v9.3.1\Problems\SEU\SEU718^2.p","Theorem","0","0.07"
"C:\TPTP\TPTP-v9.3.1\Problems\SEU\SEU689^1.p","Timeout","0","10.18"
"C:\TPTP\TPTP-v9.3.1\Problems\SEU\SEU719^2.p","Theorem","0","0.1"
"C:\TPTP\TPTP-v9.3.1\Problems\SEU\SEU718^1.p","Theorem","0","0.17"
"C:\TPTP\TPTP-v9.3.1\Problems\SEU\SEU720^2.p","Theorem","0","0.11"
"C:\TPTP\TPTP-v9.3.1\Problems\SEU\SEU719^1.p","Theorem","0","0.17"
"C:\TPTP\TPTP-v9.3.1\Problems\SEU\SEU720^1.p","Theorem","0","0.18"
"C:\TPTP\TPTP-v9.3.1\Problems\SEU\SEU721^2.p","Theorem","0","0.09"
"C:\TPTP\TPTP-v9.3.1\Problems\SEU\SEU721^1.p","Theorem","0","0.17"
"C:\TPTP\TPTP-v9.3.1\Problems\SEU\SEU722^2.p","Theorem","0","0.07"
"C:\TPTP\TPTP-v9.3.1\Problems\SEU\SEU723^2.p","Theorem","0","0.1"
"C:\TPTP\TPTP-v9.3.1\Problems\SEU\SEU722^1.p","Theorem","0","0.17"
"C:\TPTP\TPTP-v9.3.1\Problems\SEU\SEU724^2.p","Theorem","0","0.09"
"C:\TPTP\TPTP-v9.3.1\Problems\SEU\SEU725^2.p","Theorem","0","0.07"
"C:\TPTP\TPTP-v9.3.1\Problems\SEU\SEU723^1.p","Theorem","0","0.19"
"C:\TPTP\TPTP-v9.3.1\Problems\SEU\SEU724^1.p","Theorem","0","0.18"
"C:\TPTP\TPTP-v9.3.1\Problems\SEU\SEU726^2.p","Theorem","0","0.1"
"C:\TPTP\TPTP-v9.3.1\Problems\SEU\SEU728^2.p","Theorem","0","0.09"
"C:\TPTP\TPTP-v9.3.1\Problems\SEU\SEU727^2.p","Theorem","0","0.14"
"C:\TPTP\TPTP-v9.3.1\Problems\SEU\SEU725^1.p","Theorem","0","0.27"
"C:\TPTP\TPTP-v9.3.1\Problems\SEU\SEU727^1.p","Theorem","0","0.19"
"C:\TPTP\TPTP-v9.3.1\Problems\SEU\SEU728^1.p","Theorem","0","0.18"
"C:\TPTP\TPTP-v9.3.1\Problems\SEU\SEU729^2.p","Theorem","0","0.08"
"C:\TPTP\TPTP-v9.3.1\Problems\SEU\SEU730^2.p","Theorem","0","0.11"
"C:\TPTP\TPTP-v9.3.1\Problems\SEU\SEU690^1.p","Timeout","0","10.18"
"C:\TPTP\TPTP-v9.3.1\Problems\SEU\SEU731^2.p","Theorem","0","0.09"
"C:\TPTP\TPTP-v9.3.1\Problems\SEU\SEU730^1.p","Theorem","0","0.2"
"C:\TPTP\TPTP-v9.3.1\Problems\SEU\SEU732^2.p","Theorem","0","0.06"
"C:\TPTP\TPTP-v9.3.1\Problems\SEU\SEU691^2.p","Timeout","0","10.12"
"C:\TPTP\TPTP-v9.3.1\Problems\SEU\SEU731^1.p","Theorem","0","0.21"
"C:\TPTP\TPTP-v9.3.1\Problems\SEU\SEU733^2.p","Theorem","0","0.07"
"C:\TPTP\TPTP-v9.3.1\Problems\SEU\SEU732^1.p","Theorem","0","0.17"
"C:\TPTP\TPTP-v9.3.1\Problems\SEU\SEU691^1.p","Timeout","0","10.21"
"C:\TPTP\TPTP-v9.3.1\Problems\SEU\SEU734^2.p","Theorem","0","0.07"
"C:\TPTP\TPTP-v9.3.1\Problems\SEU\SEU733^1.p","Theorem","0","0.17"
"C:\TPTP\TPTP-v9.3.1\Problems\SEU\SEU735^2.p","Theorem","0","0.11"
"C:\TPTP\TPTP-v9.3.1\Problems\SEU\SEU736^2.p","Theorem","0","0.07"
"C:\TPTP\TPTP-v9.3.1\Problems\SEU\SEU737^2.p","Theorem","0","0.11"
"C:\TPTP\TPTP-v9.3.1\Problems\SEU\SEU716^1.p","Theorem","0","1.08"
"C:\TPTP\TPTP-v9.3.1\Problems\SEU\SEU738^2.p","Theorem","0","0.1"
"C:\TPTP\TPTP-v9.3.1\Problems\SEU\SEU739^2.p","Theorem","0","0.07"
"C:\TPTP\TPTP-v9.3.1\Problems\SEU\SEU738^1.p","Theorem","0","0.21"
"C:\TPTP\TPTP-v9.3.1\Problems\SEU\SEU739^1.p","Theorem","0","0.19"
"C:\TPTP\TPTP-v9.3.1\Problems\SEU\SEU736^1.p","Theorem","0","0.29"
"C:\TPTP\TPTP-v9.3.1\Problems\SEU\SEU740^2.p","Theorem","0","0.12"
"C:\TPTP\TPTP-v9.3.1\Problems\SEU\SEU737^1.p","Theorem","0","0.3"
"C:\TPTP\TPTP-v9.3.1\Problems\SEU\SEU740^1.p","Theorem","0","0.16"
"C:\TPTP\TPTP-v9.3.1\Problems\SEU\SEU741^2.p","Theorem","0","0.07"
"C:\TPTP\TPTP-v9.3.1\Problems\SEU\SEU692^1.p","Timeout","0","10.15"
"C:\TPTP\TPTP-v9.3.1\Problems\SEU\SEU742^2.p","Theorem","0","0.09"
"C:\TPTP\TPTP-v9.3.1\Problems\SEU\SEU743^2.p","Theorem","0","0.12"
"C:\TPTP\TPTP-v9.3.1\Problems\SEU\SEU744^2.p","Theorem","0","0.07"
"C:\TPTP\TPTP-v9.3.1\Problems\SEU\SEU741^1.p","Theorem","0","0.19"
"C:\TPTP\TPTP-v9.3.1\Problems\SEU\SEU742^1.p","Theorem","0","0.19"
"C:\TPTP\TPTP-v9.3.1\Problems\SEU\SEU745^2.p","Theorem","0","0.09"
"C:\TPTP\TPTP-v9.3.1\Problems\SEU\SEU744^1.p","Theorem","0","0.18"
"C:\TPTP\TPTP-v9.3.1\Problems\SEU\SEU746^2.p","Theorem","0","0.08"
"C:\TPTP\TPTP-v9.3.1\Problems\SEU\SEU745^1.p","Theorem","0","0.19"
"C:\TPTP\TPTP-v9.3.1\Problems\SEU\SEU729^1.p","Theorem","0","0.97"
"C:\TPTP\TPTP-v9.3.1\Problems\SEU\SEU747^2.p","Theorem","0","0.08"
"C:\TPTP\TPTP-v9.3.1\Problems\SEU\SEU747^1.p","Theorem","0","0.13"
"C:\TPTP\TPTP-v9.3.1\Problems\SEU\SEU746^1.p","Theorem","0","0.18"
"C:\TPTP\TPTP-v9.3.1\Problems\SEU\SEU749^2.p","Theorem","0","0.1"
"C:\TPTP\TPTP-v9.3.1\Problems\SEU\SEU748^1.p","Theorem","0","0.16"
"C:\TPTP\TPTP-v9.3.1\Problems\SEU\SEU750^2.p","Theorem","0","0.1"
"C:\TPTP\TPTP-v9.3.1\Problems\SEU\SEU751^2.p","Theorem","0","0.1"
"C:\TPTP\TPTP-v9.3.1\Problems\SEU\SEU752^2.p","Theorem","0","0.08"
"C:\TPTP\TPTP-v9.3.1\Problems\SEU\SEU750^1.p","Theorem","0","0.21"
"C:\TPTP\TPTP-v9.3.1\Problems\SEU\SEU754^2.p","Theorem","0","0.08"
"C:\TPTP\TPTP-v9.3.1\Problems\SEU\SEU751^1.p","Theorem","0","0.25"
"C:\TPTP\TPTP-v9.3.1\Problems\SEU\SEU752^1.p","Theorem","0","0.23"
"C:\TPTP\TPTP-v9.3.1\Problems\SEU\SEU755^2.p","Theorem","0","0.09"
"C:\TPTP\TPTP-v9.3.1\Problems\SEU\SEU754^1.p","Theorem","0","0.22"
"C:\TPTP\TPTP-v9.3.1\Problems\SEU\SEU756^2.p","Theorem","0","0.08"
"C:\TPTP\TPTP-v9.3.1\Problems\SEU\SEU755^1.p","Theorem","0","0.2"
"C:\TPTP\TPTP-v9.3.1\Problems\SEU\SEU756^1.p","Theorem","0","0.17"
"C:\TPTP\TPTP-v9.3.1\Problems\SEU\SEU758^2.p","Theorem","0","0.09"
"C:\TPTP\TPTP-v9.3.1\Problems\SEU\SEU759^2.p","Theorem","0","0.11"
"C:\TPTP\TPTP-v9.3.1\Problems\SEU\SEU758^1.p","Theorem","0","0.31"
"C:\TPTP\TPTP-v9.3.1\Problems\SEU\SEU760^2.p","Theorem","0","0.08"
"C:\TPTP\TPTP-v9.3.1\Problems\SEU\SEU761^1.p","Theorem","0","0.21"
"C:\TPTP\TPTP-v9.3.1\Problems\SEU\SEU761^2.p","Theorem","0","0.12"
"C:\TPTP\TPTP-v9.3.1\Problems\SEU\SEU695^2.p","Timeout","0","10.06"
"C:\TPTP\TPTP-v9.3.1\Problems\SEU\SEU696^2.p","Timeout","0","10.07"
"C:\TPTP\TPTP-v9.3.1\Problems\SEU\SEU696^1.p","Timeout","0","10.12"
"C:\TPTP\TPTP-v9.3.1\Problems\SEU\SEU695^1.p","Timeout","0","10.16"
"C:\TPTP\TPTP-v9.3.1\Problems\SEU\SEU762^2.p","Theorem","0","0.14"
"C:\TPTP\TPTP-v9.3.1\Problems\SEU\SEU763^1.p","Theorem","0","0.12"
"C:\TPTP\TPTP-v9.3.1\Problems\SEU\SEU764^2.p","Theorem","0","0.12"
"C:\TPTP\TPTP-v9.3.1\Problems\SEU\SEU765^1.p","Theorem","0","0.13"
"C:\TPTP\TPTP-v9.3.1\Problems\SEU\SEU766^1.p","Theorem","0","0.16"
"C:\TPTP\TPTP-v9.3.1\Problems\SEU\SEU767^1.p","Theorem","0","0.16"
"C:\TPTP\TPTP-v9.3.1\Problems\SEU\SEU769^1.p","Theorem","0","0.23"
"C:\TPTP\TPTP-v9.3.1\Problems\SEU\SEU769^2.p","Theorem","0","0.09"
"C:\TPTP\TPTP-v9.3.1\Problems\SEU\SEU726^1.p","Theorem","0","3.4"
"C:\TPTP\TPTP-v9.3.1\Problems\SEU\SEU734^1.p","Theorem","0","3.08"
"C:\TPTP\TPTP-v9.3.1\Problems\SEU\SEU771^1.p","Theorem","0","0.24"
"C:\TPTP\TPTP-v9.3.1\Problems\SEU\SEU771^2.p","Theorem","0","0.13"
"C:\TPTP\TPTP-v9.3.1\Problems\SEU\SEU735^1.p","Theorem","0","3.57"
"C:\TPTP\TPTP-v9.3.1\Problems\SEU\SEU701^2.p","Timeout","0","10.07"
"C:\TPTP\TPTP-v9.3.1\Problems\SEU\SEU772^1.p","Theorem","0","0.2"
"C:\TPTP\TPTP-v9.3.1\Problems\SEU\SEU701^1.p","Timeout","0","10.17"
"C:\TPTP\TPTP-v9.3.1\Problems\SEU\SEU773^2.p","Theorem","0","0.09"
"C:\TPTP\TPTP-v9.3.1\Problems\SEU\SEU703^2.p","Timeout","0","10.19"
"C:\TPTP\TPTP-v9.3.1\Problems\SEU\SEU704^2.p","Timeout","0","10.21"
"C:\TPTP\TPTP-v9.3.1\Problems\SEU\SEU774^2.p","Theorem","0","0.09"
"C:\TPTP\TPTP-v9.3.1\Problems\SEU\SEU703^1.p","Timeout","0","10.25"
"C:\TPTP\TPTP-v9.3.1\Problems\SEU\SEU705^2.p","Timeout","0","10.16"
"C:\TPTP\TPTP-v9.3.1\Problems\SEU\SEU775^2.p","Theorem","0","0.08"
"C:\TPTP\TPTP-v9.3.1\Problems\SEU\SEU704^1.p","Timeout","0","10.32"
"C:\TPTP\TPTP-v9.3.1\Problems\SEU\SEU776^2.p","Theorem","0","0.07"
"C:\TPTP\TPTP-v9.3.1\Problems\SEU\SEU707^2.p","Timeout","0","10.16"
"C:\TPTP\TPTP-v9.3.1\Problems\SEU\SEU757^1.p","Theorem","0","2.92"
"C:\TPTP\TPTP-v9.3.1\Problems\SEU\SEU777^2.p","Theorem","0","0.08"
"C:\TPTP\TPTP-v9.3.1\Problems\SEU\SEU705^1.p","Timeout","0","10.3"
"C:\TPTP\TPTP-v9.3.1\Problems\SEU\SEU707^1.p","Timeout","0","10.25"
"C:\TPTP\TPTP-v9.3.1\Problems\SEU\SEU775^1.p","Theorem","0","0.2"
"C:\TPTP\TPTP-v9.3.1\Problems\SEU\SEU708^1.p","Timeout","0","10.2"
"C:\TPTP\TPTP-v9.3.1\Problems\SEU\SEU777^1.p","Theorem","0","0.16"
"C:\TPTP\TPTP-v9.3.1\Problems\SEU\SEU778^2.p","Theorem","0","0.15"
"C:\TPTP\TPTP-v9.3.1\Problems\SEU\SEU780^2.p","Theorem","0","0.19"
"C:\TPTP\TPTP-v9.3.1\Problems\SEU\SEU710^1.p","Timeout","0","10.18"
"C:\TPTP\TPTP-v9.3.1\Problems\SEU\SEU781^2.p","Theorem","0","0.19"
"C:\TPTP\TPTP-v9.3.1\Problems\SEU\SEU782^2.p","Theorem","0","0.21"
"C:\TPTP\TPTP-v9.3.1\Problems\SEU\SEU778^1.p","Theorem","0","0.29"
"C:\TPTP\TPTP-v9.3.1\Problems\SEU\SEU783^2.p","Theorem","0","0.12"
"C:\TPTP\TPTP-v9.3.1\Problems\SEU\SEU711^1.p","Timeout","0","10.21"
"C:\TPTP\TPTP-v9.3.1\Problems\SEU\SEU784^2.p","Theorem","0","0.08"
"C:\TPTP\TPTP-v9.3.1\Problems\SEU\SEU785^2.p","Theorem","0","0.11"
"C:\TPTP\TPTP-v9.3.1\Problems\SEU\SEU783^1.p","Theorem","0","0.31"
"C:\TPTP\TPTP-v9.3.1\Problems\SEU\SEU786^2.p","Theorem","0","0.12"
"C:\TPTP\TPTP-v9.3.1\Problems\SEU\SEU784^1.p","Theorem","0","0.2"
"C:\TPTP\TPTP-v9.3.1\Problems\SEU\SEU782^1.p","Theorem","0","0.38"
"C:\TPTP\TPTP-v9.3.1\Problems\SEU\SEU787^2.p","Theorem","0","0.06"
"C:\TPTP\TPTP-v9.3.1\Problems\SEU\SEU785^1.p","Theorem","0","0.2"
"C:\TPTP\TPTP-v9.3.1\Problems\SEU\SEU787^1.p","Theorem","0","0.2"
"C:\TPTP\TPTP-v9.3.1\Problems\SEU\SEU786^1.p","Theorem","0","0.23"
"C:\TPTP\TPTP-v9.3.1\Problems\SEU\SEU779^2.p","Theorem","0","0.52"
"C:\TPTP\TPTP-v9.3.1\Problems\SEU\SEU788^2.p","Theorem","0","0.11"
"C:\TPTP\TPTP-v9.3.1\Problems\SEU\SEU789^2.p","Theorem","0","0.1"
"C:\TPTP\TPTP-v9.3.1\Problems\SEU\SEU792^2.p","Theorem","0","0.17"
"C:\TPTP\TPTP-v9.3.1\Problems\SEU\SEU793^2.p","GaveUp","0","0.16"
"C:\TPTP\TPTP-v9.3.1\Problems\SEU\SEU749^1.p","Theorem","0","4.08"
"C:\TPTP\TPTP-v9.3.1\Problems\SEU\SEU712^2.p","Timeout","0","10.12"
"C:\TPTP\TPTP-v9.3.1\Problems\SEU\SEU780^1.p","Theorem","0","2.76"
"C:\TPTP\TPTP-v9.3.1\Problems\SEU\SEU759^1.p","Theorem","0","5.79"
"C:\TPTP\TPTP-v9.3.1\Problems\SEU\SEU796^2.p","Theorem","0","0.11"
"C:\TPTP\TPTP-v9.3.1\Problems\SEU\SEU760^1.p","Theorem","0","6.08"
"C:\TPTP\TPTP-v9.3.1\Problems\SEU\SEU743^1.p","Theorem","0","7.15"
"C:\TPTP\TPTP-v9.3.1\Problems\SEU\SEU797^2.p","Theorem","0","0.09"
"C:\TPTP\TPTP-v9.3.1\Problems\SEU\SEU715^1.p","Timeout","0","10.21"
"C:\TPTP\TPTP-v9.3.1\Problems\SEU\SEU798^2.p","Theorem","0","0.08"
"C:\TPTP\TPTP-v9.3.1\Problems\SEU\SEU798^1.p","Theorem","0","0.21"
"C:\TPTP\TPTP-v9.3.1\Problems\SEU\SEU799^2.p","Theorem","0","0.09"
"C:\TPTP\TPTP-v9.3.1\Problems\SEU\SEU799^1.p","Theorem","0","0.23"
"C:\TPTP\TPTP-v9.3.1\Problems\SEU\SEU800^2.p","Theorem","0","0.09"
"C:\TPTP\TPTP-v9.3.1\Problems\SEU\SEU800^1.p","Theorem","0","0.21"
"C:\TPTP\TPTP-v9.3.1\Problems\SEU\SEU801^2.p","Theorem","0","0.08"
"C:\TPTP\TPTP-v9.3.1\Problems\SEU\SEU801^1.p","Theorem","0","0.23"
"C:\TPTP\TPTP-v9.3.1\Problems\SEU\SEU802^2.p","Theorem","0","0.11"
"C:\TPTP\TPTP-v9.3.1\Problems\SEU\SEU803^2.p","Theorem","0","0.08"
"C:\TPTP\TPTP-v9.3.1\Problems\SEU\SEU803^1.p","Theorem","0","0.25"
"C:\TPTP\TPTP-v9.3.1\Problems\SEU\SEU717^1.p","Timeout","0","10.2"
"C:\TPTP\TPTP-v9.3.1\Problems\SEU\SEU753^1.p","Timeout","0","10.18"
"C:\TPTP\TPTP-v9.3.1\Problems\SEU\SEU753^2.p","Timeout","0","10.2"
"C:\TPTP\TPTP-v9.3.1\Problems\SEU\SEU757^2.p","Timeout","0","10.2"
"C:\TPTP\TPTP-v9.3.1\Problems\SEU\SEU806^2.p","Theorem","0","0.12"
"C:\TPTP\TPTP-v9.3.1\Problems\SEU\SEU762^1.p","Timeout","0","10.14"
"C:\TPTP\TPTP-v9.3.1\Problems\SEU\SEU764^1.p","Timeout","0","10.15"
"C:\TPTP\TPTP-v9.3.1\Problems\SEU\SEU808^1.p","Theorem","0","0.18"
"C:\TPTP\TPTP-v9.3.1\Problems\SEU\SEU768^2.p","Timeout","0","10.09"
"C:\TPTP\TPTP-v9.3.1\Problems\SEU\SEU768^1.p","Timeout","0","10.16"
"C:\TPTP\TPTP-v9.3.1\Problems\SEU\SEU808^2.p","Theorem","0","0.17"
"C:\TPTP\TPTP-v9.3.1\Problems\SEU\SEU809^2.p","Theorem","0","0.08"
"C:\TPTP\TPTP-v9.3.1\Problems\SEU\SEU809^1.p","Theorem","0","0.16"
"C:\TPTP\TPTP-v9.3.1\Problems\SEU\SEU810^2.p","Theorem","0","0.1"
"C:\TPTP\TPTP-v9.3.1\Problems\SEU\SEU810^1.p","Theorem","0","0.22"
"C:\TPTP\TPTP-v9.3.1\Problems\SEU\SEU770^1.p","Timeout","0","10.13"
"C:\TPTP\TPTP-v9.3.1\Problems\SEU\SEU811^2.p","Theorem","0","0.1"
"C:\TPTP\TPTP-v9.3.1\Problems\SEU\SEU812^2.p","Theorem","0","0.08"
"C:\TPTP\TPTP-v9.3.1\Problems\SEU\SEU812^1.p","Theorem","0","0.21"
"C:\TPTP\TPTP-v9.3.1\Problems\SEU\SEU813^2.p","Theorem","0","0.13"
"C:\TPTP\TPTP-v9.3.1\Problems\SEU\SEU813^1.p","Theorem","0","0.25"
"C:\TPTP\TPTP-v9.3.1\Problems\SEU\SEU770^2.p","Timeout","0","10.21"
"C:\TPTP\TPTP-v9.3.1\Problems\SEU\SEU814^2.p","Theorem","0","0.11"
"C:\TPTP\TPTP-v9.3.1\Problems\SEU\SEU814^1.p","Theorem","0","0.25"
"C:\TPTP\TPTP-v9.3.1\Problems\SEU\SEU816^2.p","Theorem","0","0.08"
"C:\TPTP\TPTP-v9.3.1\Problems\SEU\SEU816^1.p","Theorem","0","0.24"
"C:\TPTP\TPTP-v9.3.1\Problems\SEU\SEU817^2.p","Theorem","0","0.11"
"C:\TPTP\TPTP-v9.3.1\Problems\SEU\SEU817^1.p","Theorem","0","0.23"
"C:\TPTP\TPTP-v9.3.1\Problems\SEU\SEU773^1.p","Timeout","0","10.24"
"C:\TPTP\TPTP-v9.3.1\Problems\SEU\SEU818^2.p","Theorem","0","0.11"
"C:\TPTP\TPTP-v9.3.1\Problems\SEU\SEU774^1.p","Timeout","0","10.19"
"C:\TPTP\TPTP-v9.3.1\Problems\SEU\SEU776^1.p","Timeout","0","10.15"
"C:\TPTP\TPTP-v9.3.1\Problems\SEU\SEU818^1.p","Theorem","0","0.3"
"C:\TPTP\TPTP-v9.3.1\Problems\SEU\SEU819^2.p","Theorem","0","0.1"
"C:\TPTP\TPTP-v9.3.1\Problems\SEU\SEU779^1.p","Timeout","0","10.22"
"C:\TPTP\TPTP-v9.3.1\Problems\SEU\SEU821^2.p","Theorem","0","0.13"
"C:\TPTP\TPTP-v9.3.1\Problems\SEU\SEU781^1.p","Timeout","0","10.26"
"C:\TPTP\TPTP-v9.3.1\Problems\SEU\SEU821^1.p","Theorem","0","0.24"
"C:\TPTP\TPTP-v9.3.1\Problems\SEU\SEU822^2.p","Theorem","0","0.12"
"C:\TPTP\TPTP-v9.3.1\Problems\SEU\SEU822^1.p","Theorem","0","0.26"
"C:\TPTP\TPTP-v9.3.1\Problems\SEU\SEU788^1.p","Timeout","0","10.11"
"C:\TPTP\TPTP-v9.3.1\Problems\SEU\SEU789^1.p","Timeout","0","10.16"
"C:\TPTP\TPTP-v9.3.1\Problems\SEU\SEU823^1.p","Theorem","0","0.26"
"C:\TPTP\TPTP-v9.3.1\Problems\SEU\SEU790^1.p","Timeout","0","10.18"
"C:\TPTP\TPTP-v9.3.1\Problems\SEU\SEU791^1.p","Timeout","0","10.14"
"C:\TPTP\TPTP-v9.3.1\Problems\SEU\SEU790^2.p","Timeout","0","10.17"
"C:\TPTP\TPTP-v9.3.1\Problems\SEU\SEU791^2.p","Timeout","0","10.16"
"C:\TPTP\TPTP-v9.3.1\Problems\SEU\SEU792^1.p","Timeout","0","10.15"
"C:\TPTP\TPTP-v9.3.1\Problems\SEU\SEU793^1.p","Timeout","0","10.17"
"C:\TPTP\TPTP-v9.3.1\Problems\SEU\SEU826^1.p","Theorem","0","0.13"
"C:\TPTP\TPTP-v9.3.1\Problems\SEU\SEU827^1.p","Theorem","0","0.13"
"C:\TPTP\TPTP-v9.3.1\Problems\SEU\SEU828^1.p","Theorem","0","0.14"
"C:\TPTP\TPTP-v9.3.1\Problems\SEU\SEU829^1.p","Theorem","0","0.16"
"C:\TPTP\TPTP-v9.3.1\Problems\SEU\SEU831^5.p","Theorem","0","0.15"
"C:\TPTP\TPTP-v9.3.1\Problems\SEU\SEU794^2.p","Timeout","0","10.06"
"C:\TPTP\TPTP-v9.3.1\Problems\SEU\SEU832^5.p","Theorem","0","0.16"
"C:\TPTP\TPTP-v9.3.1\Problems\SEU\SEU833^5.p","Theorem","0","0.13"
"C:\TPTP\TPTP-v9.3.1\Problems\SEU\SEU836^5.p","Theorem","0","0.08"
"C:\TPTP\TPTP-v9.3.1\Problems\SEU\SEU834^5.p","Theorem","0","0.1"
"C:\TPTP\TPTP-v9.3.1\Problems\SEU\SEU841^5.p","Theorem","0","0.08"
"C:\TPTP\TPTP-v9.3.1\Problems\SEU\SEU794^1.p","Timeout","0","10.18"
"C:\TPTP\TPTP-v9.3.1\Problems\SEU\SEU839^5.p","Theorem","0","0.1"
"C:\TPTP\TPTP-v9.3.1\Problems\SEU\SEU842^5.p","Theorem","0","0.09"
"C:\TPTP\TPTP-v9.3.1\Problems\SEU\SEU795^1.p","Timeout","0","10.16"
"C:\TPTP\TPTP-v9.3.1\Problems\SEU\SEU843^5.p","Theorem","0","0.12"
"C:\TPTP\TPTP-v9.3.1\Problems\SEU\SEU845^5.p","Theorem","0","0.11"
"C:\TPTP\TPTP-v9.3.1\Problems\SEU\SEU846^5.p","Theorem","0","0.09"
"C:\TPTP\TPTP-v9.3.1\Problems\SEU\SEU847^5.p","Theorem","0","0.1"
"C:\TPTP\TPTP-v9.3.1\Problems\SEU\SEU848^5.p","Theorem","0","0.1"
"C:\TPTP\TPTP-v9.3.1\Problems\SEU\SEU849^5.p","Theorem","0","0.08"
"C:\TPTP\TPTP-v9.3.1\Problems\SEU\SEU850^5.p","Theorem","0","0.09"
"C:\TPTP\TPTP-v9.3.1\Problems\SEU\SEU851^5.p","Theorem","0","0.1"
"C:\TPTP\TPTP-v9.3.1\Problems\SEU\SEU856^5.p","Theorem","0","0.88"
"C:\TPTP\TPTP-v9.3.1\Problems\SEU\SEU854^5.p","Theorem","0","0.91"
"C:\TPTP\TPTP-v9.3.1\Problems\SEU\SEU853^5.p","Theorem","0","0.92"
"C:\TPTP\TPTP-v9.3.1\Problems\SEU\SEU852^5.p","Theorem","0","0.93"
"C:\TPTP\TPTP-v9.3.1\Problems\SEU\SEU857^5.p","Theorem","0","0.86"
"C:\TPTP\TPTP-v9.3.1\Problems\SEU\SEU858^5.p","Theorem","0","0.85"
"C:\TPTP\TPTP-v9.3.1\Problems\SEU\SEU859^5.p","GaveUp","0","0.84"
"C:\TPTP\TPTP-v9.3.1\Problems\SEU\SEU855^5.p","Theorem","0","0.91"
"C:\TPTP\TPTP-v9.3.1\Problems\SEU\SEU860^5.p","GaveUp","0","0.82"
"C:\TPTP\TPTP-v9.3.1\Problems\SEU\SEU795^2.p","Timeout","0","10.65"
"C:\TPTP\TPTP-v9.3.1\Problems\SEU\SEU861^5.p","GaveUp","0","0.08"
"C:\TPTP\TPTP-v9.3.1\Problems\SEU\SEU862^5.p","GaveUp","0","0.12"
"C:\TPTP\TPTP-v9.3.1\Problems\SEU\SEU865^5.p","GaveUp","0","0.98"
"C:\TPTP\TPTP-v9.3.1\Problems\SEU\SEU864^5.p","Theorem","0","0.98"
"C:\TPTP\TPTP-v9.3.1\Problems\SEU\SEU868^5.p","GaveUp","0","0.96"
"C:\TPTP\TPTP-v9.3.1\Problems\SEU\SEU866^5.p","GaveUp","0","0.97"
"C:\TPTP\TPTP-v9.3.1\Problems\SEU\SEU867^5.p","GaveUp","0","0.97"
"C:\TPTP\TPTP-v9.3.1\Problems\SEU\SEU796^1.p","Timeout","0","10.2"
"C:\TPTP\TPTP-v9.3.1\Problems\SEU\SEU871^5.p","GaveUp","0","1.06"
"C:\TPTP\TPTP-v9.3.1\Problems\SEU\SEU863^5.p","GaveUp","0","1.08"
"C:\TPTP\TPTP-v9.3.1\Problems\SEU\SEU873^5.p","GaveUp","0","1.16"
"C:\TPTP\TPTP-v9.3.1\Problems\SEU\SEU797^1.p","Timeout","0","10.16"
"C:\TPTP\TPTP-v9.3.1\Problems\SEU\SEU875^5.p","GaveUp","0","1.19"
"C:\TPTP\TPTP-v9.3.1\Problems\SEU\SEU876^5.p","GaveUp","0","1.18"
"C:\TPTP\TPTP-v9.3.1\Problems\SEU\SEU802^1.p","Timeout","0","10.14"
"C:\TPTP\TPTP-v9.3.1\Problems\SEU\SEU879^5.p","GaveUp","0","1.47"
"C:\TPTP\TPTP-v9.3.1\Problems\SEU\SEU815^2.p","Theorem","0","5.14"
"C:\TPTP\TPTP-v9.3.1\Problems\SEU\SEU804^1.p","Timeout","0","10.14"
"C:\TPTP\TPTP-v9.3.1\Problems\SEU\SEU804^2.p","Timeout","0","10.09"
"C:\TPTP\TPTP-v9.3.1\Problems\SEU\SEU824^1.p","Theorem","0","4.15"
"C:\TPTP\TPTP-v9.3.1\Problems\SEU\SEU883^5.p","Theorem","0","1.34"
"C:\TPTP\TPTP-v9.3.1\Problems\SEU\SEU886^5.p","Theorem","0","0.45"
"C:\TPTP\TPTP-v9.3.1\Problems\SEU\SEU887^5.p","Theorem","0","0.17"
"C:\TPTP\TPTP-v9.3.1\Problems\SEU\SEU884^5.p","Theorem","0","0.54"
"C:\TPTP\TPTP-v9.3.1\Problems\SEU\SEU885^5.p","Theorem","0","0.54"
"C:\TPTP\TPTP-v9.3.1\Problems\SEU\SEU889^5.p","Theorem","0","0.16"
"C:\TPTP\TPTP-v9.3.1\Problems\SEU\SEU888^5.p","Theorem","0","0.17"
"C:\TPTP\TPTP-v9.3.1\Problems\SEU\SEU890^5.p","Theorem","0","0.09"
"C:\TPTP\TPTP-v9.3.1\Problems\SEU\SEU880^5.p","GaveUp","0","1.64"
"C:\TPTP\TPTP-v9.3.1\Problems\SEU\SEU891^5.p","Theorem","0","0.06"
"C:\TPTP\TPTP-v9.3.1\Problems\SEU\SEU892^5.p","GaveUp","0","0.06"
"C:\TPTP\TPTP-v9.3.1\Problems\SEU\SEU893^5.p","Theorem","0","0.07"
"C:\TPTP\TPTP-v9.3.1\Problems\SEU\SEU894^5.p","GaveUp","0","0.09"
"C:\TPTP\TPTP-v9.3.1\Problems\SEU\SEU895^5.p","Theorem","0","0.09"
"C:\TPTP\TPTP-v9.3.1\Problems\SEU\SEU896^5.p","Theorem","0","0.1"
"C:\TPTP\TPTP-v9.3.1\Problems\SEU\SEU897^5.p","GaveUp","0","0.12"
"C:\TPTP\TPTP-v9.3.1\Problems\SEU\SEU898^5.p","Theorem","0","0.12"
"C:\TPTP\TPTP-v9.3.1\Problems\SEU\SEU899^5.p","Theorem","0","0.13"
"C:\TPTP\TPTP-v9.3.1\Problems\SEU\SEU901^5.p","Theorem","0","0.14"
"C:\TPTP\TPTP-v9.3.1\Problems\SEU\SEU902^5.p","Theorem","0","0.13"
"C:\TPTP\TPTP-v9.3.1\Problems\SEU\SEU903^5.p","Theorem","0","0.13"
"C:\TPTP\TPTP-v9.3.1\Problems\SEU\SEU904^5.p","Theorem","0","0.13"
"C:\TPTP\TPTP-v9.3.1\Problems\SEU\SEU905^5.p","Theorem","0","0.11"
"C:\TPTP\TPTP-v9.3.1\Problems\SEU\SEU805^1.p","Timeout","0","10.32"
"C:\TPTP\TPTP-v9.3.1\Problems\SEU\SEU908^5.p","Theorem","0","2.26"
"C:\TPTP\TPTP-v9.3.1\Problems\SEU\SEU909^5.p","GaveUp","0","2.25"
"C:\TPTP\TPTP-v9.3.1\Problems\SEU\SEU805^2.p","Timeout","0","10.08"
"C:\TPTP\TPTP-v9.3.1\Problems\SEU\SEU912^5.p","GaveUp","0","2.25"
"C:\TPTP\TPTP-v9.3.1\Problems\SEU\SEU911^5.p","GaveUp","0","2.27"
"C:\TPTP\TPTP-v9.3.1\Problems\SEU\SEU806^1.p","Timeout","0","10.17"
"C:\TPTP\TPTP-v9.3.1\Problems\SEU\SEU914^5.p","GaveUp","0","2.55"
"C:\TPTP\TPTP-v9.3.1\Problems\SEU\SEU915^5.p","GaveUp","0","2.54"
"C:\TPTP\TPTP-v9.3.1\Problems\SEU\SEU907^5.p","GaveUp","0","2.65"
"C:\TPTP\TPTP-v9.3.1\Problems\SEU\SEU917^5.p","GaveUp","0","0.49"
"C:\TPTP\TPTP-v9.3.1\Problems\SEU\SEU921^5.p","Theorem","0","0.43"
"C:\TPTP\TPTP-v9.3.1\Problems\SEU\SEU919^5.p","Theorem","0","0.47"
"C:\TPTP\TPTP-v9.3.1\Problems\SEU\SEU918^5.p","GaveUp","0","0.49"
"C:\TPTP\TPTP-v9.3.1\Problems\SEU\SEU922^5.p","Theorem","0","0.38"
"C:\TPTP\TPTP-v9.3.1\Problems\SEU\SEU923^5.p","Theorem","0","0.16"
"C:\TPTP\TPTP-v9.3.1\Problems\SEU\SEU920^5.p","Theorem","0","0.45"
"C:\TPTP\TPTP-v9.3.1\Problems\SEU\SEU924^5.p","GaveUp","0","0.16"
"C:\TPTP\TPTP-v9.3.1\Problems\SEU\SEU925^5.p","Theorem","0","0.15"
"C:\TPTP\TPTP-v9.3.1\Problems\SEU\SEU807^1.p","Timeout","0","10.23"
"C:\TPTP\TPTP-v9.3.1\Problems\SEU\SEU807^2.p","Timeout","0","10.11"
"C:\TPTP\TPTP-v9.3.1\Problems\SEU\SEU928^5.p","Theorem","0","1.22"
"C:\TPTP\TPTP-v9.3.1\Problems\SEU\SEU932^5.p","Theorem","0","1.21"
"C:\TPTP\TPTP-v9.3.1\Problems\SEU\SEU931^5.p","Theorem","0","1.22"
"C:\TPTP\TPTP-v9.3.1\Problems\SEU\SEU933^5.p","GaveUp","0","1.21"
"C:\TPTP\TPTP-v9.3.1\Problems\SEU\SEU930^5.p","Theorem","0","1.22"
"C:\TPTP\TPTP-v9.3.1\Problems\SEU\SEU929^5.p","GaveUp","0","1.22"
"C:\TPTP\TPTP-v9.3.1\Problems\SEU\SEU934^5.p","Theorem","0","1.21"
"C:\TPTP\TPTP-v9.3.1\Problems\SEU\SEU935^5.p","Theorem","0","1.13"
"C:\TPTP\TPTP-v9.3.1\Problems\SEU\SEU936^5.p","Theorem","0","0.62"
"C:\TPTP\TPTP-v9.3.1\Problems\SEU\SEU811^1.p","Timeout","0","10.15"
"C:\TPTP\TPTP-v9.3.1\Problems\SEU\SEU937^5.p","Theorem","0","0.07"
"C:\TPTP\TPTP-v9.3.1\Problems\SEU\SEU938^5.p","GaveUp","0","0.09"
"C:\TPTP\TPTP-v9.3.1\Problems\SEU\SEU940^5.p","GaveUp","0","0.09"
"C:\TPTP\TPTP-v9.3.1\Problems\SEU\SEU939^5.p","GaveUp","0","0.1"
"C:\TPTP\TPTP-v9.3.1\Problems\SEU\SEU942^5.p","GaveUp","0","0.11"
"C:\TPTP\TPTP-v9.3.1\Problems\SEU\SEU941^5.p","Theorem","0","0.12"
"C:\TPTP\TPTP-v9.3.1\Problems\SEU\SEU943^5.p","GaveUp","0","0.12"
"C:\TPTP\TPTP-v9.3.1\Problems\SEU\SEU944^5.p","GaveUp","0","0.12"
"C:\TPTP\TPTP-v9.3.1\Problems\SEU\SEU945^5.p","GaveUp","0","0.12"
"C:\TPTP\TPTP-v9.3.1\Problems\SEU\SEU946^5.p","GaveUp","0","0.09"
"C:\TPTP\TPTP-v9.3.1\Problems\SEU\SEU947^5.p","GaveUp","0","0.11"
"C:\TPTP\TPTP-v9.3.1\Problems\SEU\SEU949^5.p","GaveUp","0","0.42"
"C:\TPTP\TPTP-v9.3.1\Problems\SEU\SEU951^5.p","GaveUp","0","0.38"
"C:\TPTP\TPTP-v9.3.1\Problems\SEU\SEU950^5.p","GaveUp","0","0.39"
"C:\TPTP\TPTP-v9.3.1\Problems\SEU\SEU815^1.p","Timeout","0","10.17"
"C:\TPTP\TPTP-v9.3.1\Problems\SEU\SEU954^5.p","GaveUp","0","1.05"
"C:\TPTP\TPTP-v9.3.1\Problems\SEU\SEU955^5.p","GaveUp","0","1.04"
"C:\TPTP\TPTP-v9.3.1\Problems\SEU\SEU958^5.p","GaveUp","0","1"
"C:\TPTP\TPTP-v9.3.1\Problems\SEU\SEU959^5.p","GaveUp","0","0.67"
"C:\TPTP\TPTP-v9.3.1\Problems\SEU\SEU957^5.p","GaveUp","0","1.02"
"C:\TPTP\TPTP-v9.3.1\Problems\SEU\SEU956^5.p","Theorem","0","1.04"
"C:\TPTP\TPTP-v9.3.1\Problems\SEU\SEU819^1.p","Timeout","0","10.2"
"C:\TPTP\TPTP-v9.3.1\Problems\SEU\SEU820^2.p","Timeout","0","10.07"
"C:\TPTP\TPTP-v9.3.1\Problems\SEU\SEU820^1.p","Timeout","0","10.18"
"C:\TPTP\TPTP-v9.3.1\Problems\SEU\SEU963^5.p","GaveUp","0","0.75"
"C:\TPTP\TPTP-v9.3.1\Problems\SEU\SEU967^5.p","GaveUp","0","0.29"
"C:\TPTP\TPTP-v9.3.1\Problems\SEU\SEU965^5.p","GaveUp","0","0.31"
"C:\TPTP\TPTP-v9.3.1\Problems\SEU\SEU966^5.p","GaveUp","0","0.31"
"C:\TPTP\TPTP-v9.3.1\Problems\SEU\SEU969^5.p","GaveUp","0","0.42"
"C:\TPTP\TPTP-v9.3.1\Problems\SEU\SEU970^5.p","Theorem","0","0.41"
"C:\TPTP\TPTP-v9.3.1\Problems\SEU\SEU971^5.p","GaveUp","0","0.36"
"C:\TPTP\TPTP-v9.3.1\Problems\SEU\SEU823^2.p","Timeout","0","10.18"
"C:\TPTP\TPTP-v9.3.1\Problems\SEU\SEU824^2.p","Timeout","0","10.14"
"C:\TPTP\TPTP-v9.3.1\Problems\SEU\SEU824^3.p","Timeout","0","10.17"
"C:\TPTP\TPTP-v9.3.1\Problems\SEU\SEU825^3.p","Timeout","0","10.15"
"C:\TPTP\TPTP-v9.3.1\Problems\SEU\SEU927^5.p","Theorem","0","3.16"
"C:\TPTP\TPTP-v9.3.1\Problems\SEU\SEU844^5.p","Timeout","0","10.12"
"C:\TPTP\TPTP-v9.3.1\Problems\SEU\SEU968^5.p","GaveUp","0","1.93"
"C:\TPTP\TPTP-v9.3.1\Problems\SEU\SEU869^5.p","Timeout","0","10.14"
"C:\TPTP\TPTP-v9.3.1\Problems\SEU\SEU872^5.p","Timeout","0","10.13"
"C:\TPTP\TPTP-v9.3.1\Problems\SEU\SEU948^5.p","GaveUp","0","3.75"
"C:\TPTP\TPTP-v9.3.1\Problems\SEU\SEU874^5.p","Timeout","0","10.06"
"C:\TPTP\TPTP-v9.3.1\Problems\SEU\SEU984^5.p","GaveUp","0","2.25"
"C:\TPTP\TPTP-v9.3.1\Problems\SEU\SEU985^5.p","GaveUp","0","2.23"
"C:\TPTP\TPTP-v9.3.1\Problems\SEU\SEU877^5.p","Timeout","0","10.09"
"C:\TPTP\TPTP-v9.3.1\Problems\SEU\SEU987^5.p","GaveUp","0","2"
"C:\TPTP\TPTP-v9.3.1\Problems\SEU\SEU989^5.p","GaveUp","0","0.93"
"C:\TPTP\TPTP-v9.3.1\Problems\SEU\SEU988^5.p","GaveUp","0","0.99"
"C:\TPTP\TPTP-v9.3.1\Problems\SEU\SEU990^5.p","GaveUp","0","0.86"
"C:\TPTP\TPTP-v9.3.1\Problems\SEU\SEU991^5.p","GaveUp","0","0.33"
"C:\TPTP\TPTP-v9.3.1\Problems\SEU\SEU878^5.p","Timeout","0","10.11"
"C:\TPTP\TPTP-v9.3.1\Problems\SEU\SEU992^5.p","GaveUp","0","0.07"
"C:\TPTP\TPTP-v9.3.1\Problems\SEU\SEU993^5.p","GaveUp","0","0.07"
"C:\TPTP\TPTP-v9.3.1\Problems\SEU\SEU994^5.p","CounterSatisfiable","0","0.07"
"C:\TPTP\TPTP-v9.3.1\Problems\SEU\SEU881^5.p","Timeout","0","10.07"
"C:\TPTP\TPTP-v9.3.1\Problems\SEU\SEU996^5.p","Theorem","0","0.09"
"C:\TPTP\TPTP-v9.3.1\Problems\SEU\SEU998^5.p","Theorem","0","0.12"
"C:\TPTP\TPTP-v9.3.1\Problems\SEU\SEU999^5.p","Theorem","0","0.12"
"C:\TPTP\TPTP-v9.3.1\Problems\SEU\SEU997^5.p","Theorem","0","0.13"
"C:\TPTP\TPTP-v9.3.1\Problems\SEV\SEV002^5.p","Theorem","0","0.25"
"C:\TPTP\TPTP-v9.3.1\Problems\SEV\SEV001^5.p","Theorem","0","0.26"
"C:\TPTP\TPTP-v9.3.1\Problems\SEU\SEU882^5.p","Timeout","0","10.06"
"C:\TPTP\TPTP-v9.3.1\Problems\SEU\SEU906^5.p","Timeout","0","10.12"
"C:\TPTP\TPTP-v9.3.1\Problems\SEV\SEV006^5.p","Theorem","0","1.82"
"C:\TPTP\TPTP-v9.3.1\Problems\SEU\SEU913^5.p","Timeout","0","10.11"
"C:\TPTP\TPTP-v9.3.1\Problems\SEU\SEU910^5.p","Timeout","0","10.15"
"C:\TPTP\TPTP-v9.3.1\Problems\SEV\SEV005^5.p","Theorem","0","1.96"
"C:\TPTP\TPTP-v9.3.1\Problems\SEV\SEV000^5.p","Theorem","0","2.2"
"C:\TPTP\TPTP-v9.3.1\Problems\SEU\SEU916^5.p","Timeout","0","10.14"
"C:\TPTP\TPTP-v9.3.1\Problems\SEV\SEV010^5.p","GaveUp","0","3.46"
"C:\TPTP\TPTP-v9.3.1\Problems\SEV\SEV018^5.p","GaveUp","0","1.53"
"C:\TPTP\TPTP-v9.3.1\Problems\SEV\SEV017^5.p","Theorem","0","1.71"
"C:\TPTP\TPTP-v9.3.1\Problems\SEV\SEV016^5.p","GaveUp","0","1.8"
"C:\TPTP\TPTP-v9.3.1\Problems\SEV\SEV012^5.p","Theorem","0","3.43"
"C:\TPTP\TPTP-v9.3.1\Problems\SEV\SEV015^5.p","Theorem","0","1.81"
"C:\TPTP\TPTP-v9.3.1\Problems\SEV\SEV014^5.p","Theorem","0","1.82"
"C:\TPTP\TPTP-v9.3.1\Problems\SEV\SEV013^5.p","Theorem","0","1.89"
"C:\TPTP\TPTP-v9.3.1\Problems\SEU\SEU995^5.p","GaveUp","0","3.76"
"C:\TPTP\TPTP-v9.3.1\Problems\SEV\SEV021^5.p","GaveUp","0","0.82"
"C:\TPTP\TPTP-v9.3.1\Problems\SEV\SEV020^5.p","GaveUp","0","0.82"
"C:\TPTP\TPTP-v9.3.1\Problems\SEU\SEU926^5.p","Timeout","0","10.05"
"C:\TPTP\TPTP-v9.3.1\Problems\SEU\SEU953^5.p","Timeout","0","10.09"
"C:\TPTP\TPTP-v9.3.1\Problems\SEV\SEV023^5.p","GaveUp","0","2.27"
"C:\TPTP\TPTP-v9.3.1\Problems\SEV\SEV027^5.p","GaveUp","0","1.45"
"C:\TPTP\TPTP-v9.3.1\Problems\SEV\SEV026^5.p","GaveUp","0","2.26"
"C:\TPTP\TPTP-v9.3.1\Problems\SEV\SEV022^5.p","GaveUp","0","2.27"
"C:\TPTP\TPTP-v9.3.1\Problems\SEV\SEV025^5.p","GaveUp","0","2.26"
"C:\TPTP\TPTP-v9.3.1\Problems\SEV\SEV024^5.p","GaveUp","0","2.27"
"C:\TPTP\TPTP-v9.3.1\Problems\SEV\SEV021^6.p","GaveUp","0","2.28"
"C:\TPTP\TPTP-v9.3.1\Problems\SEV\SEV029^5.p","CounterSatisfiable","0","1.75"
"C:\TPTP\TPTP-v9.3.1\Problems\SEV\SEV031^5.p","Theorem","0","0.3"
"C:\TPTP\TPTP-v9.3.1\Problems\SEV\SEV030^5.p","GaveUp","0","0.31"
"C:\TPTP\TPTP-v9.3.1\Problems\SEV\SEV021^7.p","GaveUp","0","2.59"
"C:\TPTP\TPTP-v9.3.1\Problems\SEV\SEV034^5.p","Theorem","0","0.31"
"C:\TPTP\TPTP-v9.3.1\Problems\SEV\SEV035^5.p","GaveUp","0","0.31"
"C:\TPTP\TPTP-v9.3.1\Problems\SEV\SEV033^5.p","GaveUp","0","0.32"
"C:\TPTP\TPTP-v9.3.1\Problems\SEV\SEV037^5.p","Theorem","0","0.31"
"C:\TPTP\TPTP-v9.3.1\Problems\SEV\SEV038^5.p","GaveUp","0","0.31"
"C:\TPTP\TPTP-v9.3.1\Problems\SEU\SEU961^5.p","Timeout","0","10.07"
"C:\TPTP\TPTP-v9.3.1\Problems\SEU\SEU960^5.p","Timeout","0","10.1"
"C:\TPTP\TPTP-v9.3.1\Problems\SEV\SEV039^5.p","GaveUp","0","0.07"
"C:\TPTP\TPTP-v9.3.1\Problems\SEV\SEV040^5.p","Theorem","0","0.08"
"C:\TPTP\TPTP-v9.3.1\Problems\SEV\SEV042^5.p","GaveUp","0","0.09"
"C:\TPTP\TPTP-v9.3.1\Problems\SEV\SEV043^5.p","Theorem","0","0.09"
"C:\TPTP\TPTP-v9.3.1\Problems\SEV\SEV045^5.p","Theorem","0","0.11"
"C:\TPTP\TPTP-v9.3.1\Problems\SEV\SEV044^5.p","Theorem","0","0.11"
"C:\TPTP\TPTP-v9.3.1\Problems\SEV\SEV041^5.p","Theorem","0","0.13"
"C:\TPTP\TPTP-v9.3.1\Problems\SEV\SEV047^5.p","Theorem","0","0.12"
"C:\TPTP\TPTP-v9.3.1\Problems\SEV\SEV046^5.p","Theorem","0","0.12"
"C:\TPTP\TPTP-v9.3.1\Problems\SEV\SEV048^5.p","GaveUp","0","0.13"
"C:\TPTP\TPTP-v9.3.1\Problems\SEV\SEV049^5.p","GaveUp","0","0.12"
"C:\TPTP\TPTP-v9.3.1\Problems\SEV\SEV051^5.p","Theorem","0","0.12"
"C:\TPTP\TPTP-v9.3.1\Problems\SEV\SEV055^5.p","Theorem","0","0.07"
"C:\TPTP\TPTP-v9.3.1\Problems\SEV\SEV052^5.p","GaveUp","0","0.13"
"C:\TPTP\TPTP-v9.3.1\Problems\SEV\SEV053^5.p","Theorem","0","0.1"
"C:\TPTP\TPTP-v9.3.1\Problems\SEV\SEV050^5.p","GaveUp","0","0.18"
"C:\TPTP\TPTP-v9.3.1\Problems\SEV\SEV056^5.p","GaveUp","0","0.13"
"C:\TPTP\TPTP-v9.3.1\Problems\SEV\SEV057^5.p","GaveUp","0","0.13"
"C:\TPTP\TPTP-v9.3.1\Problems\SEV\SEV058^5.p","GaveUp","0","0.15"
"C:\TPTP\TPTP-v9.3.1\Problems\SEV\SEV059^5.p","Theorem","0","0.14"
"C:\TPTP\TPTP-v9.3.1\Problems\SEV\SEV060^5.p","Theorem","0","0.14"
"C:\TPTP\TPTP-v9.3.1\Problems\SEV\SEV061^5.p","Theorem","0","0.12"
"C:\TPTP\TPTP-v9.3.1\Problems\SEV\SEV062^5.p","Theorem","0","0.14"
"C:\TPTP\TPTP-v9.3.1\Problems\SEV\SEV063^5.p","Theorem","0","0.13"
"C:\TPTP\TPTP-v9.3.1\Problems\SEV\SEV064^5.p","GaveUp","0","0.14"
"C:\TPTP\TPTP-v9.3.1\Problems\SEV\SEV065^5.p","Theorem","0","0.12"
"C:\TPTP\TPTP-v9.3.1\Problems\SEV\SEV067^5.p","Theorem","0","0.13"
"C:\TPTP\TPTP-v9.3.1\Problems\SEV\SEV066^5.p","GaveUp","0","0.15"
"C:\TPTP\TPTP-v9.3.1\Problems\SEV\SEV068^5.p","GaveUp","0","0.15"
"C:\TPTP\TPTP-v9.3.1\Problems\SEV\SEV069^6.p","GaveUp","0","0.14"
"C:\TPTP\TPTP-v9.3.1\Problems\SEV\SEV070^5.p","Theorem","0","0.13"
"C:\TPTP\TPTP-v9.3.1\Problems\SEV\SEV072^5.p","GaveUp","0","0.12"
"C:\TPTP\TPTP-v9.3.1\Problems\SEV\SEV071^5.p","GaveUp","0","0.14"
"C:\TPTP\TPTP-v9.3.1\Problems\SEV\SEV074^5.p","GaveUp","0","0.12"
"C:\TPTP\TPTP-v9.3.1\Problems\SEV\SEV079^5.p","Theorem","0","0.07"
"C:\TPTP\TPTP-v9.3.1\Problems\SEV\SEV075^5.p","GaveUp","0","0.15"
"C:\TPTP\TPTP-v9.3.1\Problems\SEV\SEV080^5.p","GaveUp","0","0.09"
"C:\TPTP\TPTP-v9.3.1\Problems\SEV\SEV081^5.p","GaveUp","0","0.11"
"C:\TPTP\TPTP-v9.3.1\Problems\SEV\SEV082^5.p","GaveUp","0","0.1"
"C:\TPTP\TPTP-v9.3.1\Problems\SEV\SEV083^5.p","GaveUp","0","0.11"
"C:\TPTP\TPTP-v9.3.1\Problems\SEV\SEV084^5.p","GaveUp","0","0.11"
"C:\TPTP\TPTP-v9.3.1\Problems\SEV\SEV085^5.p","GaveUp","0","0.13"
"C:\TPTP\TPTP-v9.3.1\Problems\SEV\SEV086^5.p","GaveUp","0","0.14"
"C:\TPTP\TPTP-v9.3.1\Problems\SEV\SEV087^5.p","GaveUp","0","0.12"
"C:\TPTP\TPTP-v9.3.1\Problems\SEV\SEV088^5.p","GaveUp","0","0.09"
"C:\TPTP\TPTP-v9.3.1\Problems\SEV\SEV090^5.p","GaveUp","0","0.1"
"C:\TPTP\TPTP-v9.3.1\Problems\SEV\SEV089^5.p","GaveUp","0","0.12"
"C:\TPTP\TPTP-v9.3.1\Problems\SEV\SEV091^5.p","Theorem","0","0.12"
"C:\TPTP\TPTP-v9.3.1\Problems\SEV\SEV094^5.p","GaveUp","0","0.14"
"C:\TPTP\TPTP-v9.3.1\Problems\SEV\SEV095^5.p","GaveUp","0","0.12"
"C:\TPTP\TPTP-v9.3.1\Problems\SEV\SEV097^5.p","Theorem","0","0.12"
"C:\TPTP\TPTP-v9.3.1\Problems\SEV\SEV096^5.p","Theorem","0","0.14"
"C:\TPTP\TPTP-v9.3.1\Problems\SEU\SEU972^5.p","Timeout","0","10.06"
"C:\TPTP\TPTP-v9.3.1\Problems\SEV\SEV098^5.p","GaveUp","0","0.14"
"C:\TPTP\TPTP-v9.3.1\Problems\SEV\SEV099^5.p","GaveUp","0","0.13"
"C:\TPTP\TPTP-v9.3.1\Problems\SEU\SEU973^5.p","Timeout","0","10.04"
"C:\TPTP\TPTP-v9.3.1\Problems\SEV\SEV100^5.p","GaveUp","0","0.15"
"C:\TPTP\TPTP-v9.3.1\Problems\SEV\SEV101^5.p","GaveUp","0","0.1"
"C:\TPTP\TPTP-v9.3.1\Problems\SEV\SEV103^5.p","GaveUp","0","0.1"
"C:\TPTP\TPTP-v9.3.1\Problems\SEV\SEV104^5.p","Theorem","0","0.09"
"C:\TPTP\TPTP-v9.3.1\Problems\SEV\SEV106^5.p","GaveUp","0","0.09"
"C:\TPTP\TPTP-v9.3.1\Problems\SEV\SEV107^5.p","Theorem","0","0.08"
"C:\TPTP\TPTP-v9.3.1\Problems\SEV\SEV105^5.p","GaveUp","0","0.12"
"C:\TPTP\TPTP-v9.3.1\Problems\SEV\SEV109^5.p","Theorem","0","0.07"
"C:\TPTP\TPTP-v9.3.1\Problems\SEV\SEV108^5.p","Theorem","0","0.08"
"C:\TPTP\TPTP-v9.3.1\Problems\SEU\SEU974^5.p","Timeout","0","10.2"
"C:\TPTP\TPTP-v9.3.1\Problems\SEV\SEV113^5.p","GaveUp","0","0.09"
"C:\TPTP\TPTP-v9.3.1\Problems\SEU\SEU976^5.p","Timeout","0","10.06"
"C:\TPTP\TPTP-v9.3.1\Problems\SEV\SEV114^5.p","GaveUp","0","0.11"
"C:\TPTP\TPTP-v9.3.1\Problems\SEV\SEV115^5.p","GaveUp","0","0.1"
"C:\TPTP\TPTP-v9.3.1\Problems\SEV\SEV116^5.p","Theorem","0","0.07"
"C:\TPTP\TPTP-v9.3.1\Problems\SEV\SEV117^5.p","GaveUp","0","0.09"
"C:\TPTP\TPTP-v9.3.1\Problems\SEV\SEV118^5.p","GaveUp","0","0.11"
"C:\TPTP\TPTP-v9.3.1\Problems\SEV\SEV120^5.p","Theorem","0","0.09"
"C:\TPTP\TPTP-v9.3.1\Problems\SEV\SEV121^5.p","Theorem","0","0.1"
"C:\TPTP\TPTP-v9.3.1\Problems\SEV\SEV122^5.p","Theorem","0","0.11"
"C:\TPTP\TPTP-v9.3.1\Problems\SEV\SEV123^5.p","Theorem","0","0.11"
"C:\TPTP\TPTP-v9.3.1\Problems\SEU\SEU975^5.p","Timeout","0","10.19"
"C:\TPTP\TPTP-v9.3.1\Problems\SEV\SEV126^5.p","Theorem","0","0.1"
"C:\TPTP\TPTP-v9.3.1\Problems\SEU\SEU977^5.p","Timeout","0","10.22"
"C:\TPTP\TPTP-v9.3.1\Problems\SEV\SEV127^5.p","Theorem","0","0.11"
"C:\TPTP\TPTP-v9.3.1\Problems\SEV\SEV128^5.p","Theorem","0","0.12"
"C:\TPTP\TPTP-v9.3.1\Problems\SEV\SEV131^5.p","Theorem","0","0.11"
"C:\TPTP\TPTP-v9.3.1\Problems\SEV\SEV132^5.p","GaveUp","0","0.11"
"C:\TPTP\TPTP-v9.3.1\Problems\SEV\SEV134^5.p","Theorem","0","0.09"
"C:\TPTP\TPTP-v9.3.1\Problems\SEU\SEU978^5.p","Timeout","0","10.18"
"C:\TPTP\TPTP-v9.3.1\Problems\SEU\SEU979^5.p","Timeout","0","10.18"
"C:\TPTP\TPTP-v9.3.1\Problems\SEV\SEV135^5.p","Theorem","0","0.1"
"C:\TPTP\TPTP-v9.3.1\Problems\SEV\SEV136^5.p","Theorem","0","0.12"
"C:\TPTP\TPTP-v9.3.1\Problems\SEV\SEV137^5.p","Theorem","0","0.11"
"C:\TPTP\TPTP-v9.3.1\Problems\SEU\SEU980^6.p","Timeout","0","10.22"
"C:\TPTP\TPTP-v9.3.1\Problems\SEV\SEV138^5.p","Theorem","0","0.09"
"C:\TPTP\TPTP-v9.3.1\Problems\SEV\SEV140^5.p","Theorem","0","0.06"
"C:\TPTP\TPTP-v9.3.1\Problems\SEV\SEV146^5.p","Theorem","0","0.08"
"C:\TPTP\TPTP-v9.3.1\Problems\SEV\SEV148^5.p","Theorem","0","0.1"
"C:\TPTP\TPTP-v9.3.1\Problems\SEU\SEU986^5.p","Timeout","0","10.07"
"C:\TPTP\TPTP-v9.3.1\Problems\SEV\SEV149^5.p","Theorem","0","0.12"
"C:\TPTP\TPTP-v9.3.1\Problems\SEV\SEV152^5.p","Theorem","0","0.12"
"C:\TPTP\TPTP-v9.3.1\Problems\SEU\SEU982^5.p","Timeout","0","10.24"
"C:\TPTP\TPTP-v9.3.1\Problems\SEV\SEV153^5.p","Theorem","0","0.12"
"C:\TPTP\TPTP-v9.3.1\Problems\SEU\SEU983^5.p","Timeout","0","10.21"
"C:\TPTP\TPTP-v9.3.1\Problems\SEV\SEV154^5.p","Theorem","0","0.11"
"C:\TPTP\TPTP-v9.3.1\Problems\SEV\SEV155^5.p","Theorem","0","0.11"
"C:\TPTP\TPTP-v9.3.1\Problems\SEV\SEV157^5.p","Theorem","0","0.09"
"C:\TPTP\TPTP-v9.3.1\Problems\SEV\SEV156^5.p","Theorem","0","0.11"
"C:\TPTP\TPTP-v9.3.1\Problems\SEV\SEV159^5.p","Theorem","0","0.08"
"C:\TPTP\TPTP-v9.3.1\Problems\SEV\SEV158^5.p","GaveUp","0","0.11"
"C:\TPTP\TPTP-v9.3.1\Problems\SEV\SEV160^5.p","Theorem","0","0.09"
"C:\TPTP\TPTP-v9.3.1\Problems\SEV\SEV161^5.p","Theorem","0","0.1"
"C:\TPTP\TPTP-v9.3.1\Problems\SEV\SEV163^5.p","Theorem","0","0.08"
"C:\TPTP\TPTP-v9.3.1\Problems\SEV\SEV162^5.p","GaveUp","0","0.12"
"C:\TPTP\TPTP-v9.3.1\Problems\SEV\SEV164^5.p","GaveUp","0","0.1"
"C:\TPTP\TPTP-v9.3.1\Problems\SEV\SEV165^5.p","GaveUp","0","0.11"
"C:\TPTP\TPTP-v9.3.1\Problems\SEV\SEV166^5.p","GaveUp","0","0.11"
"C:\TPTP\TPTP-v9.3.1\Problems\SEV\SEV168^5.p","Theorem","0","0.11"
"C:\TPTP\TPTP-v9.3.1\Problems\SEV\SEV169^5.p","Theorem","0","0.1"
"C:\TPTP\TPTP-v9.3.1\Problems\SEV\SEV167^5.p","GaveUp","0","0.14"
"C:\TPTP\TPTP-v9.3.1\Problems\SEV\SEV171^5.p","GaveUp","0","0.08"
"C:\TPTP\TPTP-v9.3.1\Problems\SEV\SEV170^5.p","GaveUp","0","0.16"
"C:\TPTP\TPTP-v9.3.1\Problems\SEV\SEV175^5.p","Theorem","0","0.1"
"C:\TPTP\TPTP-v9.3.1\Problems\SEV\SEV174^5.p","GaveUp","0","0.13"
"C:\TPTP\TPTP-v9.3.1\Problems\SEV\SEV176^5.p","Theorem","0","0.1"
"C:\TPTP\TPTP-v9.3.1\Problems\SEV\SEV177^5.p","Theorem","0","0.12"
"C:\TPTP\TPTP-v9.3.1\Problems\SEV\SEV179^5.p","Theorem","0","0.08"
"C:\TPTP\TPTP-v9.3.1\Problems\SEV\SEV180^5.p","CounterSatisfiable","0","0.07"
"C:\TPTP\TPTP-v9.3.1\Problems\SEV\SEV172^5.p","GaveUp","0","0.19"
"C:\TPTP\TPTP-v9.3.1\Problems\SEV\SEV181^5.p","Theorem","0","0.07"
"C:\TPTP\TPTP-v9.3.1\Problems\SEV\SEV182^5.p","GaveUp","0","0.11"
"C:\TPTP\TPTP-v9.3.1\Problems\SEV\SEV186^5.p","Theorem","0","0.08"
"C:\TPTP\TPTP-v9.3.1\Problems\SEV\SEV185^5.p","Theorem","0","0.1"
"C:\TPTP\TPTP-v9.3.1\Problems\SEV\SEV188^5.p","Theorem","0","0.08"
"C:\TPTP\TPTP-v9.3.1\Problems\SEV\SEV187^5.p","Theorem","0","0.14"
"C:\TPTP\TPTP-v9.3.1\Problems\SEV\SEV191^5.p","Theorem","0","0.08"
"C:\TPTP\TPTP-v9.3.1\Problems\SEV\SEV192^5.p","Theorem","0","0.15"
"C:\TPTP\TPTP-v9.3.1\Problems\SEV\SEV194^5.p","Theorem","0","0.11"
"C:\TPTP\TPTP-v9.3.1\Problems\SEV\SEV196^5.p","Theorem","0","0.76"
"C:\TPTP\TPTP-v9.3.1\Problems\SEV\SEV119^5.p","Theorem","0","2.05"
"C:\TPTP\TPTP-v9.3.1\Problems\SEV\SEV197^5.p","Theorem","0","0.19"
"C:\TPTP\TPTP-v9.3.1\Problems\SEV\SEV198^5.p","GaveUp","0","0.19"
"C:\TPTP\TPTP-v9.3.1\Problems\SEV\SEV200^5.p","Theorem","0","0.49"
"C:\TPTP\TPTP-v9.3.1\Problems\SEV\SEV003^5.p","Timeout","0","10.14"
"C:\TPTP\TPTP-v9.3.1\Problems\SEV\SEV004^5.p","Timeout","0","10.16"
"C:\TPTP\TPTP-v9.3.1\Problems\SEV\SEV008^5.p","Timeout","0","10.1"
"C:\TPTP\TPTP-v9.3.1\Problems\SEV\SEV009^5.p","Timeout","0","10.1"
"C:\TPTP\TPTP-v9.3.1\Problems\SEV\SEV007^5.p","Timeout","0","10.17"
"C:\TPTP\TPTP-v9.3.1\Problems\SEV\SEV011^5.p","Timeout","0","10.07"
"C:\TPTP\TPTP-v9.3.1\Problems\SEV\SEV206^5.p","GaveUp","0","0.13"
"C:\TPTP\TPTP-v9.3.1\Problems\SEV\SEV207^5.p","GaveUp","0","0.17"
"C:\TPTP\TPTP-v9.3.1\Problems\SEV\SEV208^5.p","Theorem","0","0.14"
"C:\TPTP\TPTP-v9.3.1\Problems\SEV\SEV210^5.p","Theorem","0","0.16"
"C:\TPTP\TPTP-v9.3.1\Problems\SEV\SEV212^5.p","Theorem","0","0.1"
"C:\TPTP\TPTP-v9.3.1\Problems\SEV\SEV214^5.p","Theorem","0","2.32"
"C:\TPTP\TPTP-v9.3.1\Problems\SEV\SEV019^5.p","Timeout","0","10.06"
"C:\TPTP\TPTP-v9.3.1\Problems\SEV\SEV215^5.p","GaveUp","0","0.11"
"C:\TPTP\TPTP-v9.3.1\Problems\SEV\SEV211^5.p","GaveUp","0","3.17"
"C:\TPTP\TPTP-v9.3.1\Problems\SEV\SEV183^5.p","GaveUp","0","5.48"
"C:\TPTP\TPTP-v9.3.1\Problems\SEV\SEV218^5.p","Theorem","0","0.13"
"C:\TPTP\TPTP-v9.3.1\Problems\SEV\SEV220^5.p","Theorem","0","0.67"
"C:\TPTP\TPTP-v9.3.1\Problems\SEV\SEV141^5.p","GaveUp","0","6.77"
"C:\TPTP\TPTP-v9.3.1\Problems\SEV\SEV221^5.p","GaveUp","0","0.09"
"C:\TPTP\TPTP-v9.3.1\Problems\SEV\SEV028^5.p","Timeout","0","10.05"
"C:\TPTP\TPTP-v9.3.1\Problems\SEV\SEV224^5.p","GaveUp","0","1.46"
"C:\TPTP\TPTP-v9.3.1\Problems\SEV\SEV032^5.p","Timeout","0","10.09"
"C:\TPTP\TPTP-v9.3.1\Problems\SEV\SEV225^5.p","Theorem","0","0.1"
"C:\TPTP\TPTP-v9.3.1\Problems\SEV\SEV227^5.p","Theorem","0","0.32"
"C:\TPTP\TPTP-v9.3.1\Problems\SEV\SEV054^5.p","Timeout","0","10.1"
"C:\TPTP\TPTP-v9.3.1\Problems\SEV\SEV229^5.p","Theorem","0","0.07"
"C:\TPTP\TPTP-v9.3.1\Problems\SEV\SEV228^5.p","Theorem","0","0.08"
"C:\TPTP\TPTP-v9.3.1\Problems\SEV\SEV230^5.p","Theorem","0","0.07"
"C:\TPTP\TPTP-v9.3.1\Problems\SEV\SEV231^5.p","Theorem","0","0.08"
"C:\TPTP\TPTP-v9.3.1\Problems\SEV\SEV232^5.p","Theorem","0","0.07"
"C:\TPTP\TPTP-v9.3.1\Problems\SEV\SEV076^5.p","Timeout","0","10.12"
"C:\TPTP\TPTP-v9.3.1\Problems\SEV\SEV233^5.p","Theorem","0","0.06"
"C:\TPTP\TPTP-v9.3.1\Problems\SEV\SEV235^5.p","Theorem","0","0.09"
"C:\TPTP\TPTP-v9.3.1\Problems\SEV\SEV236^5.p","Theorem","0","0.08"
"C:\TPTP\TPTP-v9.3.1\Problems\SEV\SEV092^5.p","Timeout","0","10.11"
"C:\TPTP\TPTP-v9.3.1\Problems\SEV\SEV093^5.p","Timeout","0","10.14"
"C:\TPTP\TPTP-v9.3.1\Problems\SEV\SEV240^5.p","Theorem","0","0.09"
"C:\TPTP\TPTP-v9.3.1\Problems\SEV\SEV241^5.p","Theorem","0","0.06"
"C:\TPTP\TPTP-v9.3.1\Problems\SEV\SEV102^5.p","Timeout","0","10.17"
"C:\TPTP\TPTP-v9.3.1\Problems\SEV\SEV238^5.p","Theorem","0","0.3"
"C:\TPTP\TPTP-v9.3.1\Problems\SEV\SEV242^5.p","Theorem","0","0.09"
"C:\TPTP\TPTP-v9.3.1\Problems\SEV\SEV243^5.p","GaveUp","0","0.1"
"C:\TPTP\TPTP-v9.3.1\Problems\SEV\SEV125^5.p","Timeout","0","10.09"
"C:\TPTP\TPTP-v9.3.1\Problems\SEV\SEV245^5.p","Theorem","0","0.08"
"C:\TPTP\TPTP-v9.3.1\Problems\SEV\SEV124^5.p","Timeout","0","10.1"
"C:\TPTP\TPTP-v9.3.1\Problems\SEV\SEV244^6.p","GaveUp","0","0.16"
"C:\TPTP\TPTP-v9.3.1\Problems\SEV\SEV245^6.p","Theorem","0","0.09"
"C:\TPTP\TPTP-v9.3.1\Problems\SEV\SEV129^5.p","Timeout","0","10.15"
"C:\TPTP\TPTP-v9.3.1\Problems\SEV\SEV133^5.p","Timeout","0","10.1"
"C:\TPTP\TPTP-v9.3.1\Problems\SEV\SEV246^5.p","GaveUp","0","0.07"
"C:\TPTP\TPTP-v9.3.1\Problems\SEV\SEV130^5.p","Timeout","0","10.15"
"C:\TPTP\TPTP-v9.3.1\Problems\SEV\SEV246^6.p","GaveUp","0","0.08"
"C:\TPTP\TPTP-v9.3.1\Problems\SEV\SEV248^5.p","GaveUp","0","0.07"
"C:\TPTP\TPTP-v9.3.1\Problems\SEV\SEV249^5.p","GaveUp","0","0.11"
"C:\TPTP\TPTP-v9.3.1\Problems\SEV\SEV251^5.p","CounterSatisfiable","0","0.07"
"C:\TPTP\TPTP-v9.3.1\Problems\SEV\SEV250^5.p","GaveUp","0","0.13"
"C:\TPTP\TPTP-v9.3.1\Problems\SEV\SEV143^5.p","Timeout","0","10.06"
"C:\TPTP\TPTP-v9.3.1\Problems\SEV\SEV252^5.p","GaveUp","0","0.11"
"C:\TPTP\TPTP-v9.3.1\Problems\SEV\SEV144^5.p","Timeout","0","10.07"
"C:\TPTP\TPTP-v9.3.1\Problems\SEV\SEV258^5.p","Theorem","0","0.08"
"C:\TPTP\TPTP-v9.3.1\Problems\SEV\SEV259^5.p","Theorem","0","0.08"
"C:\TPTP\TPTP-v9.3.1\Problems\SEV\SEV150^5.p","Timeout","0","10.1"
"C:\TPTP\TPTP-v9.3.1\Problems\SEV\SEV254^5.p","Theorem","0","0.17"
"C:\TPTP\TPTP-v9.3.1\Problems\SEV\SEV261^5.p","Theorem","0","0.09"
"C:\TPTP\TPTP-v9.3.1\Problems\SEV\SEV260^5.p","GaveUp","0","0.15"
"C:\TPTP\TPTP-v9.3.1\Problems\SEV\SEV256^5.p","GaveUp","0","0.34"
"C:\TPTP\TPTP-v9.3.1\Problems\SEV\SEV267^5.p","GaveUp","0","0.16"
"C:\TPTP\TPTP-v9.3.1\Problems\SEV\SEV270^5.p","GaveUp","0","0.09"
"C:\TPTP\TPTP-v9.3.1\Problems\SEV\SEV173^5.p","Timeout","0","10.09"
"C:\TPTP\TPTP-v9.3.1\Problems\SEV\SEV264^5.p","GaveUp","0","0.37"
"C:\TPTP\TPTP-v9.3.1\Problems\SEV\SEV271^5.p","GaveUp","0","0.22"
"C:\TPTP\TPTP-v9.3.1\Problems\SEV\SEV273^5.p","GaveUp","0","0.09"
"C:\TPTP\TPTP-v9.3.1\Problems\SEV\SEV274^5.p","GaveUp","0","0.08"
"C:\TPTP\TPTP-v9.3.1\Problems\SEV\SEV184^5.p","Timeout","0","10.1"
"C:\TPTP\TPTP-v9.3.1\Problems\SEV\SEV275^5.p","GaveUp","0","0.12"
"C:\TPTP\TPTP-v9.3.1\Problems\SEV\SEV276^5.p","GaveUp","0","0.1"
"C:\TPTP\TPTP-v9.3.1\Problems\SEV\SEV190^5.p","Timeout","0","10.08"
"C:\TPTP\TPTP-v9.3.1\Problems\SEV\SEV189^5.p","Timeout","0","10.09"
"C:\TPTP\TPTP-v9.3.1\Problems\SEV\SEV277^5.p","GaveUp","0","0.08"
"C:\TPTP\TPTP-v9.3.1\Problems\SEV\SEV278^5.p","GaveUp","0","0.1"
"C:\TPTP\TPTP-v9.3.1\Problems\SEV\SEV279^5.p","GaveUp","0","0.1"
"C:\TPTP\TPTP-v9.3.1\Problems\SEV\SEV280^5.p","GaveUp","0","0.09"
"C:\TPTP\TPTP-v9.3.1\Problems\SEV\SEV193^5.p","Timeout","0","10.12"
"C:\TPTP\TPTP-v9.3.1\Problems\SEV\SEV282^5.p","Theorem","0","0.11"
"C:\TPTP\TPTP-v9.3.1\Problems\SEV\SEV285^5.p","Theorem","0","0.08"
"C:\TPTP\TPTP-v9.3.1\Problems\SEV\SEV286^5.p","Theorem","0","0.07"
"C:\TPTP\TPTP-v9.3.1\Problems\SEV\SEV195^5.p","Timeout","0","10.05"
"C:\TPTP\TPTP-v9.3.1\Problems\SEV\SEV288^5.p","Theorem","0","0.07"
"C:\TPTP\TPTP-v9.3.1\Problems\SEV\SEV290^5.p","Theorem","0","0.1"
"C:\TPTP\TPTP-v9.3.1\Problems\SEV\SEV292^5.p","GaveUp","0","0.1"
"C:\TPTP\TPTP-v9.3.1\Problems\SEV\SEV293^5.p","GaveUp","0","0.09"
"C:\TPTP\TPTP-v9.3.1\Problems\SEV\SEV265^5.p","GaveUp","0","0.92"
"C:\TPTP\TPTP-v9.3.1\Problems\SEV\SEV234^5.p","GaveUp","0","1.88"
"C:\TPTP\TPTP-v9.3.1\Problems\SEV\SEV291^5.p","GaveUp","0","0.19"
"C:\TPTP\TPTP-v9.3.1\Problems\SEV\SEV262^5.p","GaveUp","0","1.09"
"C:\TPTP\TPTP-v9.3.1\Problems\SEV\SEV300^5.p","GaveUp","0","0.08"
"C:\TPTP\TPTP-v9.3.1\Problems\SEV\SEV266^5.p","GaveUp","0","1.18"
"C:\TPTP\TPTP-v9.3.1\Problems\SEV\SEV302^5.p","GaveUp","0","0.18"
"C:\TPTP\TPTP-v9.3.1\Problems\SEV\SEV303^5.p","GaveUp","0","0.17"
"C:\TPTP\TPTP-v9.3.1\Problems\SEV\SEV305^5.p","GaveUp","0","0.11"
"C:\TPTP\TPTP-v9.3.1\Problems\SEV\SEV304^5.p","CounterSatisfiable","0","0.15"
"C:\TPTP\TPTP-v9.3.1\Problems\SEV\SEV305^6.p","GaveUp","0","0.1"
"C:\TPTP\TPTP-v9.3.1\Problems\SEV\SEV306^5.p","GaveUp","0","0.09"
"C:\TPTP\TPTP-v9.3.1\Problems\SEV\SEV308^5.p","GaveUp","0","0.08"
"C:\TPTP\TPTP-v9.3.1\Problems\SEV\SEV309^5.p","GaveUp","0","0.08"
"C:\TPTP\TPTP-v9.3.1\Problems\SEV\SEV311^5.p","Theorem","0","0.09"
"C:\TPTP\TPTP-v9.3.1\Problems\SEV\SEV312^5.p","GaveUp","0","0.11"
"C:\TPTP\TPTP-v9.3.1\Problems\SEV\SEV310^5.p","GaveUp","0","0.16"
"C:\TPTP\TPTP-v9.3.1\Problems\SEV\SEV294^5.p","GaveUp","0","0.88"
"C:\TPTP\TPTP-v9.3.1\Problems\SEV\SEV313^5.p","GaveUp","0","0.08"
"C:\TPTP\TPTP-v9.3.1\Problems\SEV\SEV314^5.p","GaveUp","0","0.08"
"C:\TPTP\TPTP-v9.3.1\Problems\SEV\SEV299^5.p","GaveUp","0","0.85"
"C:\TPTP\TPTP-v9.3.1\Problems\SEV\SEV301^5.p","GaveUp","0","0.86"
"C:\TPTP\TPTP-v9.3.1\Problems\SEV\SEV199^5.p","Timeout","0","10.06"
"C:\TPTP\TPTP-v9.3.1\Problems\SEV\SEV204^5.p","Timeout","0","10.09"
"C:\TPTP\TPTP-v9.3.1\Problems\SEV\SEV203^5.p","Timeout","0","10.16"
"C:\TPTP\TPTP-v9.3.1\Problems\SEV\SEV205^5.p","Timeout","0","10.14"
"C:\TPTP\TPTP-v9.3.1\Problems\SEV\SEV322^5.p","CounterSatisfiable","0","0.07"
"C:\TPTP\TPTP-v9.3.1\Problems\SEV\SEV209^5.p","Timeout","0","10.07"
"C:\TPTP\TPTP-v9.3.1\Problems\SEV\SEV324^5.p","CounterSatisfiable","0","0.09"
"C:\TPTP\TPTP-v9.3.1\Problems\SEV\SEV323^5.p","CounterSatisfiable","0","0.11"
"C:\TPTP\TPTP-v9.3.1\Problems\SEV\SEV325^5.p","CounterSatisfiable","0","0.07"
"C:\TPTP\TPTP-v9.3.1\Problems\SEV\SEV326^5.p","CounterSatisfiable","0","0.07"
"C:\TPTP\TPTP-v9.3.1\Problems\SEV\SEV253^5.p","GaveUp","0","2.91"
"C:\TPTP\TPTP-v9.3.1\Problems\SEV\SEV327^5.p","CounterSatisfiable","0","0.09"
"C:\TPTP\TPTP-v9.3.1\Problems\SEV\SEV329^5.p","CounterSatisfiable","0","0.08"
"C:\TPTP\TPTP-v9.3.1\Problems\SEV\SEV328^5.p","CounterSatisfiable","0","0.09"
"C:\TPTP\TPTP-v9.3.1\Problems\SEV\SEV330^5.p","CounterSatisfiable","0","0.07"
"C:\TPTP\TPTP-v9.3.1\Problems\SEV\SEV333^5.p","CounterSatisfiable","0","4.85"
"C:\TPTP\TPTP-v9.3.1\Problems\SEV\SEV334^5.p","CounterSatisfiable","0","4.83"
"C:\TPTP\TPTP-v9.3.1\Problems\SEV\SEV335^5.p","CounterSatisfiable","0","4.82"
"C:\TPTP\TPTP-v9.3.1\Problems\SEV\SEV331^5.p","CounterSatisfiable","0","4.89"
"C:\TPTP\TPTP-v9.3.1\Problems\SEV\SEV216^5.p","Timeout","0","12.51"
"C:\TPTP\TPTP-v9.3.1\Problems\SEV\SEV332^5.p","CounterSatisfiable","0","4.85"
"C:\TPTP\TPTP-v9.3.1\Problems\SEV\SEV217^5.p","Timeout","0","12.38"
"C:\TPTP\TPTP-v9.3.1\Problems\SEV\SEV213^5.p","Timeout","0","14.87"
"C:\TPTP\TPTP-v9.3.1\Problems\SEV\SEV219^5.p","Timeout","0","11.71"
"C:\TPTP\TPTP-v9.3.1\Problems\SEV\SEV223^5.p","Timeout","0","10.9"
"C:\TPTP\TPTP-v9.3.1\Problems\SEV\SEV222^5.p","Timeout","0","11"
"C:\TPTP\TPTP-v9.3.1\Problems\SEV\SEV336^5.p","CounterSatisfiable","0","0.14"
"C:\TPTP\TPTP-v9.3.1\Problems\SEV\SEV337^5.p","CounterSatisfiable","0","0.15"
"C:\TPTP\TPTP-v9.3.1\Problems\SEV\SEV338^5.p","CounterSatisfiable","0","0.15"
"C:\TPTP\TPTP-v9.3.1\Problems\SEV\SEV339^5.p","CounterSatisfiable","0","0.17"
"C:\TPTP\TPTP-v9.3.1\Problems\SEV\SEV340^5.p","CounterSatisfiable","0","0.18"
"C:\TPTP\TPTP-v9.3.1\Problems\SEV\SEV341^5.p","CounterSatisfiable","0","0.19"
"C:\TPTP\TPTP-v9.3.1\Problems\SEV\SEV342^5.p","CounterSatisfiable","0","0.19"
"C:\TPTP\TPTP-v9.3.1\Problems\SEV\SEV343^5.p","CounterSatisfiable","0","0.21"
"C:\TPTP\TPTP-v9.3.1\Problems\SEV\SEV344^5.p","CounterSatisfiable","0","0.21"
"C:\TPTP\TPTP-v9.3.1\Problems\SEV\SEV345^5.p","CounterSatisfiable","0","0.23"
"C:\TPTP\TPTP-v9.3.1\Problems\SEV\SEV346^5.p","CounterSatisfiable","0","0.24"
"C:\TPTP\TPTP-v9.3.1\Problems\SEV\SEV347^5.p","CounterSatisfiable","0","0.13"
"C:\TPTP\TPTP-v9.3.1\Problems\SEV\SEV348^5.p","CounterSatisfiable","0","0.13"
"C:\TPTP\TPTP-v9.3.1\Problems\SEV\SEV349^5.p","CounterSatisfiable","0","0.13"
"C:\TPTP\TPTP-v9.3.1\Problems\SEV\SEV350^5.p","CounterSatisfiable","0","0.14"
"C:\TPTP\TPTP-v9.3.1\Problems\SEV\SEV351^5.p","CounterSatisfiable","0","0.13"
"C:\TPTP\TPTP-v9.3.1\Problems\SEV\SEV352^5.p","CounterSatisfiable","0","0.13"
"C:\TPTP\TPTP-v9.3.1\Problems\SEV\SEV354^5.p","CounterSatisfiable","0","0.14"
"C:\TPTP\TPTP-v9.3.1\Problems\SEV\SEV355^5.p","CounterSatisfiable","0","0.12"
"C:\TPTP\TPTP-v9.3.1\Problems\SEV\SEV356^5.p","CounterSatisfiable","0","0.13"
"C:\TPTP\TPTP-v9.3.1\Problems\SEV\SEV357^5.p","CounterSatisfiable","0","0.15"
"C:\TPTP\TPTP-v9.3.1\Problems\SEV\SEV358^5.p","CounterSatisfiable","0","0.13"
"C:\TPTP\TPTP-v9.3.1\Problems\SEV\SEV359^5.p","CounterSatisfiable","0","0.13"
"C:\TPTP\TPTP-v9.3.1\Problems\SEV\SEV360^5.p","CounterSatisfiable","0","0.13"
"C:\TPTP\TPTP-v9.3.1\Problems\SEV\SEV361^5.p","CounterSatisfiable","0","0.13"
"C:\TPTP\TPTP-v9.3.1\Problems\SEV\SEV362^5.p","CounterSatisfiable","0","0.14"
"C:\TPTP\TPTP-v9.3.1\Problems\SEV\SEV363^5.p","CounterSatisfiable","0","0.14"
"C:\TPTP\TPTP-v9.3.1\Problems\SEV\SEV364^5.p","CounterSatisfiable","0","0.14"
"C:\TPTP\TPTP-v9.3.1\Problems\SEV\SEV365^5.p","CounterSatisfiable","0","0.14"
"C:\TPTP\TPTP-v9.3.1\Problems\SEV\SEV366^5.p","CounterSatisfiable","0","0.14"
"C:\TPTP\TPTP-v9.3.1\Problems\SEV\SEV368^5.p","CounterSatisfiable","0","0.11"
"C:\TPTP\TPTP-v9.3.1\Problems\SEV\SEV369^5.p","CounterSatisfiable","0","0.12"
"C:\TPTP\TPTP-v9.3.1\Problems\SEV\SEV370^5.p","CounterSatisfiable","0","0.13"
"C:\TPTP\TPTP-v9.3.1\Problems\SEV\SEV371^5.p","CounterSatisfiable","0","0.14"
"C:\TPTP\TPTP-v9.3.1\Problems\SEV\SEV372^5.p","CounterSatisfiable","0","0.14"
"C:\TPTP\TPTP-v9.3.1\Problems\SEV\SEV373^5.p","CounterSatisfiable","0","0.14"
"C:\TPTP\TPTP-v9.3.1\Problems\SEV\SEV374^5.p","CounterSatisfiable","0","0.13"
"C:\TPTP\TPTP-v9.3.1\Problems\SEV\SEV375^5.p","CounterSatisfiable","0","0.12"
"C:\TPTP\TPTP-v9.3.1\Problems\SEV\SEV376^5.p","CounterSatisfiable","0","0.13"
"C:\TPTP\TPTP-v9.3.1\Problems\SEV\SEV377^5.p","CounterSatisfiable","0","0.12"
"C:\TPTP\TPTP-v9.3.1\Problems\SEV\SEV378^5.p","CounterSatisfiable","0","0.14"
"C:\TPTP\TPTP-v9.3.1\Problems\SEV\SEV379^5.p","CounterSatisfiable","0","0.14"
"C:\TPTP\TPTP-v9.3.1\Problems\SEV\SEV380^5.p","CounterSatisfiable","0","0.14"
"C:\TPTP\TPTP-v9.3.1\Problems\SEV\SEV381^5.p","CounterSatisfiable","0","0.15"
"C:\TPTP\TPTP-v9.3.1\Problems\SEV\SEV382^5.p","GaveUp","0","0.17"
"C:\TPTP\TPTP-v9.3.1\Problems\SEV\SEV226^5.p","Timeout","0","10.06"
"C:\TPTP\TPTP-v9.3.1\Problems\SEV\SEV388^5.p","Theorem","0","0.96"
"C:\TPTP\TPTP-v9.3.1\Problems\SEV\SEV394^5.p","Theorem","0","0.82"
"C:\TPTP\TPTP-v9.3.1\Problems\SEV\SEV393^5.p","Theorem","0","0.86"
"C:\TPTP\TPTP-v9.3.1\Problems\SEV\SEV390^5.p","Theorem","0","0.93"
"C:\TPTP\TPTP-v9.3.1\Problems\SEV\SEV385^5.p","GaveUp","0","0.99"
"C:\TPTP\TPTP-v9.3.1\Problems\SEV\SEV386^5.p","Theorem","0","0.99"
"C:\TPTP\TPTP-v9.3.1\Problems\SEV\SEV391^5.p","Theorem","0","0.9"
"C:\TPTP\TPTP-v9.3.1\Problems\SEV\SEV387^5.p","Theorem","0","0.97"
"C:\TPTP\TPTP-v9.3.1\Problems\SEV\SEV392^5.p","Theorem","0","0.89"
"C:\TPTP\TPTP-v9.3.1\Problems\SEV\SEV389^5.p","Theorem","0","0.94"
"C:\TPTP\TPTP-v9.3.1\Problems\SEV\SEV237^5.p","Timeout","0","10.07"
"C:\TPTP\TPTP-v9.3.1\Problems\SEV\SEV396^5.p","Theorem","0","0.06"
"C:\TPTP\TPTP-v9.3.1\Problems\SEV\SEV397^5.p","Theorem","0","0.08"
"C:\TPTP\TPTP-v9.3.1\Problems\SEV\SEV239^5.p","Timeout","0","10.12"
"C:\TPTP\TPTP-v9.3.1\Problems\SEV\SEV401^5.p","Theorem","0","0.3"
"C:\TPTP\TPTP-v9.3.1\Problems\SEV\SEV400^5.p","GaveUp","0","0.3"
"C:\TPTP\TPTP-v9.3.1\Problems\SEV\SEV398^5.p","Theorem","0","0.31"
"C:\TPTP\TPTP-v9.3.1\Problems\SEV\SEV404^5.p","GaveUp","0","0.64"
"C:\TPTP\TPTP-v9.3.1\Problems\SEV\SEV409^5.p","Theorem","0","0.58"
"C:\TPTP\TPTP-v9.3.1\Problems\SEV\SEV410^5.p","Theorem","0","0.52"
"C:\TPTP\TPTP-v9.3.1\Problems\SEV\SEV405^5.p","Theorem","0","0.63"
"C:\TPTP\TPTP-v9.3.1\Problems\SEV\SEV406^5.p","Theorem","0","0.63"
"C:\TPTP\TPTP-v9.3.1\Problems\SEV\SEV403^5.p","GaveUp","0","0.64"
"C:\TPTP\TPTP-v9.3.1\Problems\SEV\SEV413^5.p","Theorem","0","0.35"
"C:\TPTP\TPTP-v9.3.1\Problems\SEV\SEV408^5.p","Theorem","0","0.61"
"C:\TPTP\TPTP-v9.3.1\Problems\SEV\SEV411^5.p","Theorem","0","0.35"
"C:\TPTP\TPTP-v9.3.1\Problems\SEV\SEV412^5.p","Theorem","0","0.35"
"C:\TPTP\TPTP-v9.3.1\Problems\SEV\SEV257^5.p","Timeout","0","10.08"
"C:\TPTP\TPTP-v9.3.1\Problems\SEV\SEV414^5.p","GaveUp","0","0.06"
"C:\TPTP\TPTP-v9.3.1\Problems\SEV\SEV416^5.p","Theorem","0","0.07"
"C:\TPTP\TPTP-v9.3.1\Problems\SEV\SEV417^5.p","Theorem","0","0.08"
"C:\TPTP\TPTP-v9.3.1\Problems\SEV\SEV399^5.p","GaveUp","0","0.77"
"C:\TPTP\TPTP-v9.3.1\Problems\SEV\SEV263^5.p","Timeout","0","10.09"
"C:\TPTP\TPTP-v9.3.1\Problems\SEV\SEV419^5.p","GaveUp","0","0.12"
"C:\TPTP\TPTP-v9.3.1\Problems\SEV\SEV427^1.p","Theorem","0","0.12"
"C:\TPTP\TPTP-v9.3.1\Problems\SEV\SEV420^1.p","GaveUp","0","0.14"
"C:\TPTP\TPTP-v9.3.1\Problems\SEV\SEV418^5.p","GaveUp","0","0.15"
"C:\TPTP\TPTP-v9.3.1\Problems\SEV\SEV428^1.p","GaveUp","0","0.16"
"C:\TPTP\TPTP-v9.3.1\Problems\SEV\SEV431^1.p","GaveUp","0","0.17"
"C:\TPTP\TPTP-v9.3.1\Problems\SEV\SEV269^5.p","Timeout","0","10.05"
"C:\TPTP\TPTP-v9.3.1\Problems\SEV\SEV432^1.p","GaveUp","0","0.13"
"C:\TPTP\TPTP-v9.3.1\Problems\SEV\SEV268^5.p","Timeout","0","10.09"
"C:\TPTP\TPTP-v9.3.1\Problems\SEV\SEV433^1.p","Theorem","0","0.15"
"C:\TPTP\TPTP-v9.3.1\Problems\SEV\SEV434^1.p","Theorem","0","0.13"
"C:\TPTP\TPTP-v9.3.1\Problems\SEV\SEV441^1.p","Satisfiable","0","0.11"
"C:\TPTP\TPTP-v9.3.1\Problems\SEV\SEV440^1.p","Satisfiable","0","0.13"
"C:\TPTP\TPTP-v9.3.1\Problems\SEV\SEV444^1.p","Theorem","0","0.13"
"C:\TPTP\TPTP-v9.3.1\Problems\SEV\SEV445^1.p","Theorem","0","0.13"
"C:\TPTP\TPTP-v9.3.1\Problems\SEV\SEV446^1.p","Theorem","0","0.13"
"C:\TPTP\TPTP-v9.3.1\Problems\SEV\SEV447^1.p","Theorem","0","0.13"
"C:\TPTP\TPTP-v9.3.1\Problems\SEV\SEV448^1.p","Theorem","0","0.12"
"C:\TPTP\TPTP-v9.3.1\Problems\SEV\SEV449^1.p","Theorem","0","0.12"
"C:\TPTP\TPTP-v9.3.1\Problems\SEV\SEV450^1.p","Theorem","0","0.14"
"C:\TPTP\TPTP-v9.3.1\Problems\SEV\SEV451^1.p","Theorem","0","0.15"
"C:\TPTP\TPTP-v9.3.1\Problems\SEV\SEV452^1.p","Theorem","0","0.16"
"C:\TPTP\TPTP-v9.3.1\Problems\SEV\SEV453^1.p","Theorem","0","0.17"
"C:\TPTP\TPTP-v9.3.1\Problems\SEV\SEV454^1.p","Theorem","0","0.17"
"C:\TPTP\TPTP-v9.3.1\Problems\SEV\SEV455^1.p","Theorem","0","0.14"
"C:\TPTP\TPTP-v9.3.1\Problems\SEV\SEV272^5.p","Timeout","0","10.07"
"C:\TPTP\TPTP-v9.3.1\Problems\SEV\SEV457^1.p","Theorem","0","0.15"
"C:\TPTP\TPTP-v9.3.1\Problems\SEV\SEV458^1.p","Theorem","0","0.15"
"C:\TPTP\TPTP-v9.3.1\Problems\SEV\SEV459^1.p","Theorem","0","0.15"
"C:\TPTP\TPTP-v9.3.1\Problems\SEV\SEV460^1.p","Theorem","0","0.15"
"C:\TPTP\TPTP-v9.3.1\Problems\SEV\SEV461^1.p","Theorem","0","0.16"
"C:\TPTP\TPTP-v9.3.1\Problems\SEV\SEV463^1.p","Theorem","0","0.38"
"C:\TPTP\TPTP-v9.3.1\Problems\SEV\SEV281^5.p","Timeout","0","10.1"
"C:\TPTP\TPTP-v9.3.1\Problems\SEV\SEV466^1.p","GaveUp","0","0.42"
"C:\TPTP\TPTP-v9.3.1\Problems\SEV\SEV465^1.p","GaveUp","0","0.43"
"C:\TPTP\TPTP-v9.3.1\Problems\SEV\SEV289^5.p","Timeout","0","10.07"
"C:\TPTP\TPTP-v9.3.1\Problems\SEV\SEV296^5.p","Timeout","0","10.07"
"C:\TPTP\TPTP-v9.3.1\Problems\SEV\SEV295^5.p","Timeout","0","10.09"
"C:\TPTP\TPTP-v9.3.1\Problems\SEV\SEV297^5.p","Timeout","0","10.06"
"C:\TPTP\TPTP-v9.3.1\Problems\SEV\SEV298^5.p","Timeout","0","10.1"
"C:\TPTP\TPTP-v9.3.1\Problems\SEV\SEV467^1.p","GaveUp","0","0.77"
"C:\TPTP\TPTP-v9.3.1\Problems\SEV\SEV443^1.p","Theorem","0","1.33"
"C:\TPTP\TPTP-v9.3.1\Problems\SEV\SEV442^1.p","Theorem","0","1.36"
"C:\TPTP\TPTP-v9.3.1\Problems\SEV\SEV315^5.p","Timeout","0","10.06"
"C:\TPTP\TPTP-v9.3.1\Problems\SEV\SEV476^1.p","Theorem","0","0.97"
"C:\TPTP\TPTP-v9.3.1\Problems\SEV\SEV478^1.p","GaveUp","0","0.85"
"C:\TPTP\TPTP-v9.3.1\Problems\SEV\SEV317^5.p","Timeout","0","10.08"
"C:\TPTP\TPTP-v9.3.1\Problems\SEV\SEV316^5.p","Timeout","0","10.12"
"C:\TPTP\TPTP-v9.3.1\Problems\SEV\SEV318^5.p","Timeout","0","10.11"
"C:\TPTP\TPTP-v9.3.1\Problems\SEV\SEV481^1.p","GaveUp","0","0.84"
"C:\TPTP\TPTP-v9.3.1\Problems\SEV\SEV482^1.p","GaveUp","0","0.72"
"C:\TPTP\TPTP-v9.3.1\Problems\SEV\SEV319^5.p","Timeout","0","10.09"
"C:\TPTP\TPTP-v9.3.1\Problems\SEV\SEV319^6.p","Timeout","0","10.23"
"C:\TPTP\TPTP-v9.3.1\Problems\SEV\SEV485^1.p","Theorem","0","0.41"
"C:\TPTP\TPTP-v9.3.1\Problems\SEV\SEV321^5.p","Timeout","0","10.25"
"C:\TPTP\TPTP-v9.3.1\Problems\SEV\SEV487^1.p","Theorem","0","0.97"
"C:\TPTP\TPTP-v9.3.1\Problems\SEV\SEV383^5.p","GaveUp","0","4.55"
"C:\TPTP\TPTP-v9.3.1\Problems\SEV\SEV489^1.p","Theorem","0","5.07"
"C:\TPTP\TPTP-v9.3.1\Problems\SEV\SEV384^5.p","Timeout","0","10.14"
"C:\TPTP\TPTP-v9.3.1\Problems\SEV\SEV491^1.p","GaveUp","0","5.07"
"C:\TPTP\TPTP-v9.3.1\Problems\SEV\SEV494^1.p","Theorem","0","5.07"
"C:\TPTP\TPTP-v9.3.1\Problems\SEV\SEV492^1.p","Theorem","0","5.1"
"C:\TPTP\TPTP-v9.3.1\Problems\SEV\SEV493^1.p","Theorem","0","5.09"
"C:\TPTP\TPTP-v9.3.1\Problems\SEV\SEV402^5.p","Timeout","0","10.13"
"C:\TPTP\TPTP-v9.3.1\Problems\SEV\SEV429^1.p","Timeout","0","10.12"
"C:\TPTP\TPTP-v9.3.1\Problems\SEV\SEV497^1.p","GaveUp","0","5.17"
"C:\TPTP\TPTP-v9.3.1\Problems\SEV\SEV430^1.p","Timeout","0","10.15"
"C:\TPTP\TPTP-v9.3.1\Problems\SEV\SEV456^1.p","Timeout","0","10.12"
"C:\TPTP\TPTP-v9.3.1\Problems\SEV\SEV462^1.p","Timeout","0","10.13"
"C:\TPTP\TPTP-v9.3.1\Problems\SEV\SEV464^1.p","Timeout","0","10.14"
"C:\TPTP\TPTP-v9.3.1\Problems\SEV\SEV506^1.p","Theorem","0","0.45"
"C:\TPTP\TPTP-v9.3.1\Problems\SEV\SEV507^1.p","Theorem","0","0.42"
"C:\TPTP\TPTP-v9.3.1\Problems\SEV\SEV505^1.p","Theorem","0","1.04"
"C:\TPTP\TPTP-v9.3.1\Problems\SEV\SEV503^1.p","GaveUp","0","1.08"
"C:\TPTP\TPTP-v9.3.1\Problems\SEV\SEV504^1.p","Theorem","0","1.06"
"C:\TPTP\TPTP-v9.3.1\Problems\SEV\SEV502^1.p","Theorem","0","1.09"
"C:\TPTP\TPTP-v9.3.1\Problems\SEV\SEV510^1.p","Theorem","0","0.1"
"C:\TPTP\TPTP-v9.3.1\Problems\SEV\SEV469^1.p","Timeout","0","10.14"
"C:\TPTP\TPTP-v9.3.1\Problems\SEV\SEV468^1.p","Timeout","0","10.15"
"C:\TPTP\TPTP-v9.3.1\Problems\SEV\SEV509^1.p","GaveUp","0","0.19"
"C:\TPTP\TPTP-v9.3.1\Problems\SEV\SEV471^1.p","Timeout","0","10.13"
"C:\TPTP\TPTP-v9.3.1\Problems\SEV\SEV470^1.p","Timeout","0","10.15"
"C:\TPTP\TPTP-v9.3.1\Problems\SEV\SEV472^1.p","Timeout","0","10.14"
"C:\TPTP\TPTP-v9.3.1\Problems\SEV\SEV514^1.p","Theorem","0","0.08"
"C:\TPTP\TPTP-v9.3.1\Problems\SEV\SEV474^1.p","Timeout","0","10.06"
"C:\TPTP\TPTP-v9.3.1\Problems\SEV\SEV473^1.p","Timeout","0","10.11"
"C:\TPTP\TPTP-v9.3.1\Problems\SEV\SEV475^1.p","Timeout","0","10.07"
"C:\TPTP\TPTP-v9.3.1\Problems\SEV\SEV477^1.p","Timeout","0","10.06"
"C:\TPTP\TPTP-v9.3.1\Problems\SEV\SEV480^1.p","Timeout","0","10.07"
"C:\TPTP\TPTP-v9.3.1\Problems\SEV\SEV479^1.p","Timeout","0","10.12"
"C:\TPTP\TPTP-v9.3.1\Problems\SEV\SEV583^1.p","GaveUp","0","0.81"
"C:\TPTP\TPTP-v9.3.1\Problems\SEV\SEV588^1.p","GaveUp","0","0.4"
"C:\TPTP\TPTP-v9.3.1\Problems\SEV\SEV584^1.p","GaveUp","0","0.64"
"C:\TPTP\TPTP-v9.3.1\Problems\SEV\SEV587^1.p","GaveUp","0","0.55"
"C:\TPTP\TPTP-v9.3.1\Problems\SEV\SEV586^1.p","GaveUp","0","0.57"
"C:\TPTP\TPTP-v9.3.1\Problems\SEV\SEV585^1.p","GaveUp","0","0.6"
"C:\TPTP\TPTP-v9.3.1\Problems\SEV\SEV589^1.p","GaveUp","0","0.39"
"C:\TPTP\TPTP-v9.3.1\Problems\SEV\SEV483^1.p","Timeout","0","10.07"
"C:\TPTP\TPTP-v9.3.1\Problems\SEV\SEV484^1.p","Timeout","0","10.05"
"C:\TPTP\TPTP-v9.3.1\Problems\SEV\SEV590^1.p","GaveUp","0","0.06"
"C:\TPTP\TPTP-v9.3.1\Problems\SEV\SEV592^1.p","GaveUp","0","0.08"
"C:\TPTP\TPTP-v9.3.1\Problems\SEV\SEV591^1.p","GaveUp","0","0.08"
"C:\TPTP\TPTP-v9.3.1\Problems\SEV\SEV593^1.p","GaveUp","0","0.09"
"C:\TPTP\TPTP-v9.3.1\Problems\SEV\SEV594^1.p","GaveUp","0","0.09"
"C:\TPTP\TPTP-v9.3.1\Problems\SEV\SEV595^1.p","GaveUp","0","0.1"
"C:\TPTP\TPTP-v9.3.1\Problems\SEV\SEV596^1.p","GaveUp","0","0.11"
"C:\TPTP\TPTP-v9.3.1\Problems\SEV\SEV597^1.p","GaveUp","0","0.14"
"C:\TPTP\TPTP-v9.3.1\Problems\SEV\SEV598^1.p","GaveUp","0","0.14"
"C:\TPTP\TPTP-v9.3.1\Problems\SEV\SEV599^1.p","GaveUp","0","0.12"
"C:\TPTP\TPTP-v9.3.1\Problems\SEV\SEV600^1.p","GaveUp","0","0.1"
"C:\TPTP\TPTP-v9.3.1\Problems\SEV\SEV601^1.p","GaveUp","0","0.1"
"C:\TPTP\TPTP-v9.3.1\Problems\SEV\SEV602^1.p","GaveUp","0","0.13"
"C:\TPTP\TPTP-v9.3.1\Problems\SEV\SEV486^1.p","Timeout","0","10.06"
"C:\TPTP\TPTP-v9.3.1\Problems\SEV\SEV490^1.p","Timeout","0","10.06"
"C:\TPTP\TPTP-v9.3.1\Problems\SEV\SEV488^1.p","Timeout","0","10.1"
"C:\TPTP\TPTP-v9.3.1\Problems\SEV\SEV495^1.p","Timeout","0","10.08"
"C:\TPTP\TPTP-v9.3.1\Problems\SEV\SEV496^1.p","Timeout","0","10.1"
"C:\TPTP\TPTP-v9.3.1\Problems\SEV\SEV498^1.p","Timeout","0","10.14"
"C:\TPTP\TPTP-v9.3.1\Problems\SWV\SWV107^7.p","Theorem","0","0.81"
"C:\TPTP\TPTP-v9.3.1\Problems\SWV\SWV425^1.p","CounterSatisfiable","0","0.24"
"C:\TPTP\TPTP-v9.3.1\Problems\SWV\SWV425^2.p","GaveUp","0","0.18"
"C:\TPTP\TPTP-v9.3.1\Problems\SWV\SWV426^1.p","CounterSatisfiable","0","0.08"
"C:\TPTP\TPTP-v9.3.1\Problems\SWV\SWV061^7.p","Theorem","0","3.28"
"C:\TPTP\TPTP-v9.3.1\Problems\SWV\SWV073^7.p","Theorem","0","3.38"
"C:\TPTP\TPTP-v9.3.1\Problems\SWV\SWV085^7.p","Theorem","0","3.29"
"C:\TPTP\TPTP-v9.3.1\Problems\SWV\SWV427^1.p","CounterSatisfiable","0","0.74"
"C:\TPTP\TPTP-v9.3.1\Problems\SEV\SEV500^1.p","Timeout","0","10.19"
"C:\TPTP\TPTP-v9.3.1\Problems\SEV\SEV499^1.p","Timeout","0","10.23"
"C:\TPTP\TPTP-v9.3.1\Problems\SWV\SWV428^1.p","CounterSatisfiable","0","0.14"
"C:\TPTP\TPTP-v9.3.1\Problems\SWV\SWV429^1.p","Theorem","0","0.11"
"C:\TPTP\TPTP-v9.3.1\Problems\SWV\SWV429^2.p","Theorem","0","0.53"
"C:\TPTP\TPTP-v9.3.1\Problems\SEV\SEV501^1.p","Timeout","0","10.11"
"C:\TPTP\TPTP-v9.3.1\Problems\SWV\SWV430^1.p","CounterSatisfiable","0","0.16"
"C:\TPTP\TPTP-v9.3.1\Problems\SWV\SWV430^2.p","GaveUp","0","0.16"
"C:\TPTP\TPTP-v9.3.1\Problems\SWV\SWV431^1.p","CounterSatisfiable","0","0.14"
"C:\TPTP\TPTP-v9.3.1\Problems\SWV\SWV432^1.p","CounterSatisfiable","0","0.12"
"C:\TPTP\TPTP-v9.3.1\Problems\SEV\SEV508^1.p","Timeout","0","10.08"
"C:\TPTP\TPTP-v9.3.1\Problems\SWV\SWV432^2.p","GaveUp","0","0.24"
"C:\TPTP\TPTP-v9.3.1\Problems\SEV\SEV511^1.p","Timeout","0","10.07"
"C:\TPTP\TPTP-v9.3.1\Problems\SEV\SEV512^1.p","Timeout","0","10.09"
"C:\TPTP\TPTP-v9.3.1\Problems\SEV\SEV513^1.p","Timeout","0","10.07"
"C:\TPTP\TPTP-v9.3.1\Problems\SEV\SEV523^1.p","Timeout","0","10.08"
"C:\TPTP\TPTP-v9.3.1\Problems\SEV\SEV525^1.p","Timeout","0","10.08"
"C:\TPTP\TPTP-v9.3.1\Problems\SEV\SEV524^1.p","Timeout","0","10.09"
"C:\TPTP\TPTP-v9.3.1\Problems\SEV\SEV526^1.p","Timeout","0","10.09"
"C:\TPTP\TPTP-v9.3.1\Problems\SEV\SEV527^1.p","Timeout","0","10.11"
"C:\TPTP\TPTP-v9.3.1\Problems\SEV\SEV528^1.p","Timeout","0","10.12"
"C:\TPTP\TPTP-v9.3.1\Problems\SWV\SWV434^3.p","CounterSatisfiable","0","0.09"
"C:\TPTP\TPTP-v9.3.1\Problems\SEV\SEV530^1.p","Timeout","0","10.12"
"C:\TPTP\TPTP-v9.3.1\Problems\SEV\SEV529^1.p","Timeout","0","10.14"
"C:\TPTP\TPTP-v9.3.1\Problems\SWV\SWV435^4.p","Theorem","0","0.07"
"C:\TPTP\TPTP-v9.3.1\Problems\SWV\SWV435^3.p","Theorem","0","0.07"
"C:\TPTP\TPTP-v9.3.1\Problems\SEV\SEV531^1.p","Timeout","0","10.13"
"C:\TPTP\TPTP-v9.3.1\Problems\SEV\SEV532^1.p","Timeout","0","10.16"
"C:\TPTP\TPTP-v9.3.1\Problems\SWV\SWV436^3.p","CounterSatisfiable","0","0.09"
"C:\TPTP\TPTP-v9.3.1\Problems\SWV\SWV434^4.p","GaveUp","0","0.17"
"C:\TPTP\TPTP-v9.3.1\Problems\SWV\SWV442^1.p","Theorem","0","0.1"
"C:\TPTP\TPTP-v9.3.1\Problems\SWV\SWV443^1.p","Theorem","0","0.12"
"C:\TPTP\TPTP-v9.3.1\Problems\SWV\SWV444^1.p","Theorem","0","0.13"
"C:\TPTP\TPTP-v9.3.1\Problems\SWV\SWV447^1.p","Theorem","0","0.12"
"C:\TPTP\TPTP-v9.3.1\Problems\SWW\SWW469^1.p","Theorem","0","0.11"
"C:\TPTP\TPTP-v9.3.1\Problems\SEV\SEV603^1.p","Timeout","0","10.14"
"C:\TPTP\TPTP-v9.3.1\Problems\SEV\SEV604^1.p","Timeout","0","10.15"
"C:\TPTP\TPTP-v9.3.1\Problems\SWB\SWB109^3.p","Timeout","0","10.11"
"C:\TPTP\TPTP-v9.3.1\Problems\SWC\SWC425^7.p","Timeout","0","10.09"
"C:\TPTP\TPTP-v9.3.1\Problems\SWB\SWB109^15.p","Timeout","0","10.14"
"C:\TPTP\TPTP-v9.3.1\Problems\SWV\SWV010^7.p","Timeout","0","10.14"
"C:\TPTP\TPTP-v9.3.1\Problems\SWV\SWV067^7.p","Timeout","0","10.1"
"C:\TPTP\TPTP-v9.3.1\Problems\SWV\SWV079^7.p","Timeout","0","10.08"
"C:\TPTP\TPTP-v9.3.1\Problems\SWW\SWW473^1.p","Theorem","0","0.17"
"C:\TPTP\TPTP-v9.3.1\Problems\SWV\SWV091^7.p","Timeout","0","10.09"
"C:\TPTP\TPTP-v9.3.1\Problems\SWW\SWW473^2.p","Theorem","0","0.25"
"C:\TPTP\TPTP-v9.3.1\Problems\SWW\SWW473^3.p","Theorem","0","0.47"
"C:\TPTP\TPTP-v9.3.1\Problems\SWV\SWV097^7.p","Timeout","0","10.1"
"C:\TPTP\TPTP-v9.3.1\Problems\SWV\SWV103^7.p","Timeout","0","10.09"
"C:\TPTP\TPTP-v9.3.1\Problems\SWV\SWV433^1.p","CounterSatisfiable","0","2.24"
"C:\TPTP\TPTP-v9.3.1\Problems\SWV\SWV426^2.p","Timeout","0","10.12"
"C:\TPTP\TPTP-v9.3.1\Problems\SWV\SWV426^3.p","Timeout","0","10.1"
"C:\TPTP\TPTP-v9.3.1\Problems\SWV\SWV426^4.p","Timeout","0","10.08"
"C:\TPTP\TPTP-v9.3.1\Problems\SWV\SWV427^2.p","Timeout","0","10.09"
"C:\TPTP\TPTP-v9.3.1\Problems\SWV\SWV431^2.p","GaveUp","0","6.51"
"C:\TPTP\TPTP-v9.3.1\Problems\SWW\SWW478^1.p","Theorem","0","0.13"
"C:\TPTP\TPTP-v9.3.1\Problems\SWW\SWW478^2.p","Theorem","0","0.19"
"C:\TPTP\TPTP-v9.3.1\Problems\SWW\SWW478^3.p","Theorem","0","0.24"
"C:\TPTP\TPTP-v9.3.1\Problems\SWW\SWW674^1.p","GaveUp","0","0.12"
"C:\TPTP\TPTP-v9.3.1\Problems\SWV\SWV428^2.p","Timeout","0","10.13"
"C:\TPTP\TPTP-v9.3.1\Problems\SWW\SWW971^5.p","CounterSatisfiable","0","0.09"
"C:\TPTP\TPTP-v9.3.1\Problems\SWX\SWX154^1.p","Theorem","0","0.19"
"C:\TPTP\TPTP-v9.3.1\Problems\SWX\SWX155^1.p","Theorem","0","0.11"
"C:\TPTP\TPTP-v9.3.1\Problems\SWV\SWV433^2.p","Timeout","0","10.11"
"C:\TPTP\TPTP-v9.3.1\Problems\SWX\SWX157^1.p","Theorem","0","0.25"
"C:\TPTP\TPTP-v9.3.1\Problems\SWX\SWX158^1.p","Theorem","0","0.12"
"C:\TPTP\TPTP-v9.3.1\Problems\SWV\SWV436^4.p","Timeout","0","10.1"
"C:\TPTP\TPTP-v9.3.1\Problems\SWV\SWV437^1.p","Timeout","0","10.11"
"C:\TPTP\TPTP-v9.3.1\Problems\SWV\SWV438^1.p","Timeout","0","10.12"
"C:\TPTP\TPTP-v9.3.1\Problems\SWV\SWV439^1.p","Timeout","0","10.11"
"C:\TPTP\TPTP-v9.3.1\Problems\SWV\SWV440^1.p","Timeout","0","10.11"
"C:\TPTP\TPTP-v9.3.1\Problems\SWV\SWV441^1.p","Timeout","0","10.11"
"C:\TPTP\TPTP-v9.3.1\Problems\SWV\SWV445^1.p","Timeout","0","10.12"
"C:\TPTP\TPTP-v9.3.1\Problems\SWX\SWX159^1.p","Theorem","0","0.11"
"C:\TPTP\TPTP-v9.3.1\Problems\SWV\SWV446^1.p","Timeout","0","10.13"
"C:\TPTP\TPTP-v9.3.1\Problems\SWW\SWW470^2.p","Timeout","0","10.14"
"C:\TPTP\TPTP-v9.3.1\Problems\SWW\SWW470^1.p","Timeout","0","10.18"
"C:\TPTP\TPTP-v9.3.1\Problems\SWX\SWX164^1.p","GaveUp","0","0.18"
"C:\TPTP\TPTP-v9.3.1\Problems\SWX\SWX163^1.p","GaveUp","0","0.2"
"C:\TPTP\TPTP-v9.3.1\Problems\SWW\SWW471^1.p","Timeout","0","10.16"
"C:\TPTP\TPTP-v9.3.1\Problems\SWW\SWW471^2.p","Timeout","0","10.14"
"C:\TPTP\TPTP-v9.3.1\Problems\SWW\SWW470^3.p","Timeout","0","10.18"
"C:\TPTP\TPTP-v9.3.1\Problems\SWX\SWX174^1.p","Theorem","0","0.09"
"C:\TPTP\TPTP-v9.3.1\Problems\SWX\SWX173^1.p","Theorem","0","0.1"
"C:\TPTP\TPTP-v9.3.1\Problems\SWX\SWX177^1.p","Theorem","0","0.06"
"C:\TPTP\TPTP-v9.3.1\Problems\SWX\SWX176^1.p","Theorem","0","0.1"
"C:\TPTP\TPTP-v9.3.1\Problems\SWW\SWW472^1.p","Timeout","0","10.09"
"C:\TPTP\TPTP-v9.3.1\Problems\SWW\SWW472^3.p","Timeout","0","10.08"
"C:\TPTP\TPTP-v9.3.1\Problems\SWW\SWW471^3.p","Timeout","0","10.14"
"C:\TPTP\TPTP-v9.3.1\Problems\SWW\SWW472^2.p","Timeout","0","10.12"
"C:\TPTP\TPTP-v9.3.1\Problems\SWX\SWX180^1.p","Theorem","0","0.08"
"C:\TPTP\TPTP-v9.3.1\Problems\SWX\SWX181^1.p","Theorem","0","0.12"
"C:\TPTP\TPTP-v9.3.1\Problems\SWW\SWW474^1.p","Timeout","0","10.13"
"C:\TPTP\TPTP-v9.3.1\Problems\SWW\SWW474^2.p","Timeout","0","10.11"
"C:\TPTP\TPTP-v9.3.1\Problems\SWW\SWW474^3.p","Timeout","0","10.15"
"C:\TPTP\TPTP-v9.3.1\Problems\SYN\SYN000^1.p","Theorem","0","0.11"
"C:\TPTP\TPTP-v9.3.1\Problems\SYN\SYN000^2.p","Crash","103","0.06"
"C:\TPTP\TPTP-v9.3.1\Problems\SYN\SYN000^7.p","GaveUp","0","0.07"
"C:\TPTP\TPTP-v9.3.1\Problems\SYN\SYN000^6.p","GaveUp","0","0.1"
"C:\TPTP\TPTP-v9.3.1\Problems\SWW\SWW475^1.p","Timeout","0","10.13"
"C:\TPTP\TPTP-v9.3.1\Problems\SWW\SWW475^2.p","Timeout","0","10.13"
"C:\TPTP\TPTP-v9.3.1\Problems\SWW\SWW476^1.p","Timeout","0","10.13"
"C:\TPTP\TPTP-v9.3.1\Problems\SWW\SWW475^3.p","Timeout","0","10.2"
"C:\TPTP\TPTP-v9.3.1\Problems\SYN\SYN036^5.p","Theorem","0","0.08"
"C:\TPTP\TPTP-v9.3.1\Problems\SWW\SWW476^2.p","Timeout","0","10.18"
"C:\TPTP\TPTP-v9.3.1\Problems\SYN\SYN041^4.p","Theorem","0","0.14"
"C:\TPTP\TPTP-v9.3.1\Problems\SYN\SYN044^4.p","Theorem","0","0.13"
"C:\TPTP\TPTP-v9.3.1\Problems\SYN\SYN045^4.p","Theorem","0","0.07"
"C:\TPTP\TPTP-v9.3.1\Problems\SYN\SYN045^7.p","Theorem","0","0.13"
"C:\TPTP\TPTP-v9.3.1\Problems\SWW\SWW476^3.p","Timeout","0","10.33"
"C:\TPTP\TPTP-v9.3.1\Problems\SWW\SWW477^1.p","Timeout","0","10.15"
"C:\TPTP\TPTP-v9.3.1\Problems\SYN\SYN049^5.p","Theorem","0","0.11"
"C:\TPTP\TPTP-v9.3.1\Problems\SWW\SWW477^2.p","Timeout","0","10.19"
"C:\TPTP\TPTP-v9.3.1\Problems\SYN\SYN051^5.p","Theorem","0","0.08"
"C:\TPTP\TPTP-v9.3.1\Problems\SYN\SYN055^5.p","Theorem","0","0.08"
"C:\TPTP\TPTP-v9.3.1\Problems\SYN\SYN052^7.p","Theorem","0","0.16"
"C:\TPTP\TPTP-v9.3.1\Problems\SYN\SYN056^5.p","Theorem","0","0.2"
"C:\TPTP\TPTP-v9.3.1\Problems\SYN\SYN057^5.p","Theorem","0","0.18"
"C:\TPTP\TPTP-v9.3.1\Problems\SYN\SYN058^5.p","Theorem","0","0.1"
"C:\TPTP\TPTP-v9.3.1\Problems\SYN\SYN059^5.p","Theorem","0","0.09"
"C:\TPTP\TPTP-v9.3.1\Problems\SYN\SYN064^5.p","Theorem","0","0.06"
"C:\TPTP\TPTP-v9.3.1\Problems\SYN\SYN355^5.p","Theorem","0","0.08"
"C:\TPTP\TPTP-v9.3.1\Problems\SYN\SYN356^5.p","Theorem","0","0.1"
"C:\TPTP\TPTP-v9.3.1\Problems\SYN\SYN357^5.p","Theorem","0","0.1"
"C:\TPTP\TPTP-v9.3.1\Problems\SYN\SYN357^7.p","Theorem","0","0.07"
"C:\TPTP\TPTP-v9.3.1\Problems\SWW\SWW477^3.p","Timeout","0","10.16"
"C:\TPTP\TPTP-v9.3.1\Problems\SYN\SYN358^5.p","Theorem","0","0.08"
"C:\TPTP\TPTP-v9.3.1\Problems\SYN\SYN360^5.p","Theorem","0","0.07"
"C:\TPTP\TPTP-v9.3.1\Problems\SYN\SYN361^5.p","Theorem","0","0.08"
"C:\TPTP\TPTP-v9.3.1\Problems\SYN\SYN364^5.p","Theorem","0","0.07"
"C:\TPTP\TPTP-v9.3.1\Problems\SYN\SYN365^5.p","Theorem","0","0.07"
"C:\TPTP\TPTP-v9.3.1\Problems\SYN\SYN374^5.p","Theorem","0","0.09"
"C:\TPTP\TPTP-v9.3.1\Problems\SYN\SYN375^5.p","Theorem","0","0.07"
"C:\TPTP\TPTP-v9.3.1\Problems\SYN\SYN377^5.p","Theorem","0","0.07"
"C:\TPTP\TPTP-v9.3.1\Problems\SYN\SYN381^5.p","Theorem","0","0.08"
"C:\TPTP\TPTP-v9.3.1\Problems\SYN\SYN382^5.p","Theorem","0","0.12"
"C:\TPTP\TPTP-v9.3.1\Problems\SWW\SWW971^15.p","Timeout","0","10.08"
"C:\TPTP\TPTP-v9.3.1\Problems\SYN\SYN377^7.p","Theorem","0","0.76"
"C:\TPTP\TPTP-v9.3.1\Problems\SYN\SYN387^4.p","CounterSatisfiable","0","0.08"
"C:\TPTP\TPTP-v9.3.1\Problems\SYN\SYN387^7.p","CounterSatisfiable","0","0.12"
"C:\TPTP\TPTP-v9.3.1\Problems\SYN\SYN389^4.p","CounterSatisfiable","0","0.21"
"C:\TPTP\TPTP-v9.3.1\Problems\SYN\SYN390^4.p","Theorem","0","0.09"
"C:\TPTP\TPTP-v9.3.1\Problems\SYN\SYN391^4.p","Theorem","0","0.1"
"C:\TPTP\TPTP-v9.3.1\Problems\SWX\SWX156^1.p","Timeout","0","10.12"
"C:\TPTP\TPTP-v9.3.1\Problems\SYN\SYN393^4.002.p","Theorem","0","0.09"
"C:\TPTP\TPTP-v9.3.1\Problems\SWX\SWX160^1.p","Timeout","0","10.07"
"C:\TPTP\TPTP-v9.3.1\Problems\SWX\SWX161^1.p","Timeout","0","10.08"
"C:\TPTP\TPTP-v9.3.1\Problems\SWX\SWX162^1.p","Timeout","0","10.08"
"C:\TPTP\TPTP-v9.3.1\Problems\SWX\SWX165^1.p","Timeout","0","10.12"
"C:\TPTP\TPTP-v9.3.1\Problems\SWX\SWX167^1.p","Timeout","0","10.08"
"C:\TPTP\TPTP-v9.3.1\Problems\SWX\SWX166^1.p","Timeout","0","10.12"
"C:\TPTP\TPTP-v9.3.1\Problems\SWX\SWX168^1.p","Timeout","0","10.08"
"C:\TPTP\TPTP-v9.3.1\Problems\SWX\SWX170^1.p","Timeout","0","10.05"
"C:\TPTP\TPTP-v9.3.1\Problems\SWX\SWX169^1.p","Timeout","0","10.08"
"C:\TPTP\TPTP-v9.3.1\Problems\SYN\SYN397^7.p","Theorem","0","0.18"
"C:\TPTP\TPTP-v9.3.1\Problems\SWX\SWX172^1.p","Timeout","0","10.09"
"C:\TPTP\TPTP-v9.3.1\Problems\SYN\SYN731^5.p","Theorem","0","0.15"
"C:\TPTP\TPTP-v9.3.1\Problems\SYN\SYN732^5.p","Theorem","0","0.14"
"C:\TPTP\TPTP-v9.3.1\Problems\SWX\SWX171^1.p","Timeout","0","10.13"
"C:\TPTP\TPTP-v9.3.1\Problems\SWX\SWX175^1.p","Timeout","0","10.09"
"C:\TPTP\TPTP-v9.3.1\Problems\SYN\SYN393^4.004.p","Theorem","0","0.27"
"C:\TPTP\TPTP-v9.3.1\Problems\SYN\SYN915^4.p","Theorem","0","0.06"
"C:\TPTP\TPTP-v9.3.1\Problems\SYN\SYN916^4.p","CounterSatisfiable","0","0.08"
"C:\TPTP\TPTP-v9.3.1\Problems\SYN\SYN741^7.p","Theorem","0","0.12"
"C:\TPTP\TPTP-v9.3.1\Problems\SYN\SYN978^4.p","Theorem","0","0.07"
"C:\TPTP\TPTP-v9.3.1\Problems\SYN\SYN983^1.p","Theorem","0","0.08"
"C:\TPTP\TPTP-v9.3.1\Problems\SYN\SYN984^1.p","Theorem","0","0.08"
"C:\TPTP\TPTP-v9.3.1\Problems\SYN\SYN985^1.p","GaveUp","0","0.1"
"C:\TPTP\TPTP-v9.3.1\Problems\SYN\SYN987^1.p","CounterSatisfiable","0","0.09"
"C:\TPTP\TPTP-v9.3.1\Problems\SYN\SYN987^2.p","Unsatisfiable","0","0.09"
"C:\TPTP\TPTP-v9.3.1\Problems\SYN\SYN988^1.p","CounterSatisfiable","0","0.07"
"C:\TPTP\TPTP-v9.3.1\Problems\SYN\SYN988^2.p","Unsatisfiable","0","0.08"
"C:\TPTP\TPTP-v9.3.1\Problems\SYN\SYN989^1.p","Theorem","0","0.08"
"C:\TPTP\TPTP-v9.3.1\Problems\SWX\SWX178^1.p","Timeout","0","10.07"
"C:\TPTP\TPTP-v9.3.1\Problems\SYN\SYN989^2.p","Satisfiable","0","0.09"
"C:\TPTP\TPTP-v9.3.1\Problems\SYN\SYN989^3.p","Theorem","0","0.09"
"C:\TPTP\TPTP-v9.3.1\Problems\SYN\SYN990^1.p","Satisfiable","0","0.1"
"C:\TPTP\TPTP-v9.3.1\Problems\SWX\SWX179^1.p","Timeout","0","10.09"
"C:\TPTP\TPTP-v9.3.1\Problems\SYN\SYN992^1.p","GaveUp","0","0.1"
"C:\TPTP\TPTP-v9.3.1\Problems\SYN\SYN993^1.p","CounterSatisfiable","0","0.1"
"C:\TPTP\TPTP-v9.3.1\Problems\SYN\SYN977^4.p","CounterSatisfiable","0","0.28"
"C:\TPTP\TPTP-v9.3.1\Problems\SYN\SYN994^1.p","CounterSatisfiable","0","0.12"
"C:\TPTP\TPTP-v9.3.1\Problems\SYN\SYN995^1.p","CounterSatisfiable","0","0.12"
"C:\TPTP\TPTP-v9.3.1\Problems\SYN\SYN996^1.p","GaveUp","0","0.12"
"C:\TPTP\TPTP-v9.3.1\Problems\SYN\SYN997^1.p","GaveUp","0","0.13"
"C:\TPTP\TPTP-v9.3.1\Problems\SYN\SYN998^1.p","Theorem","0","0.14"
"C:\TPTP\TPTP-v9.3.1\Problems\SYN\SYN416^4.p","CounterSatisfiable","0","0.53"
"C:\TPTP\TPTP-v9.3.1\Problems\SYN\SYN999^1.p","GaveUp","0","0.13"
"C:\TPTP\TPTP-v9.3.1\Problems\SYO\SYO001^1.p","Theorem","0","0.13"
"C:\TPTP\TPTP-v9.3.1\Problems\SYO\SYO002^1.p","GaveUp","0","0.13"
"C:\TPTP\TPTP-v9.3.1\Problems\SYO\SYO003^1.p","Theorem","0","0.11"
"C:\TPTP\TPTP-v9.3.1\Problems\SYO\SYO004^1.p","GaveUp","0","0.12"
"C:\TPTP\TPTP-v9.3.1\Problems\SYO\SYO005^1.p","GaveUp","0","0.13"
"C:\TPTP\TPTP-v9.3.1\Problems\SYO\SYO006^1.p","Theorem","0","0.13"
"C:\TPTP\TPTP-v9.3.1\Problems\SYO\SYO007^1.p","Theorem","0","0.13"
"C:\TPTP\TPTP-v9.3.1\Problems\SYO\SYO009^1.p","Theorem","0","0.12"
"C:\TPTP\TPTP-v9.3.1\Problems\SYO\SYO008^1.p","GaveUp","0","0.13"
"C:\TPTP\TPTP-v9.3.1\Problems\SYO\SYO010^1.p","GaveUp","0","0.13"
"C:\TPTP\TPTP-v9.3.1\Problems\SYO\SYO011^1.p","GaveUp","0","0.13"
"C:\TPTP\TPTP-v9.3.1\Problems\SYO\SYO012^1.p","Theorem","0","0.13"
"C:\TPTP\TPTP-v9.3.1\Problems\SYO\SYO013^1.p","Theorem","0","0.13"
"C:\TPTP\TPTP-v9.3.1\Problems\SYO\SYO015^1.p","Theorem","0","0.12"
"C:\TPTP\TPTP-v9.3.1\Problems\SYO\SYO016^1.p","Theorem","0","0.13"
"C:\TPTP\TPTP-v9.3.1\Problems\SYO\SYO017^1.p","Theorem","0","0.13"
"C:\TPTP\TPTP-v9.3.1\Problems\SYO\SYO018^1.p","Theorem","0","0.13"
"C:\TPTP\TPTP-v9.3.1\Problems\SYO\SYO019^1.p","Theorem","0","0.13"
"C:\TPTP\TPTP-v9.3.1\Problems\SYO\SYO020^1.p","Theorem","0","0.13"
"C:\TPTP\TPTP-v9.3.1\Problems\SYO\SYO021^1.p","Theorem","0","0.14"
"C:\TPTP\TPTP-v9.3.1\Problems\SYO\SYO022^1.p","Theorem","0","0.14"
"C:\TPTP\TPTP-v9.3.1\Problems\SYO\SYO023^1.p","Theorem","0","0.13"
"C:\TPTP\TPTP-v9.3.1\Problems\SYO\SYO024^1.p","GaveUp","0","0.13"
"C:\TPTP\TPTP-v9.3.1\Problems\SYO\SYO025^1.p","Theorem","0","0.13"
"C:\TPTP\TPTP-v9.3.1\Problems\SYO\SYO026^1.p","Theorem","0","0.14"
"C:\TPTP\TPTP-v9.3.1\Problems\SYO\SYO029^1.p","Theorem","0","0.14"
"C:\TPTP\TPTP-v9.3.1\Problems\SYO\SYO031^1.p","Theorem","0","0.22"
"C:\TPTP\TPTP-v9.3.1\Problems\SYO\SYO034^1.p","GaveUp","0","0.18"
"C:\TPTP\TPTP-v9.3.1\Problems\SYO\SYO037^1.p","GaveUp","0","0.15"
"C:\TPTP\TPTP-v9.3.1\Problems\SYO\SYO028^1.p","Theorem","0","0.25"
"C:\TPTP\TPTP-v9.3.1\Problems\SYO\SYO033^1.p","GaveUp","0","0.18"
"C:\TPTP\TPTP-v9.3.1\Problems\SYO\SYO027^1.p","Theorem","0","0.27"
"C:\TPTP\TPTP-v9.3.1\Problems\SYO\SYO032^1.p","GaveUp","0","0.21"
"C:\TPTP\TPTP-v9.3.1\Problems\SYO\SYO035^1.p","GaveUp","0","0.17"
"C:\TPTP\TPTP-v9.3.1\Problems\SWX\SWX182^1.p","Timeout","0","10.05"
"C:\TPTP\TPTP-v9.3.1\Problems\SWX\SWX184^1.p","Timeout","0","10.05"
"C:\TPTP\TPTP-v9.3.1\Problems\SWX\SWX183^1.p","Timeout","0","10.07"
"C:\TPTP\TPTP-v9.3.1\Problems\SYN\SYN000^3.p","GaveUp","0","10.06"
"C:\TPTP\TPTP-v9.3.1\Problems\SYN\SYN001^4.001.p","Timeout","0","10.09"
"C:\TPTP\TPTP-v9.3.1\Problems\SYO\SYO039^2.p","Theorem","0","0.35"
"C:\TPTP\TPTP-v9.3.1\Problems\SYO\SYO041^2.p","Theorem","0","0.33"
"C:\TPTP\TPTP-v9.3.1\Problems\SYO\SYO042^2.p","GaveUp","0","0.29"
"C:\TPTP\TPTP-v9.3.1\Problems\SYO\SYO043^2.p","CounterSatisfiable","0","0.06"
"C:\TPTP\TPTP-v9.3.1\Problems\SYO\SYO042^1.p","GaveUp","0","0.3"
"C:\TPTP\TPTP-v9.3.1\Problems\SYO\SYO043^1.p","Unsatisfiable","0","0.16"
"C:\TPTP\TPTP-v9.3.1\Problems\SYO\SYO039^1.p","Unsatisfiable","0","0.35"
"C:\TPTP\TPTP-v9.3.1\Problems\SYO\SYO041^1.p","Unsatisfiable","0","0.34"
"C:\TPTP\TPTP-v9.3.1\Problems\SYO\SYO040^2.p","Theorem","0","0.34"
"C:\TPTP\TPTP-v9.3.1\Problems\SYO\SYO040^1.p","Unsatisfiable","0","0.34"
"C:\TPTP\TPTP-v9.3.1\Problems\SYN\SYN001^4.004.p","Timeout","0","10.06"
"C:\TPTP\TPTP-v9.3.1\Problems\SYN\SYN001^4.002.p","Timeout","0","10.1"
"C:\TPTP\TPTP-v9.3.1\Problems\SYN\SYN001^4.003.p","Timeout","0","10.09"
"C:\TPTP\TPTP-v9.3.1\Problems\SYO\SYO044^1.p","Theorem","0","0.05"
"C:\TPTP\TPTP-v9.3.1\Problems\SYO\SYO045^1.p","Theorem","0","0.07"
"C:\TPTP\TPTP-v9.3.1\Problems\SYO\SYO046^1.p","Theorem","0","0.08"
"C:\TPTP\TPTP-v9.3.1\Problems\SYO\SYO047^1.p","Theorem","0","0.1"
"C:\TPTP\TPTP-v9.3.1\Problems\SYO\SYO048^1.p","Theorem","0","0.12"
"C:\TPTP\TPTP-v9.3.1\Problems\SYO\SYO049^1.p","Theorem","0","0.12"
"C:\TPTP\TPTP-v9.3.1\Problems\SYO\SYO050^1.p","CounterSatisfiable","0","0.14"
"C:\TPTP\TPTP-v9.3.1\Problems\SYO\SYO050^2.p","GaveUp","0","0.16"
"C:\TPTP\TPTP-v9.3.1\Problems\SYO\SYO051^1.p","CounterSatisfiable","0","0.16"
"C:\TPTP\TPTP-v9.3.1\Problems\SYO\SYO051^2.p","CounterSatisfiable","0","0.16"
"C:\TPTP\TPTP-v9.3.1\Problems\SYN\SYN007^4.014.p","Timeout","0","10.1"
"C:\TPTP\TPTP-v9.3.1\Problems\SYO\SYO052^1.p","CounterSatisfiable","0","0.18"
"C:\TPTP\TPTP-v9.3.1\Problems\SYO\SYO052^2.p","GaveUp","0","0.19"
"C:\TPTP\TPTP-v9.3.1\Problems\SYO\SYO053^1.p","CounterSatisfiable","0","0.21"
"C:\TPTP\TPTP-v9.3.1\Problems\SYO\SYO053^2.p","GaveUp","0","0.2"
"C:\TPTP\TPTP-v9.3.1\Problems\SYO\SYO054^1.p","CounterSatisfiable","0","0.19"
"C:\TPTP\TPTP-v9.3.1\Problems\SYO\SYO055^1.p","CounterSatisfiable","0","0.18"
"C:\TPTP\TPTP-v9.3.1\Problems\SYO\SYO055^2.p","GaveUp","0","0.16"
"C:\TPTP\TPTP-v9.3.1\Problems\SYN\SYN036^7.p","Timeout","0","10.08"
"C:\TPTP\TPTP-v9.3.1\Problems\SYO\SYO056^1.p","CounterSatisfiable","0","0.17"
"C:\TPTP\TPTP-v9.3.1\Problems\SYO\SYO056^2.p","CounterSatisfiable","0","0.14"
"C:\TPTP\TPTP-v9.3.1\Problems\SYN\SYN040^4.p","Timeout","0","10.06"
"C:\TPTP\TPTP-v9.3.1\Problems\SYO\SYO057^1.p","CounterSatisfiable","0","0.15"
"C:\TPTP\TPTP-v9.3.1\Problems\SYO\SYO057^2.p","GaveUp","0","0.16"
"C:\TPTP\TPTP-v9.3.1\Problems\SYO\SYO058^4.p","Theorem","0","0.16"
"C:\TPTP\TPTP-v9.3.1\Problems\SYO\SYO059^4.p","Theorem","0","0.18"
"C:\TPTP\TPTP-v9.3.1\Problems\SYO\SYO060^4.p","Theorem","0","0.17"
"C:\TPTP\TPTP-v9.3.1\Problems\SYO\SYO061^4.p","Theorem","0","0.17"
"C:\TPTP\TPTP-v9.3.1\Problems\SYO\SYO062^4.002.p","Theorem","0","0.17"
"C:\TPTP\TPTP-v9.3.1\Problems\SYO\SYO064^4.001.p","Theorem","0","0.16"
"C:\TPTP\TPTP-v9.3.1\Problems\SYO\SYO064^4.002.p","Theorem","0","0.17"
"C:\TPTP\TPTP-v9.3.1\Problems\SYO\SYO064^4.003.p","Theorem","0","0.19"
"C:\TPTP\TPTP-v9.3.1\Problems\SYO\SYO064^4.004.p","Theorem","0","0.25"
"C:\TPTP\TPTP-v9.3.1\Problems\SYN\SYN046^4.p","Timeout","0","10.06"
"C:\TPTP\TPTP-v9.3.1\Problems\SYO\SYO062^4.003.p","Theorem","0","0.83"
"C:\TPTP\TPTP-v9.3.1\Problems\SYO\SYO066^4.001.p","Theorem","0","2.13"
"C:\TPTP\TPTP-v9.3.1\Problems\SYO\SYO066^4.003.p","Theorem","0","2.11"
"C:\TPTP\TPTP-v9.3.1\Problems\SYO\SYO066^4.002.p","Theorem","0","2.12"
"C:\TPTP\TPTP-v9.3.1\Problems\SYN\SYN047^4.p","Timeout","0","10.08"
"C:\TPTP\TPTP-v9.3.1\Problems\SYO\SYO067^4.001.p","Theorem","0","2.1"
"C:\TPTP\TPTP-v9.3.1\Problems\SYN\SYN416^7.p","CounterSatisfiable","0","3.97"
"C:\TPTP\TPTP-v9.3.1\Problems\SYN\SYN367^7.p","Timeout","0","10.06"
"C:\TPTP\TPTP-v9.3.1\Problems\SYN\SYN386^5.p","Timeout","0","10.06"
"C:\TPTP\TPTP-v9.3.1\Problems\SYO\SYO069^4.003.p","Theorem","0","2.38"
"C:\TPTP\TPTP-v9.3.1\Problems\SYO\SYO068^4.001.p","Theorem","0","4.03"
"C:\TPTP\TPTP-v9.3.1\Problems\SYO\SYO068^4.020.p","Theorem","0","2.46"
"C:\TPTP\TPTP-v9.3.1\Problems\SYO\SYO069^4.004.p","Theorem","0","2.37"
"C:\TPTP\TPTP-v9.3.1\Problems\SYO\SYO068^4.010.p","Theorem","0","2.46"
"C:\TPTP\TPTP-v9.3.1\Problems\SYO\SYO068^4.005.p","Theorem","0","3.87"
"C:\TPTP\TPTP-v9.3.1\Problems\SYO\SYO069^4.001.p","Theorem","0","2.46"
"C:\TPTP\TPTP-v9.3.1\Problems\SYO\SYO069^4.002.p","Theorem","0","2.46"
"C:\TPTP\TPTP-v9.3.1\Problems\SYN\SYN388^4.p","Timeout","0","10.09"
"C:\TPTP\TPTP-v9.3.1\Problems\SYO\SYO054^2.p","GaveUp","0","5.48"
"C:\TPTP\TPTP-v9.3.1\Problems\SYN\SYN392^4.p","Timeout","0","10.1"
"C:\TPTP\TPTP-v9.3.1\Problems\SYN\SYN393^4.003.p","Timeout","0","10.08"
"C:\TPTP\TPTP-v9.3.1\Problems\SYN\SYN407^7.p","Timeout","0","10.18"
"C:\TPTP\TPTP-v9.3.1\Problems\SYN\SYN991^1.p","Timeout","0","10.09"
"C:\TPTP\TPTP-v9.3.1\Problems\SYO\SYO030^1.p","Timeout","0","10.14"
"C:\TPTP\TPTP-v9.3.1\Problems\SYO\SYO038^1.002.304.p","Timeout","0","10.35"
"C:\TPTP\TPTP-v9.3.1\Problems\SYO\SYO038^1.003.003.p","Timeout","0","10.3"
"C:\TPTP\TPTP-v9.3.1\Problems\SYO\SYO038^1.003.004.p","Timeout","0","10.25"
"C:\TPTP\TPTP-v9.3.1\Problems\SYO\SYO038^1.004.004.p","Timeout","0","10.25"
"C:\TPTP\TPTP-v9.3.1\Problems\SYO\SYO038^1.005.005.p","Timeout","0","10.25"
"C:\TPTP\TPTP-v9.3.1\Problems\SYO\SYO063^4.p","Timeout","0","10.13"
"C:\TPTP\TPTP-v9.3.1\Problems\SYO\SYO062^4.004.p","Timeout","0","10.16"
"C:\TPTP\TPTP-v9.3.1\Problems\SYO\SYO065^4.001.p","Timeout","0","10.16"
"C:\TPTP\TPTP-v9.3.1\Problems\SYO\SYO065^4.002.p","Timeout","0","10.16"
"C:\TPTP\TPTP-v9.3.1\Problems\SYO\SYO065^4.003.p","Timeout","0","10.16"
"C:\TPTP\TPTP-v9.3.1\Problems\SYO\SYO074^4.002.p","CounterSatisfiable","0","0.68"
"C:\TPTP\TPTP-v9.3.1\Problems\SYO\SYO065^4.004.p","Timeout","0","10.18"
"C:\TPTP\TPTP-v9.3.1\Problems\SYO\SYO066^4.004.p","Timeout","0","10.15"
"C:\TPTP\TPTP-v9.3.1\Problems\SYO\SYO080^5.p","Theorem","0","0.13"
"C:\TPTP\TPTP-v9.3.1\Problems\SYO\SYO077^5.p","Theorem","0","0.7"
"C:\TPTP\TPTP-v9.3.1\Problems\SYO\SYO079^5.p","Theorem","0","0.19"
"C:\TPTP\TPTP-v9.3.1\Problems\SYO\SYO076^5.p","Theorem","0","0.71"
"C:\TPTP\TPTP-v9.3.1\Problems\SYO\SYO081^5.p","Theorem","0","0.11"
"C:\TPTP\TPTP-v9.3.1\Problems\SYO\SYO084^5.p","Theorem","0","0.08"
"C:\TPTP\TPTP-v9.3.1\Problems\SYO\SYO078^5.p","Theorem","0","0.19"
"C:\TPTP\TPTP-v9.3.1\Problems\SYO\SYO083^5.p","Theorem","0","0.09"
"C:\TPTP\TPTP-v9.3.1\Problems\SYO\SYO082^5.p","Theorem","0","0.1"
"C:\TPTP\TPTP-v9.3.1\Problems\SYO\SYO067^4.002.p","Timeout","0","10.14"
"C:\TPTP\TPTP-v9.3.1\Problems\SYO\SYO067^4.003.p","Timeout","0","10.14"
"C:\TPTP\TPTP-v9.3.1\Problems\SYO\SYO085^5.p","Theorem","0","0.07"
"C:\TPTP\TPTP-v9.3.1\Problems\SYO\SYO067^4.004.p","Timeout","0","10.06"
"C:\TPTP\TPTP-v9.3.1\Problems\SYO\SYO086^5.p","Theorem","0","0.08"
"C:\TPTP\TPTP-v9.3.1\Problems\SYO\SYO087^5.p","Theorem","0","0.06"
"C:\TPTP\TPTP-v9.3.1\Problems\SYO\SYO088^5.p","Theorem","0","0.07"
"C:\TPTP\TPTP-v9.3.1\Problems\SYO\SYO089^5.p","Theorem","0","0.08"
"C:\TPTP\TPTP-v9.3.1\Problems\SYO\SYO090^5.p","Theorem","0","0.09"
"C:\TPTP\TPTP-v9.3.1\Problems\SYO\SYO091^5.p","Theorem","0","0.1"
"C:\TPTP\TPTP-v9.3.1\Problems\SYO\SYO092^5.p","Theorem","0","0.11"
"C:\TPTP\TPTP-v9.3.1\Problems\SYO\SYO093^5.p","Theorem","0","0.13"
"C:\TPTP\TPTP-v9.3.1\Problems\SYO\SYO094^5.p","Theorem","0","0.14"
"C:\TPTP\TPTP-v9.3.1\Problems\SYO\SYO095^5.p","Theorem","0","0.15"
"C:\TPTP\TPTP-v9.3.1\Problems\SYO\SYO096^5.p","Theorem","0","0.16"
"C:\TPTP\TPTP-v9.3.1\Problems\SYO\SYO098^5.p","Theorem","0","0.17"
"C:\TPTP\TPTP-v9.3.1\Problems\SYO\SYO099^5.p","Theorem","0","0.18"
"C:\TPTP\TPTP-v9.3.1\Problems\SYO\SYO101^5.p","Theorem","0","0.16"
"C:\TPTP\TPTP-v9.3.1\Problems\SYO\SYO102^5.p","Theorem","0","0.16"
"C:\TPTP\TPTP-v9.3.1\Problems\SYO\SYO104^5.p","Theorem","0","0.16"
"C:\TPTP\TPTP-v9.3.1\Problems\SYO\SYO107^5.p","Theorem","0","0.17"
"C:\TPTP\TPTP-v9.3.1\Problems\SYO\SYO108^5.p","Theorem","0","0.15"
"C:\TPTP\TPTP-v9.3.1\Problems\SYO\SYO109^5.p","Theorem","0","0.16"
"C:\TPTP\TPTP-v9.3.1\Problems\SYO\SYO111^5.p","Theorem","0","0.15"
"C:\TPTP\TPTP-v9.3.1\Problems\SYO\SYO112^5.p","Theorem","0","0.15"
"C:\TPTP\TPTP-v9.3.1\Problems\SYO\SYO121^5.p","CounterSatisfiable","0","0.51"
"C:\TPTP\TPTP-v9.3.1\Problems\SYO\SYO119^5.p","Theorem","0","0.55"
"C:\TPTP\TPTP-v9.3.1\Problems\SYO\SYO120^5.p","Theorem","0","0.54"
"C:\TPTP\TPTP-v9.3.1\Problems\SYO\SYO118^5.p","Theorem","0","0.56"
"C:\TPTP\TPTP-v9.3.1\Problems\SYO\SYO114^5.p","Theorem","0","0.56"
"C:\TPTP\TPTP-v9.3.1\Problems\SYO\SYO123^5.p","Theorem","0","0.48"
"C:\TPTP\TPTP-v9.3.1\Problems\SYO\SYO122^5.p","CounterSatisfiable","0","0.49"
"C:\TPTP\TPTP-v9.3.1\Problems\SYO\SYO125^5.p","Theorem","0","0.45"
"C:\TPTP\TPTP-v9.3.1\Problems\SYO\SYO126^5.p","CounterSatisfiable","0","0.44"
"C:\TPTP\TPTP-v9.3.1\Problems\SYO\SYO124^5.p","Theorem","0","0.46"
"C:\TPTP\TPTP-v9.3.1\Problems\SYO\SYO113^5.p","Theorem","0","0.59"
"C:\TPTP\TPTP-v9.3.1\Problems\SYO\SYO128^5.p","Theorem","0","0.06"
"C:\TPTP\TPTP-v9.3.1\Problems\SYO\SYO129^5.p","Theorem","0","0.07"
"C:\TPTP\TPTP-v9.3.1\Problems\SYO\SYO130^5.p","CounterSatisfiable","0","0.08"
"C:\TPTP\TPTP-v9.3.1\Problems\SYO\SYO131^5.p","Theorem","0","0.09"
"C:\TPTP\TPTP-v9.3.1\Problems\SYO\SYO132^5.p","Theorem","0","0.1"
"C:\TPTP\TPTP-v9.3.1\Problems\SYO\SYO105^5.p","Theorem","0","0.81"
"C:\TPTP\TPTP-v9.3.1\Problems\SYO\SYO133^5.p","Theorem","0","0.11"
"C:\TPTP\TPTP-v9.3.1\Problems\SYO\SYO134^5.p","Theorem","0","0.12"
"C:\TPTP\TPTP-v9.3.1\Problems\SYO\SYO135^5.p","Theorem","0","0.12"
"C:\TPTP\TPTP-v9.3.1\Problems\SYO\SYO136^5.p","Theorem","0","0.12"
"C:\TPTP\TPTP-v9.3.1\Problems\SYO\SYO137^5.p","CounterSatisfiable","0","0.13"
"C:\TPTP\TPTP-v9.3.1\Problems\SYO\SYO138^5.p","CounterSatisfiable","0","0.13"
"C:\TPTP\TPTP-v9.3.1\Problems\SYO\SYO139^5.p","Theorem","0","0.13"
"C:\TPTP\TPTP-v9.3.1\Problems\SYO\SYO140^5.p","Theorem","0","0.14"
"C:\TPTP\TPTP-v9.3.1\Problems\SYO\SYO141^5.p","Theorem","0","0.13"
"C:\TPTP\TPTP-v9.3.1\Problems\SYO\SYO142^5.p","Theorem","0","0.14"
"C:\TPTP\TPTP-v9.3.1\Problems\SYO\SYO143^5.p","Theorem","0","0.14"
"C:\TPTP\TPTP-v9.3.1\Problems\SYO\SYO144^5.p","CounterSatisfiable","0","0.15"
"C:\TPTP\TPTP-v9.3.1\Problems\SYO\SYO145^5.p","Theorem","0","0.15"
"C:\TPTP\TPTP-v9.3.1\Problems\SYO\SYO146^5.p","Theorem","0","0.14"
"C:\TPTP\TPTP-v9.3.1\Problems\SYO\SYO147^5.p","Theorem","0","0.14"
"C:\TPTP\TPTP-v9.3.1\Problems\SYO\SYO148^5.p","Theorem","0","0.14"
"C:\TPTP\TPTP-v9.3.1\Problems\SYO\SYO149^5.p","Theorem","0","0.14"
"C:\TPTP\TPTP-v9.3.1\Problems\SYO\SYO150^5.p","CounterSatisfiable","0","0.15"
"C:\TPTP\TPTP-v9.3.1\Problems\SYO\SYO151^5.p","CounterSatisfiable","0","0.15"
"C:\TPTP\TPTP-v9.3.1\Problems\SYO\SYO152^5.p","CounterSatisfiable","0","0.15"
"C:\TPTP\TPTP-v9.3.1\Problems\SYO\SYO153^5.p","CounterSatisfiable","0","0.15"
"C:\TPTP\TPTP-v9.3.1\Problems\SYO\SYO154^5.p","Theorem","0","0.14"
"C:\TPTP\TPTP-v9.3.1\Problems\SYO\SYO155^5.p","CounterSatisfiable","0","0.13"
"C:\TPTP\TPTP-v9.3.1\Problems\SYO\SYO156^5.p","CounterSatisfiable","0","0.14"
"C:\TPTP\TPTP-v9.3.1\Problems\SYO\SYO157^5.p","CounterSatisfiable","0","0.15"
"C:\TPTP\TPTP-v9.3.1\Problems\SYO\SYO158^5.p","CounterSatisfiable","0","0.15"
"C:\TPTP\TPTP-v9.3.1\Problems\SYO\SYO159^5.p","Theorem","0","0.15"
"C:\TPTP\TPTP-v9.3.1\Problems\SYO\SYO160^5.p","Theorem","0","0.15"
"C:\TPTP\TPTP-v9.3.1\Problems\SYO\SYO161^5.p","Theorem","0","0.16"
"C:\TPTP\TPTP-v9.3.1\Problems\SYO\SYO163^5.p","CounterSatisfiable","0","0.15"
"C:\TPTP\TPTP-v9.3.1\Problems\SYO\SYO164^5.p","CounterSatisfiable","0","0.13"
"C:\TPTP\TPTP-v9.3.1\Problems\SYO\SYO070^4.001.p","Timeout","0","10.13"
"C:\TPTP\TPTP-v9.3.1\Problems\SYO\SYO070^4.002.p","Timeout","0","10.05"
"C:\TPTP\TPTP-v9.3.1\Problems\SYO\SYO169^5.p","Theorem","0","3.15"
"C:\TPTP\TPTP-v9.3.1\Problems\SYO\SYO171^5.p","Theorem","0","3.12"
"C:\TPTP\TPTP-v9.3.1\Problems\SYO\SYO170^5.p","Theorem","0","3.13"
"C:\TPTP\TPTP-v9.3.1\Problems\SYO\SYO175^5.p","Theorem","0","3.08"
"C:\TPTP\TPTP-v9.3.1\Problems\SYO\SYO178^5.p","Theorem","0","3.06"
"C:\TPTP\TPTP-v9.3.1\Problems\SYO\SYO070^4.003.p","Timeout","0","10.05"
"C:\TPTP\TPTP-v9.3.1\Problems\SYO\SYO179^5.p","Theorem","0","0.89"
"C:\TPTP\TPTP-v9.3.1\Problems\SYO\SYO180^5.p","Theorem","0","0.49"
"C:\TPTP\TPTP-v9.3.1\Problems\SYO\SYO174^5.p","Theorem","0","3.1"
"C:\TPTP\TPTP-v9.3.1\Problems\SYO\SYO176^5.p","CounterSatisfiable","0","3.07"
"C:\TPTP\TPTP-v9.3.1\Problems\SYO\SYO070^4.004.p","Timeout","0","10.06"
"C:\TPTP\TPTP-v9.3.1\Problems\SYO\SYO071^4.001.p","Timeout","0","10.06"
"C:\TPTP\TPTP-v9.3.1\Problems\SYO\SYO071^4.002.p","Timeout","0","10.07"
"C:\TPTP\TPTP-v9.3.1\Problems\SYO\SYO071^4.003.p","Timeout","0","10.09"
"C:\TPTP\TPTP-v9.3.1\Problems\SYO\SYO071^4.004.p","Timeout","0","10.1"
"C:\TPTP\TPTP-v9.3.1\Problems\SYO\SYO072^4.001.p","Timeout","0","10.13"
"C:\TPTP\TPTP-v9.3.1\Problems\SYO\SYO181^5.p","Theorem","0","0.14"
"C:\TPTP\TPTP-v9.3.1\Problems\SYO\SYO072^4.002.p","Timeout","0","10.18"
"C:\TPTP\TPTP-v9.3.1\Problems\SYO\SYO182^5.p","Theorem","0","0.15"
"C:\TPTP\TPTP-v9.3.1\Problems\SYO\SYO072^4.003.p","Timeout","0","10.18"
"C:\TPTP\TPTP-v9.3.1\Problems\SYO\SYO183^5.p","Theorem","0","0.15"
"C:\TPTP\TPTP-v9.3.1\Problems\SYO\SYO184^5.p","Theorem","0","0.17"
"C:\TPTP\TPTP-v9.3.1\Problems\SYO\SYO183^6.p","Theorem","0","0.17"
"C:\TPTP\TPTP-v9.3.1\Problems\SYO\SYO185^5.p","Theorem","0","0.17"
"C:\TPTP\TPTP-v9.3.1\Problems\SYO\SYO186^5.p","Theorem","0","0.18"
"C:\TPTP\TPTP-v9.3.1\Problems\SYO\SYO187^5.p","Theorem","0","0.21"
"C:\TPTP\TPTP-v9.3.1\Problems\SYO\SYO188^5.p","Theorem","0","0.22"
"C:\TPTP\TPTP-v9.3.1\Problems\SYO\SYO189^5.p","Theorem","0","0.23"
"C:\TPTP\TPTP-v9.3.1\Problems\SYO\SYO190^5.p","Theorem","0","0.24"
"C:\TPTP\TPTP-v9.3.1\Problems\SYO\SYO191^5.p","Theorem","0","0.24"
"C:\TPTP\TPTP-v9.3.1\Problems\SYO\SYO192^5.p","Theorem","0","0.25"
"C:\TPTP\TPTP-v9.3.1\Problems\SYO\SYO193^5.p","GaveUp","0","0.26"
"C:\TPTP\TPTP-v9.3.1\Problems\SYO\SYO195^5.p","Theorem","0","0.22"
"C:\TPTP\TPTP-v9.3.1\Problems\SYO\SYO196^5.p","Theorem","0","0.19"
"C:\TPTP\TPTP-v9.3.1\Problems\SYO\SYO197^5.p","Theorem","0","0.19"
"C:\TPTP\TPTP-v9.3.1\Problems\SYO\SYO198^5.p","Theorem","0","0.18"
"C:\TPTP\TPTP-v9.3.1\Problems\SYO\SYO199^5.p","GaveUp","0","0.18"
"C:\TPTP\TPTP-v9.3.1\Problems\SYO\SYO202^5.p","Theorem","0","0.2"
"C:\TPTP\TPTP-v9.3.1\Problems\SYO\SYO203^5.p","Theorem","0","0.21"
"C:\TPTP\TPTP-v9.3.1\Problems\SYO\SYO204^5.p","Theorem","0","0.22"
"C:\TPTP\TPTP-v9.3.1\Problems\SYO\SYO205^5.p","Theorem","0","0.23"
"C:\TPTP\TPTP-v9.3.1\Problems\SYO\SYO206^5.p","Theorem","0","0.21"
"C:\TPTP\TPTP-v9.3.1\Problems\SYO\SYO207^5.p","Theorem","0","0.21"
"C:\TPTP\TPTP-v9.3.1\Problems\SYO\SYO208^5.p","GaveUp","0","0.21"
"C:\TPTP\TPTP-v9.3.1\Problems\SYO\SYO209^5.p","GaveUp","0","0.21"
"C:\TPTP\TPTP-v9.3.1\Problems\SYO\SYO210^5.p","CounterSatisfiable","0","0.21"
"C:\TPTP\TPTP-v9.3.1\Problems\SYO\SYO211^5.p","CounterSatisfiable","0","0.21"
"C:\TPTP\TPTP-v9.3.1\Problems\SYO\SYO212^5.p","Theorem","0","0.2"
"C:\TPTP\TPTP-v9.3.1\Problems\SYO\SYO213^5.p","GaveUp","0","0.2"
"C:\TPTP\TPTP-v9.3.1\Problems\SYO\SYO214^5.p","Theorem","0","0.19"
"C:\TPTP\TPTP-v9.3.1\Problems\SYO\SYO215^5.p","Theorem","0","0.2"
"C:\TPTP\TPTP-v9.3.1\Problems\SYO\SYO216^5.p","Theorem","0","0.19"
"C:\TPTP\TPTP-v9.3.1\Problems\SYO\SYO217^5.p","Theorem","0","0.2"
"C:\TPTP\TPTP-v9.3.1\Problems\SYO\SYO218^5.p","GaveUp","0","0.18"
"C:\TPTP\TPTP-v9.3.1\Problems\SYO\SYO072^4.004.p","Timeout","0","10.06"
"C:\TPTP\TPTP-v9.3.1\Problems\SYO\SYO219^5.p","GaveUp","0","0.18"
"C:\TPTP\TPTP-v9.3.1\Problems\SYO\SYO220^5.p","Theorem","0","0.19"
"C:\TPTP\TPTP-v9.3.1\Problems\SYO\SYO073^4.001.p","Timeout","0","10.07"
"C:\TPTP\TPTP-v9.3.1\Problems\SYO\SYO221^5.p","GaveUp","0","0.19"
"C:\TPTP\TPTP-v9.3.1\Problems\SYO\SYO223^5.p","Theorem","0","0.21"
"C:\TPTP\TPTP-v9.3.1\Problems\SYO\SYO224^5.p","GaveUp","0","0.2"
"C:\TPTP\TPTP-v9.3.1\Problems\SYO\SYO225^5.p","Theorem","0","0.2"
"C:\TPTP\TPTP-v9.3.1\Problems\SYO\SYO226^5.p","GaveUp","0","0.2"
"C:\TPTP\TPTP-v9.3.1\Problems\SYO\SYO228^5.p","Theorem","0","0.2"
"C:\TPTP\TPTP-v9.3.1\Problems\SYO\SYO232^5.p","Theorem","0","0.18"
"C:\TPTP\TPTP-v9.3.1\Problems\SYO\SYO233^5.p","GaveUp","0","0.19"
"C:\TPTP\TPTP-v9.3.1\Problems\SYO\SYO235^5.p","Theorem","0","0.2"
"C:\TPTP\TPTP-v9.3.1\Problems\SYO\SYO236^5.p","GaveUp","0","0.21"
"C:\TPTP\TPTP-v9.3.1\Problems\SYO\SYO237^5.p","Theorem","0","0.21"
"C:\TPTP\TPTP-v9.3.1\Problems\SYO\SYO238^5.p","Theorem","0","0.21"
"C:\TPTP\TPTP-v9.3.1\Problems\SYO\SYO240^5.p","GaveUp","0","0.19"
"C:\TPTP\TPTP-v9.3.1\Problems\SYO\SYO241^5.p","Theorem","0","0.2"
"C:\TPTP\TPTP-v9.3.1\Problems\SYO\SYO242^5.p","GaveUp","0","0.22"
"C:\TPTP\TPTP-v9.3.1\Problems\SYO\SYO243^5.p","GaveUp","0","0.22"
"C:\TPTP\TPTP-v9.3.1\Problems\SYO\SYO245^5.p","GaveUp","0","0.19"
"C:\TPTP\TPTP-v9.3.1\Problems\SYO\SYO247^5.p","CounterSatisfiable","0","0.15"
"C:\TPTP\TPTP-v9.3.1\Problems\SYO\SYO248^5.p","Theorem","0","0.15"
"C:\TPTP\TPTP-v9.3.1\Problems\SYO\SYO249^5.p","Theorem","0","0.16"
"C:\TPTP\TPTP-v9.3.1\Problems\SYO\SYO250^5.p","Theorem","0","0.15"
"C:\TPTP\TPTP-v9.3.1\Problems\SYO\SYO252^5.p","Theorem","0","0.11"
"C:\TPTP\TPTP-v9.3.1\Problems\SYO\SYO253^5.p","Theorem","0","0.12"
"C:\TPTP\TPTP-v9.3.1\Problems\SYO\SYO255^5.p","GaveUp","0","0.1"
"C:\TPTP\TPTP-v9.3.1\Problems\SYO\SYO256^5.p","Theorem","0","0.08"
"C:\TPTP\TPTP-v9.3.1\Problems\SYO\SYO258^5.p","Theorem","0","0.11"
"C:\TPTP\TPTP-v9.3.1\Problems\SYO\SYO260^5.p","GaveUp","0","0.12"
"C:\TPTP\TPTP-v9.3.1\Problems\SYO\SYO261^5.p","Theorem","0","0.14"
"C:\TPTP\TPTP-v9.3.1\Problems\SYO\SYO263^5.p","GaveUp","0","0.13"
"C:\TPTP\TPTP-v9.3.1\Problems\SYO\SYO264^5.p","GaveUp","0","0.13"
"C:\TPTP\TPTP-v9.3.1\Problems\SYO\SYO265^5.p","Theorem","0","0.14"
"C:\TPTP\TPTP-v9.3.1\Problems\SYO\SYO266^5.p","GaveUp","0","0.11"
"C:\TPTP\TPTP-v9.3.1\Problems\SYO\SYO267^5.p","GaveUp","0","0.07"
"C:\TPTP\TPTP-v9.3.1\Problems\SYO\SYO268^5.p","GaveUp","0","0.08"
"C:\TPTP\TPTP-v9.3.1\Problems\SYO\SYO269^5.p","GaveUp","0","0.1"
"C:\TPTP\TPTP-v9.3.1\Problems\SYO\SYO270^5.p","GaveUp","0","0.08"
"C:\TPTP\TPTP-v9.3.1\Problems\SYO\SYO271^5.p","Theorem","0","0.07"
"C:\TPTP\TPTP-v9.3.1\Problems\SYO\SYO274^5.p","Theorem","0","0.07"
"C:\TPTP\TPTP-v9.3.1\Problems\SYO\SYO276^5.p","GaveUp","0","0.07"
"C:\TPTP\TPTP-v9.3.1\Problems\SYO\SYO277^5.p","GaveUp","0","0.08"
"C:\TPTP\TPTP-v9.3.1\Problems\SYO\SYO278^5.p","CounterSatisfiable","0","0.07"
"C:\TPTP\TPTP-v9.3.1\Problems\SYO\SYO279^5.p","CounterSatisfiable","0","0.07"
"C:\TPTP\TPTP-v9.3.1\Problems\SYO\SYO280^5.p","CounterSatisfiable","0","0.07"
"C:\TPTP\TPTP-v9.3.1\Problems\SYO\SYO281^5.p","Theorem","0","0.08"
"C:\TPTP\TPTP-v9.3.1\Problems\SYO\SYO282^5.p","Theorem","0","0.08"
"C:\TPTP\TPTP-v9.3.1\Problems\SYO\SYO284^5.p","CounterSatisfiable","0","0.08"
"C:\TPTP\TPTP-v9.3.1\Problems\SYO\SYO285^5.p","Theorem","0","0.12"
"C:\TPTP\TPTP-v9.3.1\Problems\SYO\SYO287^5.p","GaveUp","0","0.14"
"C:\TPTP\TPTP-v9.3.1\Problems\SYO\SYO289^5.p","Theorem","0","0.08"
"C:\TPTP\TPTP-v9.3.1\Problems\SYO\SYO288^5.p","GaveUp","0","0.13"
"C:\TPTP\TPTP-v9.3.1\Problems\SYO\SYO290^5.p","Theorem","0","0.07"
"C:\TPTP\TPTP-v9.3.1\Problems\SYO\SYO291^5.p","Theorem","0","0.09"
"C:\TPTP\TPTP-v9.3.1\Problems\SYO\SYO292^5.p","Theorem","0","0.1"
"C:\TPTP\TPTP-v9.3.1\Problems\SYO\SYO293^5.p","Theorem","0","0.07"
"C:\TPTP\TPTP-v9.3.1\Problems\SYO\SYO294^5.p","CounterSatisfiable","0","0.08"
"C:\TPTP\TPTP-v9.3.1\Problems\SYO\SYO296^5.p","GaveUp","0","0.12"
"C:\TPTP\TPTP-v9.3.1\Problems\SYO\SYO297^5.p","CounterSatisfiable","0","0.1"
"C:\TPTP\TPTP-v9.3.1\Problems\SYO\SYO298^5.p","GaveUp","0","0.08"
"C:\TPTP\TPTP-v9.3.1\Problems\SYO\SYO299^5.p","Theorem","0","0.1"
"C:\TPTP\TPTP-v9.3.1\Problems\SYO\SYO301^5.p","Theorem","0","0.08"
"C:\TPTP\TPTP-v9.3.1\Problems\SYO\SYO073^4.002.p","Timeout","0","10.13"
"C:\TPTP\TPTP-v9.3.1\Problems\SYO\SYO303^5.p","Theorem","0","0.12"
"C:\TPTP\TPTP-v9.3.1\Problems\SYO\SYO304^5.p","Theorem","0","0.12"
"C:\TPTP\TPTP-v9.3.1\Problems\SYO\SYO305^5.p","Theorem","0","0.09"
"C:\TPTP\TPTP-v9.3.1\Problems\SYO\SYO306^5.p","Theorem","0","0.08"
"C:\TPTP\TPTP-v9.3.1\Problems\SYO\SYO200^5.p","GaveUp","0","2.73"
"C:\TPTP\TPTP-v9.3.1\Problems\SYO\SYO307^5.p","GaveUp","0","0.14"
"C:\TPTP\TPTP-v9.3.1\Problems\SYO\SYO308^5.p","Theorem","0","0.17"
"C:\TPTP\TPTP-v9.3.1\Problems\SYO\SYO300^5.p","Theorem","0","1.09"
"C:\TPTP\TPTP-v9.3.1\Problems\SYO\SYO310^5.p","GaveUp","0","0.11"
"C:\TPTP\TPTP-v9.3.1\Problems\SYO\SYO311^5.p","GaveUp","0","0.09"
"C:\TPTP\TPTP-v9.3.1\Problems\SYO\SYO309^5.p","GaveUp","0","0.55"
"C:\TPTP\TPTP-v9.3.1\Problems\SYO\SYO314^5.p","Theorem","0","0.12"
"C:\TPTP\TPTP-v9.3.1\Problems\SYO\SYO073^4.003.p","Timeout","0","10.09"
"C:\TPTP\TPTP-v9.3.1\Problems\SYO\SYO315^5.p","Theorem","0","0.1"
"C:\TPTP\TPTP-v9.3.1\Problems\SYO\SYO073^4.004.p","Timeout","0","10.08"
"C:\TPTP\TPTP-v9.3.1\Problems\SYO\SYO316^5.p","GaveUp","0","0.37"
"C:\TPTP\TPTP-v9.3.1\Problems\SYO\SYO318^5.p","GaveUp","0","0.09"
"C:\TPTP\TPTP-v9.3.1\Problems\SYO\SYO323^5.p","CounterSatisfiable","0","0.1"
"C:\TPTP\TPTP-v9.3.1\Problems\SYO\SYO324^5.p","Theorem","0","0.16"
"C:\TPTP\TPTP-v9.3.1\Problems\SYO\SYO325^5.p","GaveUp","0","0.11"
"C:\TPTP\TPTP-v9.3.1\Problems\SYO\SYO103^5.p","Theorem","0","8.82"
"C:\TPTP\TPTP-v9.3.1\Problems\SYO\SYO326^5.p","GaveUp","0","0.1"
"C:\TPTP\TPTP-v9.3.1\Problems\SYO\SYO074^4.001.p","Timeout","0","10.15"
"C:\TPTP\TPTP-v9.3.1\Problems\SYO\SYO328^5.p","CounterSatisfiable","0","0.12"
"C:\TPTP\TPTP-v9.3.1\Problems\SYO\SYO331^5.p","Theorem","0","0.11"
"C:\TPTP\TPTP-v9.3.1\Problems\SYO\SYO074^4.003.p","Timeout","0","10.11"
"C:\TPTP\TPTP-v9.3.1\Problems\SYO\SYO332^5.p","GaveUp","0","0.12"
"C:\TPTP\TPTP-v9.3.1\Problems\SYO\SYO074^4.004.p","Timeout","0","10.1"
"C:\TPTP\TPTP-v9.3.1\Problems\SYO\SYO286^5.p","GaveUp","0","5.2"
"C:\TPTP\TPTP-v9.3.1\Problems\SYO\SYO165^5.p","Timeout","0","10.14"
"C:\TPTP\TPTP-v9.3.1\Problems\SYO\SYO166^5.p","Timeout","0","10.29"
"C:\TPTP\TPTP-v9.3.1\Problems\SYO\SYO168^5.p","Timeout","0","10.31"
"C:\TPTP\TPTP-v9.3.1\Problems\SYO\SYO173^5.p","Timeout","0","10.27"
"C:\TPTP\TPTP-v9.3.1\Problems\SYO\SYO167^5.p","Timeout","0","10.36"
"C:\TPTP\TPTP-v9.3.1\Problems\SYO\SYO340^5.p","GaveUp","0","0.1"
"C:\TPTP\TPTP-v9.3.1\Problems\SYO\SYO339^5.p","GaveUp","0","0.11"
"C:\TPTP\TPTP-v9.3.1\Problems\SYO\SYO341^5.p","GaveUp","0","0.1"
"C:\TPTP\TPTP-v9.3.1\Problems\SYO\SYO344^5.p","Theorem","0","0.1"
"C:\TPTP\TPTP-v9.3.1\Problems\SYO\SYO346^5.p","Theorem","0","0.07"
"C:\TPTP\TPTP-v9.3.1\Problems\SYO\SYO345^5.p","Theorem","0","0.13"
"C:\TPTP\TPTP-v9.3.1\Problems\SYO\SYO347^5.p","Theorem","0","0.08"
"C:\TPTP\TPTP-v9.3.1\Problems\SYO\SYO348^5.p","Theorem","0","0.07"
"C:\TPTP\TPTP-v9.3.1\Problems\SYO\SYO349^5.p","Theorem","0","0.1"
"C:\TPTP\TPTP-v9.3.1\Problems\SYO\SYO194^5.p","GaveUp","0","7.57"
"C:\TPTP\TPTP-v9.3.1\Problems\SYO\SYO350^5.p","Theorem","0","0.09"
"C:\TPTP\TPTP-v9.3.1\Problems\SYO\SYO351^5.p","Theorem","0","0.09"
"C:\TPTP\TPTP-v9.3.1\Problems\SYO\SYO352^5.p","GaveUp","0","0.08"
"C:\TPTP\TPTP-v9.3.1\Problems\SYO\SYO353^5.p","Theorem","0","0.08"
"C:\TPTP\TPTP-v9.3.1\Problems\SYO\SYO354^5.p","GaveUp","0","0.08"
"C:\TPTP\TPTP-v9.3.1\Problems\SYO\SYO355^5.p","Theorem","0","0.08"
"C:\TPTP\TPTP-v9.3.1\Problems\SYO\SYO356^5.p","GaveUp","0","0.07"
"C:\TPTP\TPTP-v9.3.1\Problems\SYO\SYO357^5.p","Theorem","0","0.08"
"C:\TPTP\TPTP-v9.3.1\Problems\SYO\SYO358^5.p","Theorem","0","0.06"
"C:\TPTP\TPTP-v9.3.1\Problems\SYO\SYO359^5.p","Theorem","0","0.07"
"C:\TPTP\TPTP-v9.3.1\Problems\SYO\SYO360^5.p","Theorem","0","0.07"
"C:\TPTP\TPTP-v9.3.1\Problems\SYO\SYO361^5.p","GaveUp","0","0.07"
"C:\TPTP\TPTP-v9.3.1\Problems\SYO\SYO362^5.p","Theorem","0","0.08"
"C:\TPTP\TPTP-v9.3.1\Problems\SYO\SYO363^5.p","Theorem","0","0.08"
"C:\TPTP\TPTP-v9.3.1\Problems\SYO\SYO364^5.p","GaveUp","0","0.07"
"C:\TPTP\TPTP-v9.3.1\Problems\SYO\SYO365^5.p","Theorem","0","0.06"
"C:\TPTP\TPTP-v9.3.1\Problems\SYO\SYO367^5.p","Theorem","0","0.06"
"C:\TPTP\TPTP-v9.3.1\Problems\SYO\SYO366^5.p","Theorem","0","0.08"
"C:\TPTP\TPTP-v9.3.1\Problems\SYO\SYO369^5.p","Theorem","0","0.08"
"C:\TPTP\TPTP-v9.3.1\Problems\SYO\SYO368^5.p","Theorem","0","0.13"
"C:\TPTP\TPTP-v9.3.1\Problems\SYO\SYO370^5.p","Theorem","0","0.08"
"C:\TPTP\TPTP-v9.3.1\Problems\SYO\SYO371^5.p","Theorem","0","0.08"
"C:\TPTP\TPTP-v9.3.1\Problems\SYO\SYO372^5.p","Theorem","0","0.07"
"C:\TPTP\TPTP-v9.3.1\Problems\SYO\SYO373^5.p","Theorem","0","0.08"
"C:\TPTP\TPTP-v9.3.1\Problems\SYO\SYO374^5.p","GaveUp","0","0.1"
"C:\TPTP\TPTP-v9.3.1\Problems\SYO\SYO375^5.p","Theorem","0","0.09"
"C:\TPTP\TPTP-v9.3.1\Problems\SYO\SYO376^5.p","Theorem","0","0.07"
"C:\TPTP\TPTP-v9.3.1\Problems\SYO\SYO377^5.p","Theorem","0","0.07"
"C:\TPTP\TPTP-v9.3.1\Problems\SYO\SYO380^5.p","Theorem","0","0.07"
"C:\TPTP\TPTP-v9.3.1\Problems\SYO\SYO378^5.p","GaveUp","0","0.08"
"C:\TPTP\TPTP-v9.3.1\Problems\SYO\SYO379^5.p","GaveUp","0","0.09"
"C:\TPTP\TPTP-v9.3.1\Problems\SYO\SYO381^5.p","Theorem","0","0.07"
"C:\TPTP\TPTP-v9.3.1\Problems\SYO\SYO382^5.p","Theorem","0","0.07"
"C:\TPTP\TPTP-v9.3.1\Problems\SYO\SYO384^5.p","Theorem","0","0.09"
"C:\TPTP\TPTP-v9.3.1\Problems\SYO\SYO222^5.p","Timeout","0","10.2"
"C:\TPTP\TPTP-v9.3.1\Problems\SYO\SYO230^5.p","Timeout","0","10.19"
"C:\TPTP\TPTP-v9.3.1\Problems\SYO\SYO227^5.p","Timeout","0","10.23"
"C:\TPTP\TPTP-v9.3.1\Problems\SYO\SYO229^5.p","Timeout","0","10.21"
"C:\TPTP\TPTP-v9.3.1\Problems\SYO\SYO231^5.p","Timeout","0","10.19"
"C:\TPTP\TPTP-v9.3.1\Problems\SYO\SYO234^5.p","Timeout","0","10.2"
"C:\TPTP\TPTP-v9.3.1\Problems\SYO\SYO389^5.p","Theorem","0","0.07"
"C:\TPTP\TPTP-v9.3.1\Problems\SYO\SYO390^5.p","Theorem","0","0.09"
"C:\TPTP\TPTP-v9.3.1\Problems\SYO\SYO239^5.p","Timeout","0","10.23"
"C:\TPTP\TPTP-v9.3.1\Problems\SYO\SYO392^1.p","Theorem","0","0.09"
"C:\TPTP\TPTP-v9.3.1\Problems\SYO\SYO393^1.p","Theorem","0","0.07"
"C:\TPTP\TPTP-v9.3.1\Problems\SYO\SYO394^1.p","Theorem","0","0.08"
"C:\TPTP\TPTP-v9.3.1\Problems\SYO\SYO244^5.p","Timeout","0","10.2"
"C:\TPTP\TPTP-v9.3.1\Problems\SYO\SYO246^5.p","Timeout","0","10.15"
"C:\TPTP\TPTP-v9.3.1\Problems\SYO\SYO395^1.p","Theorem","0","0.07"
"C:\TPTP\TPTP-v9.3.1\Problems\SYO\SYO396^1.p","Theorem","0","0.08"
"C:\TPTP\TPTP-v9.3.1\Problems\SYO\SYO397^1.p","Theorem","0","0.09"
"C:\TPTP\TPTP-v9.3.1\Problems\SYO\SYO398^1.p","Theorem","0","0.08"
"C:\TPTP\TPTP-v9.3.1\Problems\SYO\SYO399^1.p","Theorem","0","0.07"
"C:\TPTP\TPTP-v9.3.1\Problems\SYO\SYO401^1.p","Theorem","0","0.1"
"C:\TPTP\TPTP-v9.3.1\Problems\SYO\SYO400^1.p","Theorem","0","0.11"
"C:\TPTP\TPTP-v9.3.1\Problems\SYO\SYO403^1.p","Theorem","0","0.09"
"C:\TPTP\TPTP-v9.3.1\Problems\SYO\SYO402^1.p","Theorem","0","0.12"
"C:\TPTP\TPTP-v9.3.1\Problems\SYO\SYO257^5.p","Timeout","0","10.14"
"C:\TPTP\TPTP-v9.3.1\Problems\SYO\SYO404^1.p","Theorem","0","0.12"
"C:\TPTP\TPTP-v9.3.1\Problems\SYO\SYO259^5.p","Timeout","0","10.13"
"C:\TPTP\TPTP-v9.3.1\Problems\SYO\SYO405^1.p","Theorem","0","0.11"
"C:\TPTP\TPTP-v9.3.1\Problems\SYO\SYO406^1.p","Theorem","0","0.1"
"C:\TPTP\TPTP-v9.3.1\Problems\SYO\SYO407^1.p","Theorem","0","0.07"
"C:\TPTP\TPTP-v9.3.1\Problems\SYO\SYO262^5.p","Timeout","0","10.14"
"C:\TPTP\TPTP-v9.3.1\Problems\SYO\SYO408^1.p","Theorem","0","0.06"
"C:\TPTP\TPTP-v9.3.1\Problems\SYO\SYO409^1.p","Theorem","0","0.08"
"C:\TPTP\TPTP-v9.3.1\Problems\SYO\SYO410^1.p","Theorem","0","0.08"
"C:\TPTP\TPTP-v9.3.1\Problems\SYO\SYO411^1.p","Theorem","0","0.09"
"C:\TPTP\TPTP-v9.3.1\Problems\SYO\SYO412^1.p","Theorem","0","0.1"
"C:\TPTP\TPTP-v9.3.1\Problems\SYO\SYO413^1.p","Theorem","0","0.11"
"C:\TPTP\TPTP-v9.3.1\Problems\SYO\SYO414^1.p","Theorem","0","0.12"
"C:\TPTP\TPTP-v9.3.1\Problems\SYO\SYO415^1.p","Theorem","0","0.13"
"C:\TPTP\TPTP-v9.3.1\Problems\SYO\SYO416^1.p","Theorem","0","0.13"
"C:\TPTP\TPTP-v9.3.1\Problems\SYO\SYO272^5.p","Timeout","0","10.07"
"C:\TPTP\TPTP-v9.3.1\Problems\SYO\SYO417^1.p","Theorem","0","0.14"
"C:\TPTP\TPTP-v9.3.1\Problems\SYO\SYO418^1.p","Theorem","0","0.12"
"C:\TPTP\TPTP-v9.3.1\Problems\SYO\SYO419^1.p","Theorem","0","0.12"
"C:\TPTP\TPTP-v9.3.1\Problems\SYO\SYO420^1.p","Theorem","0","0.13"
"C:\TPTP\TPTP-v9.3.1\Problems\SYO\SYO421^1.p","Theorem","0","0.12"
"C:\TPTP\TPTP-v9.3.1\Problems\SYO\SYO422^1.p","Theorem","0","0.12"
"C:\TPTP\TPTP-v9.3.1\Problems\SYO\SYO423^1.p","Theorem","0","0.12"
"C:\TPTP\TPTP-v9.3.1\Problems\SYO\SYO424^1.p","Theorem","0","0.12"
"C:\TPTP\TPTP-v9.3.1\Problems\SYO\SYO425^1.p","Theorem","0","0.11"
"C:\TPTP\TPTP-v9.3.1\Problems\SYO\SYO275^5.p","Timeout","0","10.14"
"C:\TPTP\TPTP-v9.3.1\Problems\SYO\SYO426^1.p","Theorem","0","0.11"
"C:\TPTP\TPTP-v9.3.1\Problems\SYO\SYO427^1.p","Theorem","0","0.11"
"C:\TPTP\TPTP-v9.3.1\Problems\SYO\SYO428^1.p","Theorem","0","0.12"
"C:\TPTP\TPTP-v9.3.1\Problems\SYO\SYO429^1.p","Theorem","0","0.13"
"C:\TPTP\TPTP-v9.3.1\Problems\SYO\SYO430^1.p","Theorem","0","0.13"
"C:\TPTP\TPTP-v9.3.1\Problems\SYO\SYO432^1.p","Theorem","0","0.12"
"C:\TPTP\TPTP-v9.3.1\Problems\SYO\SYO431^1.p","Theorem","0","0.14"
"C:\TPTP\TPTP-v9.3.1\Problems\SYO\SYO433^1.p","Theorem","0","0.12"
"C:\TPTP\TPTP-v9.3.1\Problems\SYO\SYO434^1.p","Theorem","0","0.11"
"C:\TPTP\TPTP-v9.3.1\Problems\SYO\SYO435^1.p","Theorem","0","0.12"
"C:\TPTP\TPTP-v9.3.1\Problems\SYO\SYO436^1.p","Theorem","0","0.14"
"C:\TPTP\TPTP-v9.3.1\Problems\SYO\SYO437^1.p","Theorem","0","0.15"
"C:\TPTP\TPTP-v9.3.1\Problems\SYO\SYO438^1.p","Theorem","0","0.15"
"C:\TPTP\TPTP-v9.3.1\Problems\SYO\SYO439^1.p","Theorem","0","0.16"
"C:\TPTP\TPTP-v9.3.1\Problems\SYO\SYO440^1.p","Theorem","0","0.15"
"C:\TPTP\TPTP-v9.3.1\Problems\SYO\SYO441^1.p","Theorem","0","0.17"
"C:\TPTP\TPTP-v9.3.1\Problems\SYO\SYO442^1.p","Theorem","0","0.14"
"C:\TPTP\TPTP-v9.3.1\Problems\SYO\SYO443^1.p","Theorem","0","0.15"
"C:\TPTP\TPTP-v9.3.1\Problems\SYO\SYO444^1.p","Theorem","0","0.16"
"C:\TPTP\TPTP-v9.3.1\Problems\SYO\SYO445^1.p","Theorem","0","0.16"
"C:\TPTP\TPTP-v9.3.1\Problems\SYO\SYO446^1.p","Theorem","0","0.18"
"C:\TPTP\TPTP-v9.3.1\Problems\SYO\SYO447^1.p","Theorem","0","0.17"
"C:\TPTP\TPTP-v9.3.1\Problems\SYO\SYO448^1.p","Theorem","0","0.15"
"C:\TPTP\TPTP-v9.3.1\Problems\SYO\SYO449^1.p","Theorem","0","0.16"
"C:\TPTP\TPTP-v9.3.1\Problems\SYO\SYO450^1.p","CounterSatisfiable","0","0.16"
"C:\TPTP\TPTP-v9.3.1\Problems\SYO\SYO450^3.p","Theorem","0","0.15"
"C:\TPTP\TPTP-v9.3.1\Problems\SYO\SYO450^4.p","Theorem","0","0.14"
"C:\TPTP\TPTP-v9.3.1\Problems\SYO\SYO450^5.p","Theorem","0","0.15"
"C:\TPTP\TPTP-v9.3.1\Problems\SYO\SYO450^6.p","Theorem","0","0.14"
"C:\TPTP\TPTP-v9.3.1\Problems\SYO\SYO451^1.p","CounterSatisfiable","0","0.14"
"C:\TPTP\TPTP-v9.3.1\Problems\SYO\SYO451^2.p","CounterSatisfiable","0","0.16"
"C:\TPTP\TPTP-v9.3.1\Problems\SYO\SYO451^3.p","CounterSatisfiable","0","0.17"
"C:\TPTP\TPTP-v9.3.1\Problems\SYO\SYO451^4.p","CounterSatisfiable","0","0.16"
"C:\TPTP\TPTP-v9.3.1\Problems\SYO\SYO451^5.p","Theorem","0","0.15"
"C:\TPTP\TPTP-v9.3.1\Problems\SYO\SYO295^5.p","Timeout","0","10.05"
"C:\TPTP\TPTP-v9.3.1\Problems\SYO\SYO451^6.p","Theorem","0","0.22"
"C:\TPTP\TPTP-v9.3.1\Problems\SYO\SYO452^1.p","CounterSatisfiable","0","0.24"
"C:\TPTP\TPTP-v9.3.1\Problems\SYO\SYO452^2.p","CounterSatisfiable","0","0.23"
"C:\TPTP\TPTP-v9.3.1\Problems\SYO\SYO452^3.p","CounterSatisfiable","0","0.25"
"C:\TPTP\TPTP-v9.3.1\Problems\SYO\SYO452^4.p","CounterSatisfiable","0","0.25"
"C:\TPTP\TPTP-v9.3.1\Problems\SYO\SYO453^2.p","CounterSatisfiable","0","0.38"
"C:\TPTP\TPTP-v9.3.1\Problems\SYO\SYO453^1.p","CounterSatisfiable","0","0.41"
"C:\TPTP\TPTP-v9.3.1\Problems\SYO\SYO453^4.p","CounterSatisfiable","0","0.37"
"C:\TPTP\TPTP-v9.3.1\Problems\SYO\SYO453^3.p","CounterSatisfiable","0","0.38"
"C:\TPTP\TPTP-v9.3.1\Problems\SYO\SYO302^5.p","GaveUp","0","9.96"
"C:\TPTP\TPTP-v9.3.1\Problems\SYO\SYO312^5.p","Timeout","0","10.05"
"C:\TPTP\TPTP-v9.3.1\Problems\SYO\SYO454^3.p","CounterSatisfiable","0","1.39"
"C:\TPTP\TPTP-v9.3.1\Problems\SYO\SYO454^4.p","CounterSatisfiable","0","1.38"
"C:\TPTP\TPTP-v9.3.1\Problems\SYO\SYO454^2.p","CounterSatisfiable","0","1.42"
"C:\TPTP\TPTP-v9.3.1\Problems\SYO\SYO454^1.p","CounterSatisfiable","0","1.44"
"C:\TPTP\TPTP-v9.3.1\Problems\SYO\SYO313^5.p","Timeout","0","10.09"
"C:\TPTP\TPTP-v9.3.1\Problems\SYO\SYO455^5.p","Theorem","0","0.54"
"C:\TPTP\TPTP-v9.3.1\Problems\SYO\SYO455^6.p","Theorem","0","0.54"
"C:\TPTP\TPTP-v9.3.1\Problems\SYO\SYO455^1.p","CounterSatisfiable","0","1.71"
"C:\TPTP\TPTP-v9.3.1\Problems\SYO\SYO455^2.p","Theorem","0","1.71"
"C:\TPTP\TPTP-v9.3.1\Problems\SYO\SYO455^4.p","Theorem","0","0.59"
"C:\TPTP\TPTP-v9.3.1\Problems\SYO\SYO455^3.p","Theorem","0","1.71"
"C:\TPTP\TPTP-v9.3.1\Problems\SYO\SYO454^6.p","Theorem","0","1.72"
"C:\TPTP\TPTP-v9.3.1\Problems\SYO\SYO317^5.p","Timeout","0","10.07"
"C:\TPTP\TPTP-v9.3.1\Problems\SYO\SYO327^5.p","Timeout","0","10.08"
"C:\TPTP\TPTP-v9.3.1\Problems\SYO\SYO329^5.p","Timeout","0","10.06"
"C:\TPTP\TPTP-v9.3.1\Problems\SYO\SYO457^6.p","Theorem","0","0.7"
"C:\TPTP\TPTP-v9.3.1\Problems\SYO\SYO457^1.p","CounterSatisfiable","0","0.72"
"C:\TPTP\TPTP-v9.3.1\Problems\SYO\SYO458^2.p","Theorem","0","0.09"
"C:\TPTP\TPTP-v9.3.1\Problems\SYO\SYO457^5.p","Theorem","0","0.7"
"C:\TPTP\TPTP-v9.3.1\Problems\SYO\SYO457^4.p","Theorem","0","0.71"
"C:\TPTP\TPTP-v9.3.1\Problems\SYO\SYO456^4.p","Theorem","0","0.72"
"C:\TPTP\TPTP-v9.3.1\Problems\SYO\SYO457^2.p","CounterSatisfiable","0","0.71"
"C:\TPTP\TPTP-v9.3.1\Problems\SYO\SYO457^3.p","Theorem","0","0.71"
"C:\TPTP\TPTP-v9.3.1\Problems\SYO\SYO456^6.p","Theorem","0","0.72"
"C:\TPTP\TPTP-v9.3.1\Problems\SYO\SYO330^5.p","Timeout","0","10.04"
"C:\TPTP\TPTP-v9.3.1\Problems\SYO\SYO458^3.p","Theorem","0","0.06"
"C:\TPTP\TPTP-v9.3.1\Problems\SYO\SYO458^4.p","Theorem","0","0.07"
"C:\TPTP\TPTP-v9.3.1\Problems\SYO\SYO458^5.p","Theorem","0","0.07"
"C:\TPTP\TPTP-v9.3.1\Problems\SYO\SYO458^6.p","Theorem","0","0.1"
"C:\TPTP\TPTP-v9.3.1\Problems\SYO\SYO333^5.p","Timeout","0","10.06"
"C:\TPTP\TPTP-v9.3.1\Problems\SYO\SYO459^6.p","Theorem","0","0.32"
"C:\TPTP\TPTP-v9.3.1\Problems\SYO\SYO459^4.p","Theorem","0","0.33"
"C:\TPTP\TPTP-v9.3.1\Problems\SYO\SYO460^6.p","Theorem","0","0.23"
"C:\TPTP\TPTP-v9.3.1\Problems\SYO\SYO460^5.p","Theorem","0","0.26"
"C:\TPTP\TPTP-v9.3.1\Problems\SYO\SYO460^4.p","Theorem","0","0.27"
"C:\TPTP\TPTP-v9.3.1\Problems\SYO\SYO460^2.p","Theorem","0","0.32"
"C:\TPTP\TPTP-v9.3.1\Problems\SYO\SYO460^3.p","Theorem","0","0.29"
"C:\TPTP\TPTP-v9.3.1\Problems\SYO\SYO459^3.p","CounterSatisfiable","0","0.33"
"C:\TPTP\TPTP-v9.3.1\Problems\SYO\SYO460^1.p","Theorem","0","0.32"
"C:\TPTP\TPTP-v9.3.1\Problems\SYO\SYO335^5.p","Timeout","0","10.08"
"C:\TPTP\TPTP-v9.3.1\Problems\SYO\SYO334^5.p","Timeout","0","10.1"
"C:\TPTP\TPTP-v9.3.1\Problems\SYO\SYO461^1.p","CounterSatisfiable","0","0.07"
"C:\TPTP\TPTP-v9.3.1\Problems\SYO\SYO461^2.p","CounterSatisfiable","0","0.06"
"C:\TPTP\TPTP-v9.3.1\Problems\SYO\SYO461^3.p","CounterSatisfiable","0","0.07"
"C:\TPTP\TPTP-v9.3.1\Problems\SYO\SYO461^4.p","CounterSatisfiable","0","0.08"
"C:\TPTP\TPTP-v9.3.1\Problems\SYO\SYO461^5.p","CounterSatisfiable","0","0.09"
"C:\TPTP\TPTP-v9.3.1\Problems\SYO\SYO461^6.p","CounterSatisfiable","0","0.1"
"C:\TPTP\TPTP-v9.3.1\Problems\SYO\SYO462^2.p","Theorem","0","0.11"
"C:\TPTP\TPTP-v9.3.1\Problems\SYO\SYO462^3.p","Theorem","0","0.12"
"C:\TPTP\TPTP-v9.3.1\Problems\SYO\SYO462^4.p","Theorem","0","0.12"
"C:\TPTP\TPTP-v9.3.1\Problems\SYO\SYO462^5.p","Theorem","0","0.13"
"C:\TPTP\TPTP-v9.3.1\Problems\SYO\SYO462^6.p","Theorem","0","0.14"
"C:\TPTP\TPTP-v9.3.1\Problems\SYO\SYO463^1.p","CounterSatisfiable","0","0.16"
"C:\TPTP\TPTP-v9.3.1\Problems\SYO\SYO463^2.p","CounterSatisfiable","0","0.17"
"C:\TPTP\TPTP-v9.3.1\Problems\SYO\SYO463^3.p","CounterSatisfiable","0","0.16"
"C:\TPTP\TPTP-v9.3.1\Problems\SYO\SYO463^4.p","CounterSatisfiable","0","0.16"
"C:\TPTP\TPTP-v9.3.1\Problems\SYO\SYO463^5.p","Theorem","0","0.14"
"C:\TPTP\TPTP-v9.3.1\Problems\SYO\SYO463^6.p","Theorem","0","0.15"
"C:\TPTP\TPTP-v9.3.1\Problems\SYO\SYO464^1.p","CounterSatisfiable","0","0.14"
"C:\TPTP\TPTP-v9.3.1\Problems\SYO\SYO464^4.p","Theorem","0","0.15"
"C:\TPTP\TPTP-v9.3.1\Problems\SYO\SYO464^2.p","CounterSatisfiable","0","0.17"
"C:\TPTP\TPTP-v9.3.1\Problems\SYO\SYO464^5.p","Theorem","0","0.15"
"C:\TPTP\TPTP-v9.3.1\Problems\SYO\SYO464^3.p","CounterSatisfiable","0","0.17"
"C:\TPTP\TPTP-v9.3.1\Problems\SYO\SYO464^6.p","Theorem","0","0.14"
"C:\TPTP\TPTP-v9.3.1\Problems\SYO\SYO465^1.p","CounterSatisfiable","0","0.16"
"C:\TPTP\TPTP-v9.3.1\Problems\SYO\SYO465^2.p","CounterSatisfiable","0","0.15"
"C:\TPTP\TPTP-v9.3.1\Problems\SYO\SYO465^3.p","CounterSatisfiable","0","0.15"
"C:\TPTP\TPTP-v9.3.1\Problems\SYO\SYO465^4.p","CounterSatisfiable","0","0.18"
"C:\TPTP\TPTP-v9.3.1\Problems\SYO\SYO467^3.p","CounterSatisfiable","0","0.17"
"C:\TPTP\TPTP-v9.3.1\Problems\SYO\SYO467^1.p","CounterSatisfiable","0","0.18"
"C:\TPTP\TPTP-v9.3.1\Problems\SYO\SYO467^2.p","CounterSatisfiable","0","0.17"
"C:\TPTP\TPTP-v9.3.1\Problems\SYO\SYO456^3.p","CounterSatisfiable","0","2.1"
"C:\TPTP\TPTP-v9.3.1\Problems\SYO\SYO467^4.p","CounterSatisfiable","0","0.17"
"C:\TPTP\TPTP-v9.3.1\Problems\SYO\SYO468^1.p","CounterSatisfiable","0","1.44"
"C:\TPTP\TPTP-v9.3.1\Problems\SYO\SYO468^4.p","CounterSatisfiable","0","1.37"
"C:\TPTP\TPTP-v9.3.1\Problems\SYO\SYO469^2.p","CounterSatisfiable","0","1.31"
"C:\TPTP\TPTP-v9.3.1\Problems\SYO\SYO468^5.p","CounterSatisfiable","0","1.32"
"C:\TPTP\TPTP-v9.3.1\Problems\SYO\SYO469^1.p","CounterSatisfiable","0","1.32"
"C:\TPTP\TPTP-v9.3.1\Problems\SYO\SYO468^2.p","CounterSatisfiable","0","1.43"
"C:\TPTP\TPTP-v9.3.1\Problems\SYO\SYO469^3.p","CounterSatisfiable","0","1.31"
"C:\TPTP\TPTP-v9.3.1\Problems\SYO\SYO468^3.p","CounterSatisfiable","0","1.42"
"C:\TPTP\TPTP-v9.3.1\Problems\SYO\SYO468^6.p","Theorem","0","1.32"
"C:\TPTP\TPTP-v9.3.1\Problems\SYO\SYO336^5.p","Timeout","0","10.18"
"C:\TPTP\TPTP-v9.3.1\Problems\SYO\SYO469^5.p","Theorem","0","0.11"
"C:\TPTP\TPTP-v9.3.1\Problems\SYO\SYO469^4.p","CounterSatisfiable","0","0.12"
"C:\TPTP\TPTP-v9.3.1\Problems\SYO\SYO469^6.p","Theorem","0","0.17"
"C:\TPTP\TPTP-v9.3.1\Problems\SYO\SYO470^1.p","CounterSatisfiable","0","0.19"
"C:\TPTP\TPTP-v9.3.1\Problems\SYO\SYO470^2.p","CounterSatisfiable","0","0.2"
"C:\TPTP\TPTP-v9.3.1\Problems\SYO\SYO470^3.p","CounterSatisfiable","0","0.2"
"C:\TPTP\TPTP-v9.3.1\Problems\SYO\SYO337^5.p","Timeout","0","10.11"
"C:\TPTP\TPTP-v9.3.1\Problems\SYO\SYO470^4.p","CounterSatisfiable","0","0.22"
"C:\TPTP\TPTP-v9.3.1\Problems\SYO\SYO470^5.p","CounterSatisfiable","0","0.23"
"C:\TPTP\TPTP-v9.3.1\Problems\SYO\SYO470^6.p","Theorem","0","0.23"
"C:\TPTP\TPTP-v9.3.1\Problems\SYO\SYO471^1.p","CounterSatisfiable","0","0.26"
"C:\TPTP\TPTP-v9.3.1\Problems\SYO\SYO471^2.p","CounterSatisfiable","0","0.17"
"C:\TPTP\TPTP-v9.3.1\Problems\SYO\SYO471^3.p","CounterSatisfiable","0","0.17"
"C:\TPTP\TPTP-v9.3.1\Problems\SYO\SYO471^4.p","CounterSatisfiable","0","0.12"
"C:\TPTP\TPTP-v9.3.1\Problems\SYO\SYO338^5.p","Timeout","0","10.07"
"C:\TPTP\TPTP-v9.3.1\Problems\SYO\SYO471^5.p","CounterSatisfiable","0","0.13"
"C:\TPTP\TPTP-v9.3.1\Problems\SYO\SYO471^6.p","Theorem","0","0.13"
"C:\TPTP\TPTP-v9.3.1\Problems\SYO\SYO472^1.p","CounterSatisfiable","0","0.14"
"C:\TPTP\TPTP-v9.3.1\Problems\SYO\SYO472^3.p","CounterSatisfiable","0","0.15"
"C:\TPTP\TPTP-v9.3.1\Problems\SYO\SYO472^2.p","CounterSatisfiable","0","0.17"
"C:\TPTP\TPTP-v9.3.1\Problems\SYO\SYO473^1.p","CounterSatisfiable","0","0.22"
"C:\TPTP\TPTP-v9.3.1\Problems\SYO\SYO473^3.p","CounterSatisfiable","0","0.2"
"C:\TPTP\TPTP-v9.3.1\Problems\SYO\SYO473^2.p","CounterSatisfiable","0","0.22"
"C:\TPTP\TPTP-v9.3.1\Problems\SYO\SYO472^6.p","CounterSatisfiable","0","0.23"
"C:\TPTP\TPTP-v9.3.1\Problems\SYO\SYO473^4.p","CounterSatisfiable","0","0.2"
"C:\TPTP\TPTP-v9.3.1\Problems\SYO\SYO472^4.p","CounterSatisfiable","0","0.63"
"C:\TPTP\TPTP-v9.3.1\Problems\SYO\SYO474^1.p","CounterSatisfiable","0","0.66"
"C:\TPTP\TPTP-v9.3.1\Problems\SYO\SYO474^4.p","CounterSatisfiable","0","0.51"
"C:\TPTP\TPTP-v9.3.1\Problems\SYO\SYO474^2.p","CounterSatisfiable","0","0.63"
"C:\TPTP\TPTP-v9.3.1\Problems\SYO\SYO474^3.p","CounterSatisfiable","0","0.62"
"C:\TPTP\TPTP-v9.3.1\Problems\SYO\SYO472^5.p","CounterSatisfiable","0","0.74"
"C:\TPTP\TPTP-v9.3.1\Problems\SYO\SYO474^6.p","Theorem","0","1.03"
"C:\TPTP\TPTP-v9.3.1\Problems\SYO\SYO476^6.p","Theorem","0","1.02"
"C:\TPTP\TPTP-v9.3.1\Problems\SYO\SYO475^6.p","Theorem","0","1.02"
"C:\TPTP\TPTP-v9.3.1\Problems\SYO\SYO383^5.p","Timeout","0","10.07"
"C:\TPTP\TPTP-v9.3.1\Problems\SYO\SYO478^6.p","Theorem","0","0.55"
"C:\TPTP\TPTP-v9.3.1\Problems\SYO\SYO385^5.p","Timeout","0","10.06"
"C:\TPTP\TPTP-v9.3.1\Problems\SYO\SYO480^6.p","Theorem","0","0.51"
"C:\TPTP\TPTP-v9.3.1\Problems\SYO\SYO482^6.p","Theorem","0","0.49"
"C:\TPTP\TPTP-v9.3.1\Problems\SYO\SYO481^6.p","Theorem","0","0.5"
"C:\TPTP\TPTP-v9.3.1\Problems\SYO\SYO386^5.p","Timeout","0","10.06"
"C:\TPTP\TPTP-v9.3.1\Problems\SYO\SYO483^6.p","Theorem","0","0.07"
"C:\TPTP\TPTP-v9.3.1\Problems\SYO\SYO484^6.p","CounterSatisfiable","0","0.08"
"C:\TPTP\TPTP-v9.3.1\Problems\SYO\SYO485^6.p","Theorem","0","0.1"
"C:\TPTP\TPTP-v9.3.1\Problems\SYO\SYO387^5.p","Timeout","0","10.07"
"C:\TPTP\TPTP-v9.3.1\Problems\SYO\SYO486^6.p","CounterSatisfiable","0","0.11"
"C:\TPTP\TPTP-v9.3.1\Problems\SYO\SYO488^6.p","Theorem","0","0.1"
"C:\TPTP\TPTP-v9.3.1\Problems\SYO\SYO489^6.p","CounterSatisfiable","0","0.11"
"C:\TPTP\TPTP-v9.3.1\Problems\SYO\SYO490^6.p","CounterSatisfiable","0","0.12"
"C:\TPTP\TPTP-v9.3.1\Problems\SYO\SYO487^6.p","Theorem","0","0.16"
"C:\TPTP\TPTP-v9.3.1\Problems\SYO\SYO492^6.p","CounterSatisfiable","0","0.15"
"C:\TPTP\TPTP-v9.3.1\Problems\SYO\SYO491^6.p","CounterSatisfiable","0","0.16"
"C:\TPTP\TPTP-v9.3.1\Problems\SYO\SYO493^6.p","CounterSatisfiable","0","0.16"
"C:\TPTP\TPTP-v9.3.1\Problems\SYO\SYO494^6.p","CounterSatisfiable","0","0.13"
"C:\TPTP\TPTP-v9.3.1\Problems\SYO\SYO495^6.p","Theorem","0","0.13"
"C:\TPTP\TPTP-v9.3.1\Problems\SYO\SYO496^6.p","CounterSatisfiable","0","0.13"
"C:\TPTP\TPTP-v9.3.1\Problems\SYO\SYO497^6.p","Theorem","0","0.14"
"C:\TPTP\TPTP-v9.3.1\Problems\SYO\SYO499^1.p","Theorem","0","0.1"
"C:\TPTP\TPTP-v9.3.1\Problems\SYO\SYO500^1.002.p","Theorem","0","0.1"
"C:\TPTP\TPTP-v9.3.1\Problems\SYO\SYO498^6.p","CounterSatisfiable","0","0.15"
"C:\TPTP\TPTP-v9.3.1\Problems\SYO\SYO500^1.003.p","Theorem","0","0.1"
"C:\TPTP\TPTP-v9.3.1\Problems\SYO\SYO500^1.004.p","Theorem","0","0.09"
"C:\TPTP\TPTP-v9.3.1\Problems\SYO\SYO500^1.005.p","Theorem","0","0.1"
"C:\TPTP\TPTP-v9.3.1\Problems\SYO\SYO500^1.006.p","Theorem","0","0.1"
"C:\TPTP\TPTP-v9.3.1\Problems\SYO\SYO500^1.007.p","Theorem","0","0.1"
"C:\TPTP\TPTP-v9.3.1\Problems\SYO\SYO500^1.008.p","Theorem","0","0.11"
"C:\TPTP\TPTP-v9.3.1\Problems\SYO\SYO500^1.p","Theorem","0","0.11"
"C:\TPTP\TPTP-v9.3.1\Problems\SYO\SYO501^1.p","Theorem","0","0.11"
"C:\TPTP\TPTP-v9.3.1\Problems\SYO\SYO502^1.p","Theorem","0","0.11"
"C:\TPTP\TPTP-v9.3.1\Problems\SYO\SYO503^1.p","Theorem","0","0.11"
"C:\TPTP\TPTP-v9.3.1\Problems\SYO\SYO504^1.p","Theorem","0","0.12"
"C:\TPTP\TPTP-v9.3.1\Problems\SYO\SYO505^1.p","Theorem","0","0.13"
"C:\TPTP\TPTP-v9.3.1\Problems\SYO\SYO506^1.p","Theorem","0","0.13"
"C:\TPTP\TPTP-v9.3.1\Problems\SYO\SYO507^1.p","Theorem","0","0.12"
"C:\TPTP\TPTP-v9.3.1\Problems\SYO\SYO509^1.p","GaveUp","0","0.12"
"C:\TPTP\TPTP-v9.3.1\Problems\SYO\SYO511^1.p","GaveUp","0","0.13"
"C:\TPTP\TPTP-v9.3.1\Problems\SYO\SYO512^1.p","Theorem","0","0.13"
"C:\TPTP\TPTP-v9.3.1\Problems\SYO\SYO513^1.p","GaveUp","0","0.14"
"C:\TPTP\TPTP-v9.3.1\Problems\SYO\SYO514^1.p","GaveUp","0","0.13"
"C:\TPTP\TPTP-v9.3.1\Problems\SYO\SYO515^1.p","Theorem","0","0.15"
"C:\TPTP\TPTP-v9.3.1\Problems\SYO\SYO517^1.p","GaveUp","0","0.16"
"C:\TPTP\TPTP-v9.3.1\Problems\SYO\SYO518^1.p","GaveUp","0","0.15"
"C:\TPTP\TPTP-v9.3.1\Problems\SYO\SYO520^1.p","Unsatisfiable","0","0.15"
"C:\TPTP\TPTP-v9.3.1\Problems\SYO\SYO526^1.p","Theorem","0","0.15"
"C:\TPTP\TPTP-v9.3.1\Problems\SYO\SYO527^1.p","GaveUp","0","0.14"
"C:\TPTP\TPTP-v9.3.1\Problems\SYO\SYO529^1.p","Unsatisfiable","0","0.35"
"C:\TPTP\TPTP-v9.3.1\Problems\SYO\SYO528^1.p","GaveUp","0","0.36"
"C:\TPTP\TPTP-v9.3.1\Problems\SYO\SYO530^1.p","Theorem","0","1.19"
"C:\TPTP\TPTP-v9.3.1\Problems\SYO\SYO533^1.p","GaveUp","0","1.73"
"C:\TPTP\TPTP-v9.3.1\Problems\SYO\SYO532^1.p","GaveUp","0","1.75"
"C:\TPTP\TPTP-v9.3.1\Problems\SYO\SYO388^5.p","Timeout","0","10.08"
"C:\TPTP\TPTP-v9.3.1\Problems\SYO\SYO391^5.p","Timeout","0","10.08"
"C:\TPTP\TPTP-v9.3.1\Problems\SYO\SYO537^1.p","GaveUp","0","2.64"
"C:\TPTP\TPTP-v9.3.1\Problems\SYO\SYO543^1.p","Theorem","0","0.93"
"C:\TPTP\TPTP-v9.3.1\Problems\SYO\SYO540^1.p","Theorem","0","1.56"
"C:\TPTP\TPTP-v9.3.1\Problems\SYO\SYO536^1.p","GaveUp","0","2.66"
"C:\TPTP\TPTP-v9.3.1\Problems\SYO\SYO538^1.p","GaveUp","0","2.39"
"C:\TPTP\TPTP-v9.3.1\Problems\SYO\SYO539^1.p","Theorem","0","2.39"
"C:\TPTP\TPTP-v9.3.1\Problems\SYO\SYO542^1.p","Theorem","0","0.94"
"C:\TPTP\TPTP-v9.3.1\Problems\SYO\SYO541^1.p","GaveUp","0","0.94"
"C:\TPTP\TPTP-v9.3.1\Problems\SYO\SYO450^2.p","Timeout","0","10.14"
"C:\TPTP\TPTP-v9.3.1\Problems\SYO\SYO552^1.p","GaveUp","0","0.25"
"C:\TPTP\TPTP-v9.3.1\Problems\SYO\SYO553^1.p","GaveUp","0","0.25"
"C:\TPTP\TPTP-v9.3.1\Problems\SYO\SYO551^1.p","GaveUp","0","0.26"
"C:\TPTP\TPTP-v9.3.1\Problems\SYO\SYO548^1.p","GaveUp","0","0.26"
"C:\TPTP\TPTP-v9.3.1\Problems\SYO\SYO549^1.p","Theorem","0","0.26"
"C:\TPTP\TPTP-v9.3.1\Problems\SYO\SYO546^1.p","Theorem","0","0.27"
"C:\TPTP\TPTP-v9.3.1\Problems\SYO\SYO545^1.p","Theorem","0","0.27"
"C:\TPTP\TPTP-v9.3.1\Problems\SYO\SYO550^1.p","GaveUp","0","0.26"
"C:\TPTP\TPTP-v9.3.1\Problems\SYO\SYO547^1.p","Theorem","0","0.27"
"C:\TPTP\TPTP-v9.3.1\Problems\SYO\SYO452^6.p","Timeout","0","10.27"
"C:\TPTP\TPTP-v9.3.1\Problems\SYO\SYO453^5.p","Timeout","0","10.23"
"C:\TPTP\TPTP-v9.3.1\Problems\SYO\SYO453^6.p","Timeout","0","10.16"
"C:\TPTP\TPTP-v9.3.1\Problems\SYO\SYO554^1.p","Unsatisfiable","0","0.12"
"C:\TPTP\TPTP-v9.3.1\Problems\SYO\SYO452^5.p","Timeout","0","10.36"
"C:\TPTP\TPTP-v9.3.1\Problems\SYO\SYO556^1.p","Theorem","0","0.15"
"C:\TPTP\TPTP-v9.3.1\Problems\SYO\SYO557^1.p","Theorem","0","0.15"
"C:\TPTP\TPTP-v9.3.1\Problems\SYO\SYO559^1.p","GaveUp","0","0.18"
"C:\TPTP\TPTP-v9.3.1\Problems\SYO\SYO558^1.p","GaveUp","0","0.2"
"C:\TPTP\TPTP-v9.3.1\Problems\SYO\SYO560^1.p","GaveUp","0","0.2"
"C:\TPTP\TPTP-v9.3.1\Problems\SYO\SYO566^7.p","Theorem","0","0.19"
"C:\TPTP\TPTP-v9.3.1\Problems\SYO\SYO568^7.p","Theorem","0","0.17"
"C:\TPTP\TPTP-v9.3.1\Problems\SYO\SYO454^5.p","Timeout","0","10.04"
"C:\TPTP\TPTP-v9.3.1\Problems\SYO\SYO570^7.p","Theorem","0","0.16"
"C:\TPTP\TPTP-v9.3.1\Problems\SYO\SYO571^7.p","CounterSatisfiable","0","0.17"
"C:\TPTP\TPTP-v9.3.1\Problems\SYO\SYO572^7.p","Theorem","0","0.16"
"C:\TPTP\TPTP-v9.3.1\Problems\SYO\SYO574^7.p","Theorem","0","0.14"
"C:\TPTP\TPTP-v9.3.1\Problems\SYO\SYO576^7.p","Theorem","0","0.15"
"C:\TPTP\TPTP-v9.3.1\Problems\SYO\SYO575^7.p","CounterSatisfiable","0","0.28"
"C:\TPTP\TPTP-v9.3.1\Problems\SYO\SYO577^7.p","CounterSatisfiable","0","0.55"
"C:\TPTP\TPTP-v9.3.1\Problems\SYO\SYO567^7.p","CounterSatisfiable","0","0.94"
"C:\TPTP\TPTP-v9.3.1\Problems\SYO\SYO456^1.p","Timeout","0","10.08"
"C:\TPTP\TPTP-v9.3.1\Problems\SYO\SYO456^2.p","Timeout","0","10.09"
"C:\TPTP\TPTP-v9.3.1\Problems\SYO\SYO534^1.p","Theorem","0","5.15"
"C:\TPTP\TPTP-v9.3.1\Problems\SYO\SYO565^7.p","CounterSatisfiable","0","2.36"
"C:\TPTP\TPTP-v9.3.1\Problems\SYO\SYO459^1.p","Timeout","0","10.11"
"C:\TPTP\TPTP-v9.3.1\Problems\SYO\SYO459^2.p","Timeout","0","10.14"
"C:\TPTP\TPTP-v9.3.1\Problems\SYO\SYO465^6.p","Timeout","0","10.18"
"C:\TPTP\TPTP-v9.3.1\Problems\SYO\SYO465^5.p","Timeout","0","10.22"
"C:\TPTP\TPTP-v9.3.1\Problems\SYO\SYO467^6.p","Timeout","0","10.15"
"C:\TPTP\TPTP-v9.3.1\Problems\SYO\SYO467^5.p","Timeout","0","10.21"
"C:\TPTP\TPTP-v9.3.1\Problems\SYO\SYO473^5.p","Timeout","0","10.14"
"C:\TPTP\TPTP-v9.3.1\Problems\SYO\SYO473^6.p","Timeout","0","10.18"
"C:\TPTP\TPTP-v9.3.1\Problems\SYO\SYO474^5.p","Timeout","0","10.07"
"C:\TPTP\TPTP-v9.3.1\Problems\SYO\SYO477^6.p","Timeout","0","10.06"
"C:\TPTP\TPTP-v9.3.1\Problems\SYO\SYO479^6.p","Timeout","0","10.07"
"C:\TPTP\TPTP-v9.3.1\Problems\SYO\SYO516^1.p","Timeout","0","10.13"
"C:\TPTP\TPTP-v9.3.1\Problems\SYO\SYO531^1.p","Timeout","0","10.12"
"C:\TPTP\TPTP-v9.3.1\Problems\SYO\SYO535^1.p","Timeout","0","10.11"
"C:\TPTP\TPTP-v9.3.1\Problems\SYO\SYO868^1.p","Theorem","0","0.3"
"C:\TPTP\TPTP-v9.3.1\Problems\SYO\SYO544^1.p","Timeout","0","10.05"
"C:\TPTP\TPTP-v9.3.1\Problems\SYO\SYO555^1.p","Timeout","0","10.14"
"C:\TPTP\TPTP-v9.3.1\Problems\SYO\SYO569^7.p","Timeout","0","10.16"
"C:\TPTP\TPTP-v9.3.1\Problems\SYO\SYO573^7.p","Timeout","0","10.16"
"C:\TPTP\TPTP-v9.3.1\Problems\SYO\SYO843^1.p","Timeout","0","10.11"
"C:\TPTP\TPTP-v9.3.1\Problems\SYO\SYO842^1.p","Timeout","0","10.15"
"C:\TPTP\TPTP-v9.3.1\Problems\SYO\SYO845^1.p","Timeout","0","10.11"
"C:\TPTP\TPTP-v9.3.1\Problems\SYO\SYO847^1.p","Timeout","0","10.14"
"C:\TPTP\TPTP-v9.3.1\Problems\SYO\SYO844^1.p","Timeout","0","10.22"
"C:\TPTP\TPTP-v9.3.1\Problems\SYO\SYO848^1.p","Timeout","0","10.17"
"C:\TPTP\TPTP-v9.3.1\Problems\SYO\SYO846^1.p","Timeout","0","10.23"
"C:\TPTP\TPTP-v9.3.1\Problems\SYO\SYO849^1.p","Timeout","0","10.13"
"C:\TPTP\TPTP-v9.3.1\Problems\SYO\SYO882^1.p","GaveUp","0","0.1"
"C:\TPTP\TPTP-v9.3.1\Problems\SYO\SYO883^1.p","GaveUp","0","0.09"
"C:\TPTP\TPTP-v9.3.1\Problems\SYO\SYO850^1.p","Timeout","0","10.21"
"C:\TPTP\TPTP-v9.3.1\Problems\SYO\SYO884^1.p","GaveUp","0","0.1"
"C:\TPTP\TPTP-v9.3.1\Problems\SYO\SYO885^1.010.010.p","GaveUp","0","0.12"
"C:\TPTP\TPTP-v9.3.1\Problems\SYO\SYO885^1.010.030.p","GaveUp","0","0.12"
"C:\TPTP\TPTP-v9.3.1\Problems\SYO\SYO851^1.p","Timeout","0","10.14"
"C:\TPTP\TPTP-v9.3.1\Problems\SYO\SYO885^1.033.003.p","GaveUp","0","0.08"
"C:\TPTP\TPTP-v9.3.1\Problems\SYO\SYO886^10.p","Theorem","0","0.08"
"C:\TPTP\TPTP-v9.3.1\Problems\SYO\SYO885^1.055.005.p","GaveUp","0","0.14"
"C:\TPTP\TPTP-v9.3.1\Problems\SYO\SYO885^1.330.100.p","GaveUp","0","0.13"
"C:\TPTP\TPTP-v9.3.1\Problems\SYO\SYO886^6.p","Theorem","0","0.08"
"C:\TPTP\TPTP-v9.3.1\Problems\SYO\SYO886^8.p","Theorem","0","0.12"
"C:\TPTP\TPTP-v9.3.1\Problems\SYO\SYO886^7.p","CounterSatisfiable","0","0.17"
"C:\TPTP\TPTP-v9.3.1\Problems\SYO\SYO887^22.p","Theorem","0","0.08"
"C:\TPTP\TPTP-v9.3.1\Problems\SYO\SYO852^1.p","Timeout","0","10.09"
"C:\TPTP\TPTP-v9.3.1\Problems\SYO\SYO853^1.p","Timeout","0","10.09"
"C:\TPTP\TPTP-v9.3.1\Problems\SYO\SYO888^10.p","Theorem","0","0.1"
"C:\TPTP\TPTP-v9.3.1\Problems\SYO\SYO889^16.p","Theorem","0","0.09"
"C:\TPTP\TPTP-v9.3.1\Problems\SYO\SYO890^16.p","Theorem","0","0.09"
"C:\TPTP\TPTP-v9.3.1\Problems\SYO\SYO891^16.p","Theorem","0","0.1"
"C:\TPTP\TPTP-v9.3.1\Problems\SYO\SYO892^15.p","Theorem","0","0.08"
"C:\TPTP\TPTP-v9.3.1\Problems\SYO\SYO893^11.p","Theorem","0","0.09"
"C:\TPTP\TPTP-v9.3.1\Problems\SYO\SYO894^8.p","Theorem","0","0.09"
"C:\TPTP\TPTP-v9.3.1\Problems\SYO\SYO895^9.p","Theorem","0","0.1"
"C:\TPTP\TPTP-v9.3.1\Problems\SYO\SYO896^7.p","Theorem","0","0.15"
"C:\TPTP\TPTP-v9.3.1\Problems\SYO\SYO897^6.p","Theorem","0","0.11"
"C:\TPTP\TPTP-v9.3.1\Problems\SYO\SYO898^9.p","Theorem","0","0.11"
"C:\TPTP\TPTP-v9.3.1\Problems\SYO\SYO899^8.p","Theorem","0","0.08"
"C:\TPTP\TPTP-v9.3.1\Problems\SYO\SYO900^11.p","Theorem","0","0.1"
"C:\TPTP\TPTP-v9.3.1\Problems\SYO\SYO901^11.p","Theorem","0","0.09"
"C:\TPTP\TPTP-v9.3.1\Problems\SYO\SYO902^8.p","Theorem","0","0.11"
"C:\TPTP\TPTP-v9.3.1\Problems\SYO\SYO903^10.p","Theorem","0","0.12"
"C:\TPTP\TPTP-v9.3.1\Problems\SYO\SYO907^15.p","CounterSatisfiable","0","0.08"
"C:\TPTP\TPTP-v9.3.1\Problems\SYO\SYO906^7.p","CounterSatisfiable","0","0.13"
"C:\TPTP\TPTP-v9.3.1\Problems\SYO\SYO854^1.p","Timeout","0","10.1"
"C:\TPTP\TPTP-v9.3.1\Problems\SYO\SYO909^8.p","CounterSatisfiable","0","0.09"
"C:\TPTP\TPTP-v9.3.1\Problems\SYO\SYO910^13.p","CounterSatisfiable","0","0.15"
"C:\TPTP\TPTP-v9.3.1\Problems\SYO\SYO911^15.p","CounterSatisfiable","0","0.16"
"C:\TPTP\TPTP-v9.3.1\Problems\SYO\SYO912^9.p","CounterSatisfiable","0","0.11"
"C:\TPTP\TPTP-v9.3.1\Problems\SYO\SYO855^1.p","Timeout","0","10.15"
"C:\TPTP\TPTP-v9.3.1\Problems\SYO\SYO913^15.p","CounterSatisfiable","0","0.09"
"C:\TPTP\TPTP-v9.3.1\Problems\SYO\SYO926^1.p","GaveUp","0","0.07"
"C:\TPTP\TPTP-v9.3.1\Problems\SYO\SYO914^12.p","CounterSatisfiable","0","0.15"
"C:\TPTP\TPTP-v9.3.1\Problems\SYO\SYO927^1.p","GaveUp","0","0.07"
"C:\TPTP\TPTP-v9.3.1\Problems\SYO\SYO928^1.p","Theorem","0","0.1"
"C:\TPTP\TPTP-v9.3.1\Problems\SYO\SYO856^1.p","Timeout","0","10.12"
"C:\TPTP\TPTP-v9.3.1\Problems\SYO\SYO857^1.p","Timeout","0","10.1"
"C:\TPTP\TPTP-v9.3.1\Problems\SYO\SYO929^1.p","GaveUp","0","0.11"
"C:\TPTP\TPTP-v9.3.1\Problems\SYO\SYO930^1.p","GaveUp","0","0.11"
"C:\TPTP\TPTP-v9.3.1\Problems\SYO\SYO931^1.p","GaveUp","0","0.1"
"C:\TPTP\TPTP-v9.3.1\Problems\SYO\SYO932^8.p","Theorem","0","0.08"
"C:\TPTP\TPTP-v9.3.1\Problems\SYO\SYO932^10.p","Theorem","0","0.09"
"C:\TPTP\TPTP-v9.3.1\Problems\SYO\SYO998^1.p","GaveUp","0","0.08"
"C:\TPTP\TPTP-v9.3.1\Problems\SYO\SYO997^1.p","GaveUp","0","0.1"
"C:\TPTP\TPTP-v9.3.1\Problems\SYO\SYO999^1.p","GaveUp","0","0.09"
"C:\TPTP\TPTP-v9.3.1\Problems\SYP\SYP000^1.p","GaveUp","0","0.07"
"C:\TPTP\TPTP-v9.3.1\Problems\SYP\SYP001^1.p","GaveUp","0","0.09"
"C:\TPTP\TPTP-v9.3.1\Problems\SYP\SYP002^1.p","GaveUp","0","0.1"
"C:\TPTP\TPTP-v9.3.1\Problems\SYP\SYP003^1.p","GaveUp","0","0.09"
"C:\TPTP\TPTP-v9.3.1\Problems\SYP\SYP004^1.p","GaveUp","0","0.07"
"C:\TPTP\TPTP-v9.3.1\Problems\SYP\SYP005^1.p","GaveUp","0","0.09"
"C:\TPTP\TPTP-v9.3.1\Problems\SYP\SYP006^1.p","GaveUp","0","0.08"
"C:\TPTP\TPTP-v9.3.1\Problems\SYP\SYP007^1.p","GaveUp","0","0.09"
"C:\TPTP\TPTP-v9.3.1\Problems\SYP\SYP117^1.p","Theorem","0","0.06"
"C:\TPTP\TPTP-v9.3.1\Problems\SYP\SYP118^1.p","Theorem","0","0.07"
"C:\TPTP\TPTP-v9.3.1\Problems\SYO\SYO858^1.p","Timeout","0","10.09"
"C:\TPTP\TPTP-v9.3.1\Problems\SYO\SYO860^1.p","Timeout","0","10.07"
"C:\TPTP\TPTP-v9.3.1\Problems\SYP\SYP119^1.p","Theorem","0","0.08"
"C:\TPTP\TPTP-v9.3.1\Problems\SYO\SYO859^1.p","Timeout","0","10.12"
"C:\TPTP\TPTP-v9.3.1\Problems\SYO\SYO861^1.p","Timeout","0","10.15"
"C:\TPTP\TPTP-v9.3.1\Problems\SYO\SYO863^1.p","Timeout","0","10.14"
"C:\TPTP\TPTP-v9.3.1\Problems\SYO\SYO862^1.p","Timeout","0","10.18"
"C:\TPTP\TPTP-v9.3.1\Problems\SYO\SYO864^1.p","Timeout","0","10.12"
"C:\TPTP\TPTP-v9.3.1\Problems\SYO\SYO865^1.p","Timeout","0","10.1"
"C:\TPTP\TPTP-v9.3.1\Problems\SYO\SYO866^1.p","Timeout","0","10.09"
"C:\TPTP\TPTP-v9.3.1\Problems\SYO\SYO908^13.p","CounterSatisfiable","0","4.45"
"C:\TPTP\TPTP-v9.3.1\Problems\SYO\SYO867^1.p","Timeout","0","10.12"
"C:\TPTP\TPTP-v9.3.1\Problems\SYO\SYO869^1.p","Timeout","0","10.08"
"C:\TPTP\TPTP-v9.3.1\Problems\SYO\SYO870^1.p","Timeout","0","10.08"
"C:\TPTP\TPTP-v9.3.1\Problems\SYO\SYO871^1.p","Timeout","0","10.06"
"C:\TPTP\TPTP-v9.3.1\Problems\SYO\SYO872^1.p","Timeout","0","10.11"
"C:\TPTP\TPTP-v9.3.1\Problems\SYO\SYO873^1.p","Timeout","0","10.08"
"C:\TPTP\TPTP-v9.3.1\Problems\SYO\SYO874^1.p","Timeout","0","10.09"
"C:\TPTP\TPTP-v9.3.1\Problems\SYO\SYO875^1.p","Timeout","0","10.1"
"C:\TPTP\TPTP-v9.3.1\Problems\SYO\SYO876^1.p","Timeout","0","10.07"
"C:\TPTP\TPTP-v9.3.1\Problems\SYO\SYO877^1.p","Timeout","0","10.06"
"C:\TPTP\TPTP-v9.3.1\Problems\SYO\SYO878^1.p","Timeout","0","10.08"
"C:\TPTP\TPTP-v9.3.1\Problems\SYO\SYO879^1.p","Timeout","0","10.16"
"C:\TPTP\TPTP-v9.3.1\Problems\SYO\SYO881^1.p","Timeout","0","10.16"
"C:\TPTP\TPTP-v9.3.1\Problems\SYO\SYO880^1.p","Timeout","0","10.19"
"C:\TPTP\TPTP-v9.3.1\Problems\SYO\SYO886^9.p","Timeout","0","10.08"
"C:\TPTP\TPTP-v9.3.1\Problems\SYO\SYO904^12.p","Timeout","0","10.06"
"C:\TPTP\TPTP-v9.3.1\Problems\SYO\SYO905^6.p","Timeout","0","10.09"
"C:\TPTP\TPTP-v9.3.1\Problems\SYO\SYO915^14.p","Timeout","0","10.08"
"C:\TPTP\TPTP-v9.3.1\Problems\SYO\SYO932^9.p","Timeout","0","10.08"
